team,conference,record,fbs_record,rating,resume_score,efficiency_score,power_score,avg_team_postgame_elo,fbs_win_pct,fbs_avg_margin,fbs_avg_opponent_pregame_elo,avg_cover_margin,offense_ppa,defense_ppa_allowed,wepa_total,wepa_allowed_total,talent,ap_latest_rank,cfp_latest_rank
Indiana,Big Ten,16-0,15-0,86.05,97.2,76.87,83.74,2094.31,1.0,27.067,1701.0,12.771,0.342294,0.014359,0.328115,0.025386,645.34,1,1
Ohio State,Big Ten,12-2,11-2,84.13,82.62,80.64,89.96,2091.86,0.8462,20.615,1686.385,3.679,0.327146,-0.013623,0.289073,0.012084,973.69,3,2
Notre Dame,FBS Independents,10-2,10-2,82.22,77.22,77.71,93.3,2187.08,0.8333,24.417,1549.333,4.5,0.332613,0.023058,0.297044,0.028467,912.11,9,11
Oregon,Big Ten,13-2,12-2,82.14,85.01,73.9,88.42,2040.87,0.8571,17.143,1754.143,3.439,0.302712,0.040779,0.290032,0.030482,941.22,5,5
Georgia,SEC,12-2,11-2,75.96,78.5,62.69,88.47,2042.36,0.8462,13.923,1700.923,-0.464,0.244787,0.093092,0.242827,0.090692,1002.98,2,3
Texas Tech,Big 12,12-2,11-2,75.65,80.06,76.11,69.98,1858.14,0.8462,25.154,1551.077,7.804,0.245954,-0.065167,0.213377,-0.033832,757.49,4,4
Ole Miss,SEC,13-2,12-2,75.21,80.4,65.69,80.25,1968.33,0.8571,13.5,1674.786,4.361,0.307296,0.109891,0.302776,0.12937,813.11,6,6
Miami,ACC,13-3,12-3,75.16,81.55,65.63,78.83,1888.06,0.8,14.4,1734.2,4.719,0.222531,0.033815,0.227684,0.010636,874.57,10,10
Alabama,SEC,11-4,10-4,72.47,73.22,61.58,84.28,1937.13,0.7143,7.071,1752.429,-0.656,0.207814,0.071133,0.235922,0.069859,993.55,11,9
Utah,Big 12,11-2,10-2,72.42,79.76,69.87,66.84,1805.62,0.8333,19.75,1584.917,8.551,0.346616,0.067535,0.315556,0.088847,707.86,15,15
Vanderbilt,SEC,10-3,9-3,72.03,80.49,68.89,65.83,1739.0,0.75,13.417,1707.083,9.064,0.412763,0.190992,0.377209,0.189388,685.42,13,14
USC,Big Ten,9-4,9-4,71.53,70.31,66.66,78.65,1887.77,0.6923,12.769,1639.538,1.827,0.344159,0.148791,0.314139,0.130092,847.53,16,16
Texas A&M,SEC,11-2,10-2,70.14,77.27,58.79,75.06,1817.08,0.8333,9.833,1717.167,-0.59,0.233098,0.117666,0.255671,0.122168,917.29,7,7
Texas,SEC,10-3,10-3,70.04,71.09,57.83,83.06,1913.31,0.7692,10.154,1654.077,-1.66,0.178628,0.098275,0.189303,0.082481,973.54,14,13
Oklahoma,SEC,10-3,9-3,67.6,73.15,58.93,71.22,1765.23,0.75,9.0,1695.417,0.372,0.106763,-0.015765,0.118455,0.001253,882.59,8,8
Iowa,Big Ten,9-4,8-4,67.3,74.23,57.63,70.5,1824.08,0.6667,12.083,1690.75,6.308,0.153101,0.054506,0.142957,0.043273,710.0,17,23
Washington,Big Ten,9-4,8-4,67.29,69.85,68.66,62.71,1709.31,0.6667,11.667,1601.667,6.506,0.290008,0.057432,0.239546,0.063155,720.56,24,23
BYU,Big 12,12-2,11-2,66.78,75.56,61.77,62.37,1719.14,0.8462,7.923,1608.538,5.685,0.220409,0.063301,0.22023,0.070515,649.36,12,12
James Madison,Sun Belt,12-2,11-2,66.31,73.33,66.88,57.46,1763.36,0.8462,17.462,1474.231,7.339,0.225287,0.001796,0.202371,0.040173,459.53,19,24
Penn State,Big Ten,7-6,6-6,66.22,58.36,59.21,83.55,2008.15,0.5,7.5,1647.667,-2.84,0.227899,0.10487,0.229644,0.109177,910.42,7,
Tennessee,SEC,8-5,7-5,65.12,61.18,63.14,72.01,1817.31,0.5833,7.25,1619.583,-1.256,0.316398,0.146071,0.271848,0.147137,866.57,18,19
Missouri,SEC,8-5,7-5,64.84,63.7,63.81,67.36,1747.46,0.5833,7.667,1634.0,1.526,0.210783,0.025608,0.178373,0.049112,804.77,25,22
SMU,ACC,9-4,8-4,64.59,63.05,66.16,64.56,1751.85,0.6667,10.25,1538.083,1.179,0.248607,0.032548,0.248163,0.066743,766.67,25,21
Michigan,Big Ten,9-4,9-4,64.35,63.35,56.26,74.96,1813.15,0.6923,7.154,1588.385,-2.308,0.198473,0.112932,0.215374,0.110693,907.22,18,18
North Texas,American Athletic,12-2,11-2,62.71,69.51,65.71,51.27,1628.71,0.8462,16.077,1411.615,6.89,0.351419,0.161551,0.320689,0.197734,569.15,23,25
South Florida,American Athletic,9-4,8-4,62.28,65.98,64.49,55.38,1641.15,0.6667,14.417,1485.917,7.885,0.297714,0.080099,0.255513,0.109987,666.89,25,24
Louisville,ACC,9-4,8-4,60.75,61.48,58.31,62.76,1725.85,0.6667,6.667,1571.583,-2.064,0.152607,0.059925,0.166062,0.085136,700.77,19,20
TCU,Big 12,9-4,8-4,59.76,62.64,54.25,62.82,1693.08,0.6667,4.083,1607.833,-1.577,0.197024,0.141022,0.186519,0.106058,745.01,24,
Old Dominion,Sun Belt,10-3,9-3,59.4,63.49,67.15,45.6,1547.54,0.75,10.583,1432.083,4.814,0.236495,0.018271,0.178612,0.045763,477.45,,
Virginia,ACC,11-3,10-3,59.13,66.73,57.14,52.59,1578.07,0.7692,9.077,1492.077,4.935,0.173465,0.06366,0.144031,0.076923,666.74,20,19
Arizona,Big 12,9-4,8-4,58.67,66.69,57.04,51.2,1537.31,0.6667,9.5,1550.417,6.692,0.167143,0.06948,0.157261,0.083516,651.62,21,17
Auburn,SEC,5-7,4-7,58.39,54.37,56.02,65.85,1668.92,0.3636,2.545,1678.545,-0.021,0.172707,0.059921,0.162361,0.050958,891.84,22,
Clemson,ACC,7-6,6-6,58.0,54.93,53.07,67.34,1711.23,0.5,4.333,1610.333,-3.66,0.177768,0.094616,0.171562,0.111049,918.43,12,
Pittsburgh,ACC,8-5,7-5,57.83,61.0,56.19,56.04,1603.15,0.5833,5.333,1577.333,3.006,0.173462,0.06996,0.155385,0.079739,681.21,24,22
LSU,SEC,7-6,6-6,57.63,56.71,48.14,69.76,1720.23,0.5,-0.583,1688.75,-4.224,0.086979,0.08393,0.083249,0.06345,920.05,20,
Iowa State,Big 12,8-4,7-4,57.14,59.67,56.35,55.11,1620.83,0.6364,3.545,1529.727,2.181,0.191413,0.090215,0.170748,0.106648,648.93,22,
Toledo,Mid-American,8-5,7-5,56.89,52.98,69.58,46.63,1561.92,0.5833,14.0,1318.75,5.667,0.203723,-0.077675,0.179089,0.02957,620.13,,
Georgia Tech,ACC,9-4,8-4,56.56,60.17,53.87,55.5,1587.77,0.6667,3.833,1553.333,-1.103,0.272107,0.193973,0.241634,0.185079,715.56,24,22
Tulane,American Athletic,11-3,11-3,56.41,61.73,51.56,55.87,1587.71,0.7857,3.786,1497.214,-1.836,0.204962,0.150072,0.178423,0.131193,650.87,17,20
Illinois,Big Ten,9-4,8-4,56.24,62.29,49.99,56.46,1599.0,0.6667,2.167,1614.917,-1.628,0.206813,0.192434,0.189493,0.168286,662.13,23,21
Kansas State,Big 12,6-6,5-6,56.15,52.54,55.98,60.55,1678.0,0.4545,2.727,1587.182,-1.785,0.207904,0.119256,0.207844,0.107301,705.85,17,
Wake Forest,ACC,9-4,8-4,55.69,60.86,60.23,44.36,1440.31,0.6667,3.833,1482.833,5.808,0.15901,0.040786,0.137531,0.054302,627.16,,
East Carolina,American Athletic,9-4,8-4,55.59,60.67,57.59,47.32,1533.15,0.6667,9.25,1418.583,7.558,0.192662,0.050074,0.159603,0.091666,611.55,,
UNLV,Mountain West,10-4,9-4,55.43,57.86,53.8,54.52,1621.54,0.6923,6.0,1437.077,1.551,0.297867,0.210101,0.253822,0.225997,700.54,,
Navy,American Athletic,11-2,10-2,55.28,63.07,54.86,46.67,1531.23,0.8333,3.25,1474.75,-0.622,0.298983,0.209369,0.221264,0.185947,,22,
Florida State,ACC,5-7,4-7,55.21,46.87,63.34,55.44,1566.42,0.3636,5.273,1514.727,-0.764,0.300686,0.147502,0.257632,0.153818,828.45,25,
Arizona State,Big 12,8-5,7-5,55.06,55.93,49.69,60.32,1656.92,0.5833,-0.167,1579.417,-2.404,0.131833,0.102584,0.131473,0.09788,738.52,24,20
San Diego State,Mountain West,9-4,8-4,55.04,61.47,57.71,44.44,1476.15,0.6667,8.417,1439.083,7.699,0.118066,-0.017873,0.104291,0.03827,594.27,,
South Carolina,SEC,4-8,3-8,55.03,50.27,50.53,65.84,1672.92,0.2727,-1.909,1715.273,-1.188,0.10486,0.078663,0.135115,0.082791,833.26,11,
NC State,ACC,8-5,7-5,54.56,58.98,52.36,51.96,1501.0,0.5833,-0.5,1603.417,0.917,0.244261,0.189043,0.221557,0.171662,707.51,,
Duke,ACC,9-5,8-5,54.49,59.27,49.93,54.24,1575.0,0.6154,3.385,1560.923,0.452,0.245005,0.223787,0.223839,0.210049,669.18,,
Cincinnati,Big 12,7-6,6-6,54.41,52.9,57.61,52.44,1543.31,0.5,-0.75,1579.917,-1.603,0.298651,0.189755,0.237866,0.194247,644.1,22,25
Nebraska,Big Ten,7-6,6-6,54.27,55.54,45.83,62.63,1644.23,0.5,0.083,1641.0,-2.66,0.181922,0.190138,0.158712,0.183401,821.39,25,
Boise State,Mountain West,9-5,8-5,54.01,54.79,52.22,55.19,1634.07,0.6154,3.385,1513.077,-3.104,0.174728,0.099608,0.144591,0.098109,610.65,25,
Memphis,American Athletic,8-5,7-5,53.24,51.83,53.47,54.62,1653.0,0.5833,7.167,1404.583,0.744,0.245187,0.16928,0.20009,0.181483,668.63,22,
Houston,Big 12,10-3,9-3,52.98,62.77,48.38,46.94,1473.15,0.75,4.5,1495.25,2.026,0.106378,0.105852,0.143375,0.166618,656.74,25,21
Arkansas,SEC,2-10,1-10,52.51,41.44,55.15,62.34,1615.92,0.0909,-5.091,1745.0,-4.347,0.302206,0.247709,0.293675,0.210491,772.64,,
Florida,SEC,4-8,3-8,51.89,48.0,43.91,65.72,1623.67,0.2727,-7.636,1758.182,-5.118,0.13848,0.171553,0.158678,0.148595,898.58,13,
UTSA,American Athletic,7-6,6-6,51.57,52.35,53.21,48.77,1524.31,0.5,4.917,1455.25,4.346,0.204024,0.135858,0.173322,0.129923,662.09,,
Northwestern,Big Ten,7-6,6-6,51.38,58.29,45.25,50.46,1488.08,0.5,0.917,1595.833,5.115,0.146085,0.170642,0.138467,0.15148,677.97,,
Texas State,Sun Belt,7-6,6-6,51.38,46.76,58.61,48.35,1564.62,0.5,5.417,1384.583,0.5,0.310673,0.157863,0.268902,0.204844,612.16,,
Baylor,Big 12,5-7,4-7,50.97,44.94,52.34,56.39,1573.0,0.3636,-4.818,1617.909,-6.493,0.19259,0.172921,0.209016,0.16997,726.3,,
Ohio,Mid-American,9-4,8-4,50.56,53.12,51.34,46.68,1590.46,0.6667,4.917,1377.583,0.846,0.206726,0.124999,0.146355,0.148911,469.99,,
Washington State,Pac-12,7-6,6-6,50.46,55.17,51.14,44.17,1446.38,0.5,2.25,1506.417,6.436,0.125976,0.091978,0.158525,0.093983,569.46,,
Kentucky,SEC,5-7,4-7,50.1,51.58,42.23,57.55,1540.67,0.3636,-6.636,1712.0,-2.035,0.093028,0.169908,0.105689,0.126169,763.18,,
UConn,FBS Independents,9-4,8-4,49.98,52.56,52.83,43.64,1506.23,0.6667,5.167,1350.417,1.987,0.312234,0.208044,0.208167,0.242933,568.12,,
New Mexico,Mountain West,9-4,8-4,49.83,58.18,52.13,37.41,1426.77,0.6667,4.333,1433.083,5.09,0.182442,0.111771,0.157722,0.135482,378.8,,
Mississippi State,SEC,5-8,4-8,49.73,50.85,44.4,54.63,1488.46,0.3333,-5.083,1689.0,-0.256,0.153029,0.204825,0.147804,0.172076,770.48,,
Minnesota,Big Ten,8-5,7-5,49.6,56.85,37.67,55.06,1549.77,0.5833,-5.417,1614.583,-0.654,0.108826,0.176627,0.096432,0.198446,711.04,,
UCF,Big 12,5-7,4-7,49.54,45.14,51.11,52.83,1539.58,0.3636,-4.727,1552.909,-0.903,0.149386,0.113387,0.117837,0.127663,709.99,,
Fresno State,Mountain West,9-4,8-4,49.38,56.05,47.4,43.91,1480.08,0.6667,3.5,1406.167,4.237,0.102818,0.082908,0.070826,0.126264,586.84,,
Wisconsin,Big Ten,4-8,4-8,49.02,51.34,36.87,60.5,1513.67,0.3333,-8.75,1743.0,-1.708,0.022418,0.172562,0.083937,0.130372,763.17,,
Kansas,Big 12,5-7,4-7,48.68,45.12,45.59,56.42,1600.17,0.3636,-2.091,1578.636,-4.583,0.213694,0.236085,0.217385,0.230951,705.32,,
Western Kentucky,Conference USA,9-4,8-4,48.04,53.93,50.19,38.65,1402.69,0.6667,3.167,1370.5,3.795,0.165711,0.096173,0.126231,0.153262,561.36,,
Western Michigan,Mid-American,10-4,9-4,48.03,58.59,48.23,35.48,1354.0,0.6923,5.538,1367.846,8.693,0.100444,0.05267,0.082707,0.082432,534.35,,
Rutgers,Big Ten,5-7,4-7,47.06,50.02,38.14,54.03,1512.0,0.3636,-8.0,1687.818,-1.861,0.210159,0.308726,0.206246,0.300485,689.22,,
Jacksonville State,Conference USA,9-5,8-5,46.92,48.97,46.54,44.97,1545.29,0.6154,0.462,1346.231,2.509,0.186878,0.154319,0.137494,0.202304,519.93,,
Maryland,Big Ten,4-8,3-8,46.26,42.87,45.02,51.66,1506.08,0.2727,-5.727,1588.909,-0.979,0.113569,0.112229,0.094655,0.126549,699.31,,
Hawai'i,Mountain West,9-4,8-4,46.17,56.62,45.92,34.27,1331.0,0.6667,3.667,1422.583,3.737,0.16742,0.163303,0.140406,0.199071,481.2,,
Louisiana Tech,Conference USA,8-5,7-5,46.16,49.67,50.08,37.51,1428.23,0.5833,5.083,1325.75,4.795,0.141238,0.045351,0.131322,0.125542,493.5,,
California,ACC,7-6,6-6,45.95,46.97,43.93,47.11,1438.62,0.5,-4.667,1502.083,-2.846,0.124528,0.162322,0.125811,0.194427,726.21,,
Army,American Athletic,7-6,7-5,45.52,51.39,47.2,36.71,1552.77,0.5833,2.667,1425.5,0.923,0.185317,0.175006,0.161088,0.151197,23.66,,
Utah State,Mountain West,6-7,5-7,45.45,47.87,47.3,40.47,1415.85,0.4167,-1.0,1473.083,4.436,0.20469,0.197736,0.166274,0.194629,503.59,,
Michigan State,Big Ten,4-8,3-8,45.43,46.03,42.86,47.74,1385.92,0.2727,-7.364,1677.636,-2.0,0.130567,0.197972,0.13831,0.171414,717.42,,
Troy,Sun Belt,8-6,7-6,45.0,49.79,42.78,41.99,1431.43,0.5385,-1.846,1437.462,2.911,0.080908,0.112433,0.067444,0.13443,561.87,,
Kennesaw State,Conference USA,10-4,9-4,44.3,53.61,46.91,30.4,1317.14,0.6923,0.231,1394.846,1.295,0.153555,0.165752,0.15205,0.190129,338.87,,
Marshall,Sun Belt,5-7,4-7,44.01,41.26,44.81,46.28,1515.17,0.3636,-2.273,1427.273,1.438,0.160986,0.160356,0.14505,0.162508,590.64,,
Miami (OH),Mid-American,7-7,6-7,43.93,43.3,45.85,42.44,1446.93,0.4615,-1.0,1393.846,0.289,0.101724,0.087664,0.091695,0.150148,592.1,,
UCLA,Big Ten,3-9,3-9,43.11,41.22,36.91,52.54,1374.17,0.25,-15.25,1702.333,-5.903,0.117325,0.260926,0.15026,0.185249,766.62,,
Colorado,Big 12,3-9,3-9,43.05,36.33,38.14,56.63,1522.08,0.25,-9.583,1563.5,-6.042,0.083939,0.189919,0.117918,0.173802,755.2,,
Florida International,Conference USA,7-6,6-6,42.54,45.72,45.24,35.67,1317.23,0.5,-4.333,1428.583,0.878,0.15773,0.149935,0.102728,0.168547,562.61,,
Stanford,ACC,4-8,4-8,42.3,47.33,36.61,43.08,1269.58,0.3333,-10.333,1600.25,4.194,0.063267,0.17839,0.103695,0.150213,707.27,,
Southern Miss,Sun Belt,7-6,6-6,41.95,43.58,48.93,31.89,1251.92,0.5,0.0,1386.583,-1.795,0.162536,0.115779,0.129776,0.155866,602.53,,
Virginia Tech,ACC,3-9,2-9,40.58,33.37,40.69,48.88,1445.58,0.1818,-12.455,1582.636,-6.306,0.171799,0.268247,0.18972,0.234818,712.19,,
West Virginia,Big 12,4-8,3-8,40.49,40.37,36.91,44.8,1369.67,0.2727,-13.727,1622.091,-3.174,0.071099,0.158526,0.092338,0.163234,662.33,,
Missouri State,Conference USA,7-6,6-6,40.41,43.94,42.72,33.62,1342.0,0.5,-6.083,1398.583,1.378,0.171375,0.24396,0.14644,0.242683,426.1,,
Liberty,Conference USA,4-8,3-8,39.77,33.16,43.36,43.28,1461.75,0.2727,-2.909,1411.818,-4.368,0.167218,0.203934,0.165586,0.22983,599.12,,
Georgia Southern,Sun Belt,7-6,6-6,39.48,42.87,38.88,36.22,1321.0,0.5,-7.083,1428.333,-2.237,0.200708,0.26657,0.178029,0.282599,574.48,,
Delaware,Conference USA,7-6,6-6,39.48,41.77,42.59,33.19,1417.38,0.5,-3.667,1375.167,-1.744,0.192645,0.207568,0.153633,0.236852,242.85,,
Central Michigan,Mid-American,7-6,6-6,39.26,41.8,48.04,26.04,1201.77,0.5,-4.333,1344.083,1.244,0.136623,0.08441,0.123694,0.152365,481.16,,
Purdue,Big Ten,2-10,1-10,38.81,38.13,34.99,44.06,1297.5,0.0909,-15.818,1741.455,-3.306,0.097369,0.269712,0.121956,0.205709,687.74,,
North Carolina,ACC,4-8,3-8,38.43,33.94,38.53,43.56,1379.17,0.2727,-8.909,1465.818,-3.965,0.061444,0.148726,0.089925,0.189176,753.2,,
Wyoming,Mountain West,4-8,3-8,38.23,35.5,42.65,36.26,1350.0,0.2727,-7.091,1454.273,-1.493,0.048684,0.068912,0.0291,0.110151,489.33,,
Arkansas State,Sun Belt,7-6,6-6,37.96,44.82,35.26,33.1,1273.92,0.5,-3.917,1389.75,2.308,0.09019,0.192424,0.047686,0.191808,591.27,,
Temple,American Athletic,5-7,4-7,37.88,42.35,38.62,31.8,1257.83,0.3636,-6.364,1456.455,3.271,0.179942,0.258093,0.139167,0.253539,507.91,,
Boston College,ACC,2-10,1-10,37.77,31.35,39.02,43.78,1374.58,0.0909,-13.091,1579.273,-2.965,0.160762,0.234613,0.149325,0.240671,650.12,,
Louisiana,Sun Belt,6-7,5-7,37.56,38.68,36.1,37.97,1368.15,0.4167,-5.5,1388.833,-1.378,0.113054,0.195547,0.092919,0.215825,585.82,,
Air Force,Mountain West,4-8,3-8,36.65,36.95,35.4,37.78,1374.17,0.2727,-3.818,1446.0,-0.312,0.286936,0.401644,0.230365,0.363985,,,
Florida Atlantic,American Athletic,4-8,3-8,36.09,33.45,42.1,32.17,1230.58,0.2727,-11.273,1437.818,-1.118,0.159565,0.224105,0.132899,0.221015,605.22,,
South Alabama,Sun Belt,4-8,3-8,36.02,29.88,38.91,39.82,1433.75,0.2727,-5.818,1363.0,-4.153,0.160181,0.240423,0.130183,0.237437,544.87,,
Syracuse,ACC,3-9,2-9,35.92,33.58,28.33,47.52,1384.83,0.1818,-19.909,1640.0,-6.285,0.052319,0.266305,0.052449,0.222046,727.83,,
Eastern Michigan,Mid-American,4-8,4-7,35.9,36.17,41.13,29.47,1223.25,0.3636,-5.727,1370.455,-0.389,0.199334,0.250184,0.180916,0.261451,572.9,,
App State,Sun Belt,5-8,4-8,34.74,30.82,37.69,35.86,1330.62,0.3333,-6.667,1355.167,-5.5,0.097354,0.180265,0.082409,0.213,611.31,,
Coastal Carolina,Sun Belt,6-7,5-7,34.55,37.69,32.68,33.07,1236.77,0.4167,-12.917,1444.083,-3.192,0.062278,0.202609,0.0813,0.221727,610.88,,
Buffalo,Mid-American,5-7,4-7,34.44,29.66,40.38,33.09,1356.67,0.3636,-3.0,1277.091,-5.229,0.080909,0.106759,0.030662,0.171865,513.33,,
San José State,Mountain West,3-9,2-9,33.96,21.4,44.41,36.41,1361.83,0.1818,-12.364,1388.818,-10.507,0.171799,0.203586,0.155046,0.206383,522.91,,
UAB,American Athletic,4-8,3-8,33.86,33.52,35.54,32.29,1245.83,0.2727,-13.818,1465.818,-1.785,0.177825,0.323186,0.125829,0.253001,540.93,,
Nevada,Mountain West,3-9,2-9,33.29,33.58,34.59,31.44,1239.08,0.1818,-11.091,1497.636,0.187,0.03366,0.187141,0.066279,0.192123,488.69,,
Tulsa,American Athletic,4-8,3-8,32.88,32.98,41.98,22.17,1067.25,0.2727,-8.818,1390.273,0.542,0.112305,0.151436,0.081499,0.186889,594.78,,
Bowling Green,Mid-American,4-8,3-8,31.79,28.09,33.77,33.8,1354.17,0.2727,-5.818,1296.091,-1.688,0.026926,0.146196,0.032683,0.18553,527.31,,
New Mexico State,Conference USA,4-8,3-8,31.77,31.32,38.64,24.28,1201.92,0.2727,-8.0,1341.727,1.257,0.031141,0.099323,0.034589,0.149316,402.9,,
Middle Tennessee,Conference USA,3-9,3-8,31.52,28.79,39.51,25.38,1174.17,0.2727,-7.455,1348.182,-3.806,0.142399,0.209874,0.139044,0.23766,520.55,,
UTEP,Conference USA,2-10,1-10,30.56,22.94,39.57,28.93,1215.17,0.0909,-10.0,1380.545,-2.583,0.012784,0.100776,-0.005092,0.140601,551.88,,
Oregon State,Pac-12,2-10,1-10,30.52,21.67,34.75,35.9,1270.58,0.0909,-15.182,1447.545,-7.132,0.061805,0.183475,0.08239,0.202374,667.99,,
Colorado State,Mountain West,2-10,1-10,30.44,21.14,35.62,35.24,1291.08,0.0909,-13.818,1449.273,-8.965,0.122355,0.237063,0.139592,0.240944,583.71,,
Rice,American Athletic,5-8,4-8,29.34,33.19,24.41,30.6,1202.38,0.3333,-16.75,1481.75,-5.962,0.037405,0.239796,0.011383,0.224195,530.06,,
Northern Illinois,Mid-American,3-9,2-9,28.6,22.63,32.03,31.56,1331.25,0.1818,-8.091,1298.182,-3.562,0.046892,0.186127,0.068367,0.241466,471.01,,
Akron,Mid-American,5-7,4-7,28.1,29.61,35.38,17.85,1064.33,0.3636,-9.636,1247.273,1.007,0.070164,0.145648,0.045828,0.224344,537.21,,
Kent State,Mid-American,5-7,4-7,27.98,35.63,33.9,12.14,945.08,0.3636,-13.818,1346.727,5.389,0.066401,0.199295,0.090696,0.240571,456.24,,
Georgia State,Sun Belt,1-11,0-11,27.49,19.27,34.23,29.21,1135.58,0.0,-21.182,1511.636,-6.792,0.130407,0.275287,0.110161,0.244498,611.97,,
UL Monroe,Sun Belt,3-9,2-9,26.53,20.8,36.99,21.03,1082.17,0.1818,-19.364,1395.818,-7.986,0.079848,0.187007,0.08086,0.214201,473.34,,
Oklahoma State,Big 12,1-11,0-11,25.0,22.71,21.42,31.85,1129.67,0.0,-22.727,1558.727,-4.0,-0.01158,0.26108,0.027787,0.233319,702.74,,
Ball State,Mid-American,4-8,3-8,25.0,26.93,28.15,19.08,1062.92,0.2727,-15.727,1337.364,-1.174,-0.001315,0.182677,0.006683,0.198699,495.35,,
Charlotte,American Athletic,1-11,0-11,24.0,20.65,25.61,26.02,1102.83,0.0,-24.636,1521.727,-3.299,-0.007105,0.226139,-0.008554,0.186963,526.3,,
Sam Houston,Conference USA,2-10,2-10,23.78,18.55,24.88,28.61,1178.42,0.1667,-20.083,1370.083,-8.201,0.001107,0.236775,0.023752,0.235339,477.35,,
Massachusetts,Mid-American,0-12,0-11,10.72,2.94,18.22,11.04,916.25,0.0,-29.909,1307.273,-12.25,-0.031023,0.262044,-0.020926,0.304476,488.73,,
