team,conference,record,fbs_record,rating,football_rating,market_rating,market_gap,rating_confidence,early_season_rating_scale,efficiency_score,market_score,schedule_score,avg_team_postgame_elo,fbs_win_pct,fbs_avg_margin,fbs_avg_opponent_pregame_elo,avg_cover_margin,offense_ppa,defense_ppa_allowed,wepa_total,wepa_allowed_total,talent,ap_latest_rank,cfp_latest_rank
Notre Dame,FBS Independents,4-0,4-0,24.13,23.48,25.09,1.61,High,1.0,71.64,88.28,84.75,2059.0,1.0,34.0,1384.0,3.562,0.332783,-0.119328,0.204044,-0.011336,953.03,3,
Georgia,SEC,4-0,3-0,23.6,23.15,24.27,1.12,Medium,1.0,90.85,81.35,93.07,1953.5,1.0,35.333,1533.0,10.188,0.425141,-0.143307,0.192912,0.022414,1003.67,2,
Ohio State,Big Ten,3-1,3-1,21.84,18.64,26.64,7.99,Medium,1.0,76.94,91.89,87.6,2011.25,0.75,32.75,1432.75,1.188,0.393694,-0.080623,0.216989,0.019857,964.27,5,
Indiana,Big Ten,4-0,3-0,21.65,19.33,25.13,5.8,Medium,1.0,86.19,80.39,79.96,2118.0,1.0,26.667,1504.667,-6.875,0.420605,-0.106886,0.187939,0.064498,735.26,6,
Texas,SEC,4-0,4-0,21.07,19.71,23.12,3.41,High,1.0,47.68,89.2,97.59,1923.5,1.0,20.0,1713.0,3.25,0.110413,-0.055642,0.098734,0.003102,985.17,1,
Alabama,SEC,4-0,4-0,20.91,22.95,17.85,-5.1,High,1.0,66.22,74.88,94.66,1868.5,1.0,27.75,1579.0,10.75,0.326643,-0.097979,0.205748,-0.003588,973.53,7,
Miami,ACC,4-0,3-0,20.54,19.6,21.95,2.35,Medium,1.0,87.68,73.19,79.53,1922.0,1.0,33.667,1404.0,6.375,0.44157,-0.048723,0.215541,0.038627,885.94,4,
LSU,SEC,3-1,3-1,19.18,19.79,18.27,-1.52,High,1.0,61.59,70.18,100.0,1798.25,0.75,23.25,1699.75,9.25,0.2358,-0.165893,0.174592,-0.016645,931.76,11,
Oregon,Big Ten,3-1,2-1,17.76,13.4,24.3,10.9,Medium,1.0,67.34,100.0,54.07,1841.5,0.6667,4.333,1530.333,-3.5,0.328297,-0.003303,0.158648,0.056414,984.33,15,
Florida,SEC,4-0,3-0,16.8,18.11,14.84,-3.27,Medium,1.0,74.01,63.51,85.92,1686.5,1.0,24.667,1607.333,9.625,0.412623,-0.035926,0.244979,0.08812,891.07,8,
Utah,Big 12,4-0,3-0,16.66,19.91,11.8,-8.11,Medium,1.0,72.44,42.38,82.59,1879.0,1.0,26.667,1537.0,11.688,0.328282,-0.073585,0.172587,0.023299,695.72,13,
Penn State,Big Ten,3-1,3-1,14.5,14.31,14.79,0.48,High,1.0,53.72,68.14,77.63,1901.25,0.75,25.25,1427.75,1.0,0.219617,-0.102846,0.133921,0.002313,774.04,13,
USC,Big Ten,4-1,4-1,13.91,10.82,18.54,7.72,Medium,1.0,50.94,95.5,69.88,1805.0,0.8,13.4,1502.8,-8.1,0.306979,0.191176,0.233461,0.172744,899.0,18,
Tennessee,SEC,3-1,2-1,13.84,13.71,14.05,0.35,Medium,1.0,65.38,77.45,76.39,1741.75,0.6667,17.0,1605.0,1.562,0.223684,-0.085676,0.107236,0.047596,885.9,17,
Texas Tech,Big 12,4-0,3-0,13.51,11.57,16.42,4.85,Medium,1.0,60.96,85.27,49.28,1854.0,1.0,16.0,1311.667,-10.5,0.271693,0.002752,0.178144,0.077169,767.89,12,
Nebraska,Big Ten,4-0,3-0,12.37,14.28,9.52,-4.76,Medium,1.0,71.92,52.87,77.74,1686.0,1.0,31.667,1416.333,8.625,0.413805,-0.018322,0.225543,0.070228,787.45,,
Ole Miss,SEC,3-1,3-1,12.3,10.1,15.61,5.52,High,1.0,44.37,92.89,66.29,1830.75,0.75,4.75,1577.5,-6.312,0.251672,0.2245,0.201109,0.156288,885.72,9,
Texas A&M,SEC,2-2,2-2,11.81,8.61,16.61,8.0,Medium,1.0,40.81,97.04,69.42,1826.25,0.5,9.75,1545.75,-5.938,0.042879,0.033188,0.061555,0.090912,933.0,23,
Iowa,Big Ten,4-0,3-0,10.98,10.77,11.3,0.54,Medium,1.0,67.02,55.42,68.44,1843.5,1.0,14.667,1547.667,5.125,0.172263,-0.144705,0.05501,0.043144,722.73,14,
Mississippi State,SEC,4-0,4-0,10.87,13.27,7.27,-6.0,High,1.0,62.97,44.79,82.64,1640.75,1.0,22.0,1529.75,14.688,0.383271,0.018123,0.246483,0.050936,804.53,16,
Oklahoma,SEC,2-2,2-2,10.77,7.14,16.23,9.09,Medium,1.0,36.27,89.13,71.3,1773.75,0.5,6.0,1618.0,-7.938,-0.045229,-0.182172,0.039929,-0.033461,851.14,24,
BYU,Big 12,3-0,2-0,9.99,9.35,10.95,1.6,Medium,1.0,100.0,50.94,59.98,1680.33,1.0,14.5,1480.5,3.583,0.448038,-0.060616,0.185849,0.061683,689.42,10,
Michigan,Big Ten,3-1,3-1,9.95,7.23,14.01,6.78,High,1.0,53.13,87.72,73.76,1715.5,0.75,10.5,1584.25,-4.938,0.164215,-0.089845,0.119265,0.066418,890.02,18,
UCLA,Big Ten,4-0,4-0,9.82,12.38,5.97,-6.41,High,1.0,67.65,32.97,78.06,1521.75,1.0,26.0,1431.0,18.0,0.287127,-0.127101,0.179577,-0.000536,774.45,23,
Boise State,Pac-12,3-1,2-1,8.92,11.2,5.5,-5.7,Medium,1.0,56.83,37.7,74.4,1612.25,0.6667,12.0,1655.0,7.188,0.295143,0.019355,0.201895,0.049383,641.17,22,
Auburn,SEC,3-1,3-1,8.88,7.79,10.51,2.72,High,1.0,44.35,75.44,70.17,1659.5,0.75,9.25,1564.0,-2.438,0.119095,-0.009013,0.097383,0.058448,828.19,,
Northwestern,Big Ten,2-1,1-1,8.49,11.39,4.15,-7.24,Medium,1.0,56.9,29.75,83.86,1604.67,0.5,14.0,1763.5,15.833,0.304483,0.083096,0.165624,0.089418,688.32,,
Wisconsin,Big Ten,3-1,2-1,8.18,8.79,7.26,-1.53,Medium,1.0,42.22,57.6,75.19,1530.5,0.6667,6.667,1740.333,2.688,0.142175,-0.05066,0.133043,0.031318,767.68,,
Missouri,SEC,3-1,2-1,8.13,7.61,8.92,1.31,Medium,1.0,45.57,79.12,56.89,1681.5,0.6667,6.667,1531.0,-5.688,0.199105,-0.003717,0.146011,0.028972,808.36,25,
Houston,Big 12,3-1,2-1,7.56,6.39,9.3,2.91,Medium,1.0,79.2,48.79,55.25,1522.0,0.6667,8.333,1489.667,3.562,0.438904,0.099344,0.230052,0.124756,695.93,20,
Kansas State,Big 12,3-1,2-1,7.52,6.29,9.36,3.06,Medium,1.0,74.31,53.31,63.63,1667.75,0.6667,11.0,1547.0,3.875,0.306656,-0.039394,0.151854,0.100082,718.67,,
Virginia,ACC,3-1,2-1,7.45,7.48,7.41,-0.07,Medium,1.0,76.37,45.53,63.65,1654.25,0.6667,18.0,1449.667,7.062,0.283961,-0.143831,0.134539,0.065606,700.18,25,
Louisville,ACC,2-2,1-2,7.44,5.46,10.42,4.97,Medium,1.0,68.02,61.25,64.66,1675.0,0.3333,1.333,1693.667,0.812,0.344458,0.106432,0.15039,0.110459,739.97,16,
James Madison,Sun Belt,4-0,3-0,7.38,9.99,3.47,-6.52,Medium,1.0,73.81,18.82,64.16,1780.5,1.0,15.333,1489.0,18.375,0.293229,-0.196872,0.165487,0.023951,588.31,,
Pittsburgh,ACC,4-0,3-0,7.27,8.39,5.59,-2.81,Medium,1.0,78.99,40.92,60.99,1680.25,1.0,21.333,1372.0,8.562,0.294364,-0.107195,0.11924,0.059256,675.02,,
South Carolina,SEC,2-2,1-2,6.71,5.83,8.03,2.2,Medium,1.0,42.35,83.53,58.77,1720.25,0.3333,6.333,1557.333,-4.0,0.227413,0.151395,0.179909,0.148803,862.87,,
SMU,ACC,3-1,2-1,6.56,3.67,10.89,7.22,Medium,1.0,70.16,72.0,47.1,1715.75,0.6667,1.0,1500.0,-3.5,0.250595,0.022882,0.115154,0.108295,764.5,21,
Washington,Big Ten,3-1,2-1,6.42,2.35,12.52,10.17,Medium,1.0,67.04,92.0,50.6,1751.5,0.6667,4.333,1493.0,-15.5,0.151127,-0.14845,0.064217,0.061957,777.63,19,
Kentucky,SEC,3-1,2-1,6.26,6.34,6.15,-0.19,Medium,1.0,67.84,55.84,65.94,1493.75,0.6667,2.0,1702.0,5.125,0.23583,0.015506,0.110843,0.050679,786.65,24,
Arizona,Big 12,3-1,2-1,6.12,4.76,8.16,3.4,Medium,1.0,54.39,64.28,54.73,1628.25,0.6667,8.0,1488.333,-5.0,0.213016,0.001696,0.179443,0.117843,699.59,,
Duke,ACC,4-0,3-0,6.12,7.95,3.36,-4.59,Medium,1.0,70.7,35.25,65.02,1635.75,1.0,15.333,1501.333,11.438,0.294948,-0.064134,0.103075,0.020722,668.47,,
Iowa State,Big 12,2-2,1-2,5.42,7.72,1.98,-5.74,Medium,1.0,40.78,41.8,72.82,1632.25,0.3333,10.333,1660.333,7.062,0.117328,-0.037746,0.100863,0.093714,669.55,,
Virginia Tech,ACC,4-0,3-0,5.38,4.46,6.74,2.28,Medium,1.0,61.92,53.64,53.3,1468.0,1.0,13.0,1403.667,4.938,0.241187,-0.030064,0.159465,0.135666,769.12,,
Clemson,ACC,3-1,3-1,4.63,3.45,6.39,2.94,High,1.0,21.49,83.26,45.67,1557.75,0.75,-1.0,1435.0,-4.875,-0.026927,0.017484,0.039977,0.056979,862.85,,
Baylor,Big 12,3-1,2-1,4.53,4.07,5.23,1.16,Medium,1.0,48.6,54.57,52.04,1521.5,0.6667,8.667,1449.333,1.812,0.092026,-0.115068,0.074393,0.064267,723.28,,
Liberty,Conference USA,3-1,2-1,4.53,8.31,-1.14,-9.45,Medium,1.0,36.24,47.74,54.66,1711.75,0.6667,15.333,1383.0,1.875,0.123804,0.039342,0.166165,0.101573,633.35,,
North Dakota State,Mountain West,4-0,3-0,4.27,4.97,3.22,-1.74,Medium,1.0,53.25,27.42,60.09,1572.25,1.0,17.667,1414.0,3.875,0.156825,-0.156098,0.111747,0.019992,515.59,,
Illinois,Big Ten,2-2,1-2,4.17,2.55,6.6,4.05,Medium,1.0,54.6,60.88,59.55,1587.0,0.3333,-2.667,1694.0,-2.875,0.283864,0.192973,0.190647,0.216665,704.01,,
Vanderbilt,SEC,3-1,2-1,4.16,3.25,5.54,2.29,Medium,1.0,46.2,69.12,51.06,1743.0,0.6667,2.333,1526.0,-4.25,0.081951,-0.038881,0.058647,0.061321,727.39,,
Florida State,ACC,2-2,1-2,4.0,3.12,5.34,2.22,Medium,1.0,42.32,77.72,56.74,1551.25,0.3333,0.0,1624.667,-7.062,0.247109,0.219419,0.146566,0.197726,800.2,,
New Mexico,Mountain West,3-1,2-1,3.6,6.52,-0.78,-7.3,Medium,1.0,52.72,14.28,61.21,1567.5,0.6667,15.667,1455.0,16.562,0.162515,-0.145818,0.125466,0.037499,568.19,,
TCU,Big 12,2-2,1-2,3.17,2.1,4.77,2.67,Medium,1.0,69.07,63.12,41.82,1607.25,0.3333,3.667,1404.667,-1.875,0.174302,-0.12145,0.067,0.037101,730.79,,
UCF,Big 12,3-1,2-1,2.63,3.98,0.6,-3.38,Medium,1.0,53.32,37.68,55.61,1479.25,0.6667,5.667,1532.333,8.438,0.118502,-0.04743,0.061692,0.050182,672.14,,
Michigan State,Big Ten,2-2,2-2,2.46,3.34,1.15,-2.19,High,1.0,32.6,48.27,70.33,1510.75,0.5,0.75,1681.25,2.562,0.032927,0.151232,0.057873,0.11489,685.02,,
Wake Forest,ACC,3-1,3-1,2.25,2.07,2.51,0.44,High,1.0,46.46,46.68,53.14,1517.0,0.75,3.5,1458.5,3.875,0.279529,0.159944,0.173346,0.114598,680.87,,
South Florida,American Athletic,4-0,3-0,2.22,2.95,1.14,-1.81,Medium,1.0,74.15,59.72,41.45,1672.25,1.0,7.333,1347.0,-0.688,0.234218,-0.019587,0.081641,0.033363,703.81,,
Cincinnati,Big 12,4-0,3-0,1.72,1.94,1.39,-0.55,Medium,1.0,70.74,36.09,53.1,1517.25,1.0,9.333,1452.333,7.0,0.362559,0.101886,0.156778,0.141867,634.28,,
Minnesota,Big Ten,3-1,2-1,1.67,0.74,3.07,2.33,Medium,1.0,55.06,53.4,43.91,1488.0,0.6667,4.0,1423.333,2.875,0.128944,0.041218,0.068765,0.127856,728.79,,
North Carolina,ACC,2-1,1-1,1.43,1.47,1.38,-0.09,Medium,1.0,57.54,58.47,48.83,1396.33,0.5,-1.5,1585.5,1.167,0.118025,-0.018831,0.080792,0.097052,767.89,,
Arizona State,Big 12,2-1,1-1,1.4,-1.53,5.8,7.33,Medium,1.0,52.18,54.72,44.83,1546.0,0.5,-10.5,1667.0,2.583,0.058159,0.022552,-0.01411,0.099351,722.0,,
UTSA,American Athletic,3-1,2-1,1.31,2.32,-0.19,-2.51,Medium,1.0,58.59,45.07,49.02,1518.0,0.6667,-1.667,1561.333,3.125,0.267731,0.076739,0.144131,0.109882,655.82,,
Oklahoma State,Big 12,3-1,2-1,1.18,1.68,0.43,-1.24,Medium,1.0,61.96,35.76,50.54,1265.75,0.6667,3.667,1507.0,6.625,0.161432,-0.029734,0.082689,0.044936,672.69,19,
Memphis,American Athletic,3-1,2-1,1.11,1.6,0.38,-1.21,Medium,1.0,45.8,51.88,49.04,1540.5,0.6667,2.0,1509.333,0.0,0.262066,0.179525,0.171052,0.134279,670.31,,
NC State,ACC,2-2,1-2,0.8,-1.42,4.14,5.56,Medium,1.0,62.52,56.82,42.19,1509.75,0.3333,-6.667,1553.667,3.5,0.221136,0.12037,0.084898,0.165999,757.14,,
Arkansas,SEC,2-2,1-2,0.68,0.77,0.54,-0.23,Medium,1.0,25.31,70.19,47.73,1504.75,0.3333,-11.0,1678.667,-6.5,0.04877,0.158498,0.099878,0.140263,745.48,,
Toledo,Mid-American,3-1,2-1,0.2,1.39,-1.57,-2.96,Medium,1.0,60.22,25.88,44.32,1579.75,0.6667,5.333,1410.0,8.75,0.269207,-0.023416,0.145708,0.098873,556.26,,
Fresno State,Pac-12,3-1,3-1,0.0,1.43,-2.14,-3.57,High,1.0,36.63,35.01,59.23,1563.75,0.75,9.25,1448.25,6.188,0.115164,0.010281,0.089504,0.058943,609.75,,
North Texas,American Athletic,2-2,1-2,-0.36,2.13,-4.09,-6.22,Medium,1.0,66.2,29.09,58.15,1649.25,0.3333,-4.0,1697.0,11.125,0.318634,0.118563,0.159208,0.163688,602.08,,
West Virginia,Big 12,3-1,2-1,-0.82,-1.86,0.74,2.6,Medium,1.0,50.66,55.86,37.27,1372.5,0.6667,0.333,1401.333,-1.812,0.184301,0.124074,0.104481,0.186057,707.6,,
Texas State,Pac-12,2-2,1-2,-1.43,-1.56,-1.24,0.32,Medium,1.0,62.38,44.34,42.77,1461.25,0.3333,-14.333,1668.333,1.125,0.305032,0.148155,0.159424,0.197107,624.81,,
UNLV,Mountain West,2-2,2-2,-1.94,-3.35,0.18,3.53,High,1.0,31.99,65.19,40.04,1531.5,0.5,-0.25,1365.5,-6.188,0.052914,0.07571,0.051256,0.080591,696.03,,
Maryland,Big Ten,2-2,1-2,-2.12,-3.81,0.42,4.23,Medium,1.0,54.72,66.64,29.43,1427.25,0.3333,-12.0,1484.667,-6.5,0.131644,0.02916,0.062053,0.117381,719.64,,
Louisiana,Sun Belt,3-1,2-1,-2.36,0.05,-5.98,-6.03,Medium,1.0,55.23,24.12,49.01,1404.0,0.6667,5.0,1469.0,10.062,0.131689,-0.166423,0.103682,0.006933,590.94,,
Kansas,Big 12,1-2,0-2,-2.83,-5.68,1.46,7.14,Medium,1.0,64.39,59.65,36.83,1492.0,0.0,-12.0,1598.5,-4.333,0.201756,-0.067502,0.076306,0.07855,684.51,,
Georgia Tech,ACC,1-3,0-3,-2.93,-5.44,0.84,6.28,Medium,1.0,43.6,73.68,30.56,1516.0,0.0,-9.667,1466.0,-7.875,0.141345,0.15527,0.083984,0.165801,751.65,,
Army,American Athletic,2-1,1-1,-2.95,-3.04,-2.82,0.22,Medium,1.0,77.17,3.02,43.73,1527.0,0.5,0.0,1504.5,3.917,0.365241,0.189038,0.135168,0.178763,303.83,,
Western Michigan,Mid-American,2-2,1-2,-3.0,-2.33,-4.0,-1.67,Medium,1.0,38.75,35.25,36.25,1512.5,0.3333,-6.333,1482.0,3.625,0.093247,0.098636,0.063579,0.129359,572.2,,
Tulane,American Athletic,2-2,2-2,-3.18,-3.82,-2.23,1.58,High,1.0,20.46,57.48,44.19,1523.5,0.5,-4.5,1469.75,-4.0,0.102789,0.171486,0.092438,0.137905,665.11,,
Oregon State,Pac-12,2-2,1-2,-3.28,-1.46,-6.01,-4.55,Medium,1.0,49.87,21.57,46.41,1285.25,0.3333,0.667,1502.667,13.562,0.255013,0.091593,0.129709,0.088559,635.79,,
Colorado,Big 12,2-2,1-2,-3.6,-5.67,-0.49,5.17,Medium,1.0,41.18,68.67,32.0,1366.75,0.3333,-14.333,1548.667,-8.0,0.059123,0.007416,0.03816,0.064516,731.62,,
Air Force,Mountain West,2-1,1-1,-3.61,-4.26,-2.64,1.62,Medium,1.0,63.57,4.46,41.68,1425.33,0.5,-1.5,1503.5,-0.833,0.297466,0.004401,0.174736,0.10685,272.35,,
California,ACC,2-2,1-2,-3.81,-5.9,-0.66,5.24,Medium,1.0,41.74,73.3,24.23,1347.5,0.3333,-10.667,1409.667,-9.75,0.006866,0.01442,0.004975,0.107706,751.92,,
Syracuse,ACC,1-2,0-2,-3.82,-5.56,-1.2,4.36,Medium,1.0,52.89,46.85,33.63,1288.33,0.0,-8.5,1513.5,5.917,0.038378,-0.126275,0.02097,0.088436,745.61,,
Rutgers,Big Ten,1-3,0-3,-4.1,-6.3,-0.79,5.51,Medium,1.0,51.49,64.43,23.86,1379.0,0.0,-10.0,1395.0,-6.625,0.135138,0.149054,0.066433,0.150687,709.04,,
Florida Atlantic,American Athletic,3-1,3-1,-4.39,-2.93,-6.57,-3.64,High,1.0,32.24,32.71,42.17,1239.5,0.75,-0.75,1400.0,2.812,0.142349,0.208847,0.120162,0.158313,593.36,,
Purdue,Big Ten,1-3,0-3,-4.62,-5.26,-3.66,1.61,Medium,1.0,33.0,59.45,39.19,1310.75,0.0,-18.333,1688.0,-5.5,0.236521,0.351333,0.173738,0.229477,698.33,,
Nevada,Mountain West,1-3,1-2,-4.62,-1.96,-8.6,-6.64,Medium,1.0,26.32,27.93,45.1,1447.25,0.3333,8.333,1379.333,4.688,0.093463,0.149123,0.126856,0.145479,549.99,,
Navy,American Athletic,1-2,0-2,-4.83,-7.18,-1.31,5.87,Medium,1.0,57.63,10.56,17.52,1523.0,0.0,-6.0,1291.0,-9.0,0.211228,0.157647,0.097881,0.1241,195.68,,
San Diego State,Pac-12,1-3,0-3,-5.06,-6.61,-2.73,3.88,Medium,1.0,14.32,63.27,30.47,1467.5,0.0,-18.667,1591.667,-12.312,-0.085221,0.09706,0.018207,0.098075,609.22,,
East Carolina,American Athletic,2-2,1-2,-5.19,-5.58,-4.61,0.97,Medium,1.0,40.13,53.22,25.07,1464.25,0.3333,-12.667,1445.667,-4.562,0.056286,-0.017746,0.057757,0.077942,623.79,,
Boston College,ACC,2-2,1-2,-5.31,-5.58,-4.92,0.66,Medium,1.0,31.76,60.03,33.21,1376.0,0.3333,-6.333,1450.0,-8.0,-0.031785,0.001812,0.020862,0.060959,660.0,,
Florida International,Conference USA,2-2,1-2,-5.39,-3.52,-8.19,-4.68,Medium,1.0,31.47,46.4,37.54,1395.75,0.3333,-1.0,1424.333,-3.125,0.009161,-0.003786,0.049547,0.050419,607.56,,
Temple,American Athletic,1-3,0-3,-5.39,-4.67,-6.49,-1.82,Medium,1.0,36.72,35.51,50.33,1325.25,0.0,-7.667,1663.0,4.875,0.237081,0.208928,0.17716,0.180204,631.07,,
Jacksonville State,Conference USA,3-2,2-2,-5.46,-5.52,-5.36,0.16,High,1.0,59.48,41.34,30.9,1429.6,0.5,-3.5,1368.75,0.75,0.203926,0.038705,0.108636,0.097852,602.83,,
Washington State,Pac-12,1-3,0-3,-5.52,-6.22,-4.48,1.74,Medium,1.0,31.88,46.96,39.12,1547.75,0.0,-17.0,1664.667,1.062,-0.036636,0.023039,-0.006226,0.090571,630.29,,
Massachusetts,Mid-American,4-0,2-0,-5.66,0.2,-14.44,-14.63,Low,1.0,65.6,0.0,56.95,1090.5,1.0,22.5,1388.0,15.75,0.279587,-0.139049,0.171611,0.049057,525.94,,
Utah State,Pac-12,1-3,1-2,-5.69,-3.02,-9.68,-6.66,Medium,1.0,17.01,33.63,52.06,1369.75,0.3333,-8.0,1685.667,0.188,-0.070889,0.020547,0.047909,0.058182,543.98,,
Georgia State,Sun Belt,3-1,2-1,-5.87,-2.41,-11.05,-8.64,Medium,1.0,60.24,12.74,41.71,1280.5,0.6667,7.0,1360.333,14.5,0.251316,0.024466,0.141991,0.098599,573.83,,
UConn,FBS Independents,2-2,1-2,-5.99,-4.5,-8.23,-3.72,Medium,1.0,59.88,33.32,30.37,1460.25,0.3333,0.333,1324.0,10.0,0.230611,0.019089,0.093609,0.101357,652.56,,
App State,Sun Belt,3-1,2-1,-6.21,-6.17,-6.26,-0.09,Medium,1.0,58.17,29.75,34.44,1319.75,0.6667,-0.667,1385.0,8.0,0.237502,0.079889,0.113627,0.147121,621.61,,
Marshall,Sun Belt,3-1,2-1,-6.3,-6.39,-6.17,0.21,Medium,1.0,21.06,61.72,26.16,1391.25,0.6667,-12.333,1454.0,-13.5,0.088156,0.332274,0.090522,0.206909,594.71,,
Tulsa,American Athletic,3-1,2-1,-6.49,-6.15,-7.02,-0.87,Medium,1.0,47.14,40.82,23.51,1259.25,0.6667,-2.667,1290.0,0.25,0.117452,-0.069719,0.085653,0.043337,622.84,,
Troy,Sun Belt,2-2,1-2,-6.67,-5.75,-8.06,-2.32,Medium,1.0,31.09,45.3,29.17,1413.0,0.3333,-6.0,1400.333,-2.75,0.023167,0.035768,0.057437,0.123223,596.19,,
Stanford,ACC,2-2,2-2,-6.85,-8.06,-5.05,3.01,High,1.0,25.35,59.76,47.32,1352.75,0.5,-12.5,1610.5,-4.375,0.130117,0.28095,0.101802,0.215951,705.81,,
Colorado State,Pac-12,2-2,1-2,-6.87,-4.62,-10.24,-5.61,Medium,1.0,49.09,31.19,42.75,1326.0,0.3333,-3.333,1517.333,8.312,0.270125,0.162794,0.143202,0.14368,640.31,,
Georgia Southern,Sun Belt,1-3,0-3,-6.97,-6.65,-7.46,-0.81,Medium,1.0,36.01,40.65,31.29,1358.5,0.0,-11.0,1495.0,2.625,0.102588,0.085612,0.101498,0.139367,634.19,,
South Alabama,Sun Belt,2-2,1-2,-7.19,-6.92,-7.59,-0.67,Medium,1.0,26.53,33.8,31.72,1380.0,0.3333,-7.667,1451.667,2.812,0.173878,0.279491,0.152399,0.207268,573.38,,
San José State,Mountain West,2-2,1-2,-7.56,-6.44,-9.25,-2.81,Medium,1.0,36.33,35.74,40.56,1404.75,0.3333,-8.667,1566.0,1.312,0.082209,0.066097,0.065464,0.079838,569.25,,
Louisiana Tech,Sun Belt,1-2,0-2,-7.81,-6.58,-9.66,-3.08,Medium,1.0,31.25,17.44,24.16,1412.0,0.0,-24.0,1625.5,12.167,0.01477,-0.011792,0.020073,0.075854,543.02,,
Miami (OH),Mid-American,2-2,1-2,-7.88,-7.86,-7.91,-0.05,Medium,1.0,44.04,45.89,28.46,1260.25,0.3333,-15.333,1522.0,-2.562,0.239213,0.17913,0.139015,0.164541,621.37,,
Middle Tennessee,Conference USA,2-2,1-2,-8.39,-5.88,-12.17,-6.29,Medium,1.0,45.83,27.93,36.82,1285.25,0.3333,-1.667,1426.0,4.875,0.19767,0.10102,0.109989,0.089693,571.5,,
UAB,American Athletic,2-2,2-2,-8.53,-7.26,-10.43,-3.17,High,1.0,39.25,36.89,36.72,1401.75,0.5,-4.0,1383.5,3.562,0.050418,0.053039,0.054199,0.080362,606.18,,
Ohio,Mid-American,2-2,1-2,-8.57,-7.75,-9.79,-2.04,Medium,1.0,37.23,33.57,28.41,1318.5,0.3333,-10.333,1452.333,-1.625,0.222599,0.276233,0.137859,0.200456,522.84,,
Delaware,Conference USA,2-2,1-2,-9.21,-8.81,-9.8,-0.99,Medium,1.0,34.41,28.53,32.98,1389.25,0.3333,-13.333,1545.0,-0.25,0.036358,0.079581,0.037809,0.131925,483.48,,
Arkansas State,Sun Belt,2-2,1-2,-9.53,-10.45,-8.16,2.29,Medium,1.0,51.06,42.15,26.93,1335.25,0.3333,-13.0,1473.667,-0.625,0.151722,0.160842,0.082917,0.157363,606.22,,
Coastal Carolina,Sun Belt,1-3,0-3,-9.82,-8.91,-11.18,-2.27,Medium,1.0,41.63,36.47,32.0,1269.25,0.0,-10.667,1499.667,-0.625,0.15749,0.094543,0.10761,0.131444,573.96,,
Old Dominion,Sun Belt,1-3,0-3,-10.05,-11.87,-7.33,4.54,Medium,1.0,16.14,52.2,28.53,1299.75,0.0,-17.333,1553.333,-12.5,-0.100387,-0.016677,-0.000872,0.0691,544.25,,
Hawai'i,Mountain West,1-3,1-3,-10.08,-12.25,-6.81,5.44,High,1.0,26.58,50.49,30.83,1421.25,0.25,-8.0,1372.75,-8.562,0.041626,0.212696,0.040212,0.174557,556.82,,
Wyoming,Mountain West,2-2,1-2,-10.3,-10.72,-9.66,1.06,Medium,1.0,45.15,43.05,21.73,1299.75,0.3333,-6.333,1321.333,-7.812,0.156203,0.123375,0.1195,0.160064,528.29,,
Central Michigan,Mid-American,2-2,1-2,-11.04,-10.07,-12.5,-2.43,Medium,1.0,11.62,42.77,23.67,1256.75,0.3333,-22.0,1563.667,-6.812,0.000157,0.165948,0.086682,0.143329,540.01,,
Rice,American Athletic,1-3,0-3,-11.28,-9.79,-13.51,-3.72,Medium,1.0,36.11,36.57,34.55,1168.5,0.0,-24.333,1722.0,-0.562,0.069197,0.136763,0.089045,0.166639,589.89,,
Kennesaw State,Conference USA,1-3,0-3,-11.59,-11.91,-11.1,0.81,Medium,1.0,40.62,25.79,18.45,1317.25,0.0,-16.667,1429.667,2.25,0.096841,0.151088,0.09098,0.18383,502.86,,
Missouri State,Conference USA,1-3,0-3,-12.11,-10.77,-14.13,-3.36,Medium,1.0,36.13,24.49,28.16,1281.25,0.0,-22.0,1614.0,6.312,0.101045,0.227461,0.048612,0.202253,549.92,,
Western Kentucky,Conference USA,1-3,0-3,-12.69,-13.64,-11.25,2.39,Medium,1.0,19.17,54.58,19.07,1255.25,0.0,-41.0,1778.333,-8.312,0.005855,0.303193,0.013909,0.212834,611.52,,
Buffalo,Mid-American,2-2,0-2,-13.04,-11.06,-16.01,-4.95,Medium,1.0,11.28,51.71,15.12,1314.0,0.0,-27.5,1632.5,-11.438,0.000307,0.116162,0.087046,0.147641,549.31,,
Eastern Michigan,Mid-American,2-3,1-3,-13.82,-14.69,-12.51,2.18,High,1.0,30.71,48.31,22.72,1275.2,0.25,-16.75,1462.25,-7.0,-0.015692,0.111669,-0.000655,0.163456,580.64,,
New Mexico State,Conference USA,1-3,0-3,-13.83,-13.62,-14.14,-0.52,Medium,1.0,42.99,20.0,24.8,1254.5,0.0,-17.0,1507.333,1.688,0.121312,0.157558,0.067829,0.165561,460.38,,
Sam Houston,Conference USA,1-3,0-3,-14.27,-12.33,-17.19,-4.86,Medium,1.0,48.42,9.88,27.91,1155.5,0.0,-14.667,1510.333,14.125,0.101631,0.06525,0.050976,0.124151,554.47,,
Bowling Green,Mid-American,0-4,0-3,-14.87,-13.66,-16.67,-3.02,Medium,1.0,0.0,52.2,12.38,1213.75,0.0,-35.0,1618.667,-10.688,-0.115414,0.227331,0.032272,0.163011,568.33,,
Southern Miss,Sun Belt,1-3,0-3,-14.9,-15.06,-14.67,0.39,Medium,1.0,41.91,35.07,19.46,1271.5,0.0,-22.0,1515.333,3.5,0.062804,0.122908,0.036406,0.161545,602.63,,
Northern Illinois,Mountain West,0-4,0-3,-15.59,-14.86,-16.69,-1.83,Medium,1.0,7.58,36.79,14.75,1236.25,0.0,-28.667,1557.667,-3.125,-0.120654,0.158564,0.023397,0.128824,536.58,,
Kent State,Mid-American,2-2,1-2,-16.43,-14.65,-19.1,-4.45,Medium,1.0,14.73,28.01,9.44,1034.25,0.3333,-33.333,1565.0,-0.938,-0.028067,0.20071,0.00969,0.195543,522.83,,
Charlotte,American Athletic,0-4,0-3,-16.94,-15.25,-19.49,-4.24,Medium,1.0,18.19,40.68,20.4,1160.5,0.0,-21.333,1519.667,-4.125,-0.095307,0.16523,-0.034275,0.084479,576.77,,
Ball State,Mid-American,1-3,0-3,-17.22,-16.86,-17.76,-0.9,Medium,1.0,9.9,41.18,6.6,1079.5,0.0,-34.0,1543.0,-5.938,0.047237,0.324517,0.064771,0.228819,563.88,,
UL Monroe,Sun Belt,0-4,0-3,-17.88,-17.97,-17.75,0.22,Medium,1.0,9.74,43.02,0.0,1062.0,0.0,-27.667,1377.333,-11.625,-0.052197,0.307735,0.054406,0.211727,505.49,,
UTEP,Mountain West,1-3,0-3,-19.25,-19.9,-18.28,1.63,Medium,1.0,8.17,40.7,4.5,1128.5,0.0,-37.333,1564.333,-2.875,-0.178953,0.251953,-0.042583,0.20915,585.76,,
Sacramento State,Mid-American,1-4,0-4,-19.36,-19.7,-18.84,0.86,High,1.0,31.43,49.18,0.84,1349.6,0.0,-26.75,1354.5,-6.95,-0.060987,0.125148,-0.012926,0.159696,561.42,,
Akron,Mid-American,1-3,0-3,-20.63,-22.64,-17.6,5.04,Medium,1.0,34.89,30.34,8.59,904.25,0.0,-28.0,1484.0,-3.0,0.019838,0.241335,0.018601,0.224891,546.84,,
