team,conference,rating,projected_wins,projected_losses,actual_wins,actual_losses,remaining_expected_wins,remaining_games,schedule_games,projected_strength_of_schedule,average_game_win_probability
Notre Dame,FBS Independents,24.13,11.07,0.93,4.0,0.0,7.07,8,12,1.04,0.8843
James Madison,Sun Belt,7.38,10.59,1.41,4.0,0.0,6.59,8,12,-9.11,0.824
Miami,ACC,20.54,10.4,1.6,4.0,0.0,6.4,8,12,-0.33,0.8005
Utah,Big 12,16.66,10.39,1.61,4.0,0.0,6.39,8,12,-1.19,0.7983
Georgia,SEC,23.6,10.3,1.7,4.0,0.0,6.3,8,12,3.14,0.7878
Indiana,Big Ten,21.65,10.28,1.72,4.0,0.0,6.28,8,12,1.41,0.7844
Texas Tech,Big 12,13.51,10.12,1.88,4.0,0.0,6.12,8,12,-2.69,0.765
North Dakota State,Mountain West,4.27,10.02,1.98,4.0,0.0,6.02,8,12,-10.85,0.7528
Texas,SEC,21.07,9.76,2.24,4.0,0.0,5.76,8,12,10.51,0.7206
Alabama,SEC,20.91,9.67,2.33,4.0,0.0,5.67,8,12,5.68,0.7082
Liberty,Conference USA,4.53,9.63,2.37,3.0,1.0,6.63,8,12,-11.93,0.8282
South Florida,American Athletic,2.22,9.4,2.6,4.0,0.0,5.4,8,12,-8.33,0.675
Toledo,Mid-American,0.2,9.14,2.86,3.0,1.0,6.14,8,12,-11.63,0.7672
Florida,SEC,16.8,9.07,2.93,4.0,0.0,5.07,8,12,5.46,0.6337
Massachusetts,Mid-American,-5.66,9.07,2.93,4.0,0.0,5.07,8,12,-15.73,0.6332
Penn State,Big Ten,14.5,8.81,3.19,3.0,1.0,5.81,8,12,1.09,0.7264
New Mexico,Mountain West,3.6,8.77,3.23,3.0,1.0,5.77,8,12,-8.6,0.7218
Ohio State,Big Ten,21.84,8.71,3.29,3.0,1.0,5.71,8,12,7.05,0.7136
UCLA,Big Ten,9.82,8.67,3.33,4.0,0.0,4.67,8,12,3.16,0.5842
Iowa,Big Ten,10.98,8.65,3.35,4.0,0.0,4.65,8,12,1.86,0.5814
Pittsburgh,ACC,7.27,8.65,3.35,4.0,0.0,4.65,8,12,-1.53,0.5808
Oregon,Big Ten,17.76,8.63,3.37,3.0,1.0,5.63,8,12,5.29,0.704
LSU,SEC,19.18,8.62,3.38,3.0,1.0,5.62,8,12,5.62,0.703
Boise State,Pac-12,8.92,8.54,2.46,3.0,1.0,5.54,7,11,-4.36,0.7916
Nebraska,Big Ten,12.37,8.46,3.54,4.0,0.0,4.46,8,12,1.64,0.557
Louisiana,Sun Belt,-2.36,8.43,3.57,3.0,1.0,5.43,8,12,-10.6,0.6784
Duke,ACC,6.12,8.39,3.61,4.0,0.0,4.39,8,12,-1.08,0.5492
BYU,Big 12,9.99,8.35,3.65,3.0,0.0,5.35,9,12,1.67,0.5944
Virginia Tech,ACC,5.38,8.26,3.74,4.0,0.0,4.26,8,12,-1.72,0.5325
Memphis,American Athletic,1.11,8.23,3.77,3.0,1.0,5.23,8,12,-6.95,0.654
UTSA,American Athletic,1.31,8.13,3.87,3.0,1.0,5.13,8,12,-5.01,0.6412
Mississippi State,SEC,10.87,8.07,3.93,4.0,0.0,4.07,8,12,4.99,0.5089
Kansas State,Big 12,7.52,7.99,4.01,3.0,1.0,4.99,8,12,-2.05,0.6233
Virginia,ACC,7.45,7.95,4.05,3.0,1.0,4.95,8,12,-2.26,0.6185
SMU,ACC,6.56,7.95,4.05,3.0,1.0,4.95,8,12,-1.44,0.6183
Wisconsin,Big Ten,8.18,7.85,4.15,3.0,1.0,4.85,8,12,1.4,0.6059
USC,Big Ten,13.91,7.78,4.22,4.0,1.0,3.78,7,12,7.0,0.5402
Tennessee,SEC,13.84,7.75,4.25,3.0,1.0,4.75,8,12,4.09,0.5944
Houston,Big 12,7.56,7.75,4.25,3.0,1.0,4.75,8,12,-0.24,0.5932
Western Michigan,Mid-American,-3.0,7.64,4.36,2.0,2.0,5.64,8,12,-10.49,0.7045
Wake Forest,ACC,2.25,7.61,4.39,3.0,1.0,4.61,8,12,-2.16,0.5759
Ole Miss,SEC,12.3,7.54,4.46,3.0,1.0,4.54,8,12,6.5,0.5678
Clemson,ACC,4.63,7.47,4.53,3.0,1.0,4.47,8,12,0.82,0.5593
Jacksonville State,Conference USA,-5.46,7.42,4.58,3.0,2.0,4.42,7,12,-11.23,0.631
Air Force,Mountain West,-3.61,7.28,4.72,2.0,1.0,5.28,9,12,-8.43,0.5868
Marshall,Sun Belt,-6.3,7.2,4.8,3.0,1.0,4.2,8,12,-8.22,0.5248
Florida Atlantic,American Athletic,-4.39,7.19,4.81,3.0,1.0,4.19,8,12,-5.84,0.5236
App State,Sun Belt,-6.21,7.15,4.85,3.0,1.0,4.15,8,12,-9.5,0.5188
Arizona,Big 12,6.12,7.14,4.86,3.0,1.0,4.14,8,12,0.12,0.5178
North Texas,American Athletic,-0.36,7.13,4.87,2.0,2.0,5.13,8,12,-6.0,0.6416
Louisville,ACC,7.44,7.12,4.88,2.0,2.0,5.12,8,12,-0.73,0.6396
Army,American Athletic,-2.95,6.97,5.03,2.0,1.0,4.97,9,12,-7.07,0.5527
Georgia State,Sun Belt,-5.87,6.97,5.03,3.0,1.0,3.97,8,12,-8.7,0.4961
Northwestern,Big Ten,8.49,6.95,5.05,2.0,1.0,4.95,9,12,2.84,0.5503
UCF,Big 12,2.63,6.94,5.06,3.0,1.0,3.94,8,12,-0.65,0.4926
Cincinnati,Big 12,1.72,6.92,5.08,4.0,0.0,2.92,8,12,1.1,0.3652
Fresno State,Pac-12,0.0,6.9,4.1,3.0,1.0,3.9,7,11,-3.93,0.5567
Ohio,Mid-American,-8.57,6.89,5.11,2.0,2.0,4.89,8,12,-11.87,0.6109
Michigan,Big Ten,9.95,6.88,5.12,3.0,1.0,3.88,8,12,7.09,0.4851
Baylor,Big 12,4.53,6.77,5.23,3.0,1.0,3.77,8,12,0.19,0.4716
Tulsa,American Athletic,-6.49,6.76,5.24,3.0,1.0,3.76,8,12,-7.59,0.4697
Miami (OH),Mid-American,-7.88,6.69,5.31,2.0,2.0,4.69,8,12,-10.52,0.5858
Florida International,Conference USA,-5.39,6.65,5.35,2.0,2.0,4.65,8,12,-10.13,0.5812
UNLV,Mountain West,-1.94,6.6,5.4,2.0,2.0,4.6,8,12,-5.63,0.5753
Oklahoma State,Big 12,1.18,6.48,5.52,3.0,1.0,3.48,8,12,0.5,0.4348
Texas A&M,SEC,11.81,6.44,5.56,2.0,2.0,4.44,8,12,5.07,0.5546
Auburn,SEC,8.88,6.44,5.56,3.0,1.0,3.44,8,12,6.33,0.4301
Central Michigan,Mid-American,-11.04,6.4,5.6,2.0,2.0,4.4,8,12,-10.47,0.5499
South Alabama,Sun Belt,-7.19,6.32,5.68,2.0,2.0,4.32,8,12,-9.43,0.5403
San José State,Mountain West,-7.56,6.3,6.7,2.0,2.0,4.3,9,13,-7.19,0.4775
Missouri,SEC,8.13,6.27,5.73,3.0,1.0,3.27,8,12,5.72,0.409
Iowa State,Big 12,5.42,6.25,5.75,2.0,2.0,4.25,8,12,0.8,0.5311
Tulane,American Athletic,-3.18,6.18,5.82,2.0,2.0,4.18,8,12,-3.49,0.5223
Troy,Sun Belt,-6.67,6.16,5.84,2.0,2.0,4.16,8,12,-8.92,0.5197
Kentucky,SEC,6.26,6.13,5.87,3.0,1.0,3.13,8,12,6.38,0.3907
Arizona State,Big 12,1.4,6.11,5.89,2.0,1.0,4.11,9,12,0.4,0.4567
NC State,ACC,0.8,6.11,5.89,2.0,2.0,4.11,8,12,-1.99,0.5134
East Carolina,American Athletic,-5.19,6.11,5.89,2.0,2.0,4.11,8,12,-6.46,0.5134
Washington,Big Ten,6.42,6.02,5.98,3.0,1.0,3.02,8,12,3.62,0.3779
Middle Tennessee,Conference USA,-8.39,6.0,6.0,2.0,2.0,4.0,8,12,-9.8,0.5
Arkansas State,Sun Belt,-9.53,5.9,6.1,2.0,2.0,3.9,8,12,-9.65,0.4878
Oklahoma,SEC,10.77,5.88,6.12,2.0,2.0,3.88,8,12,9.32,0.4856
Delaware,Conference USA,-9.21,5.8,6.2,2.0,2.0,3.8,8,12,-8.26,0.4752
Texas State,Pac-12,-1.43,5.76,5.24,2.0,2.0,3.76,7,11,-2.86,0.5376
Louisiana Tech,Sun Belt,-7.81,5.75,6.25,1.0,2.0,4.75,9,12,-7.57,0.5274
West Virginia,Big 12,-0.82,5.74,6.26,3.0,1.0,2.74,8,12,1.18,0.3431
UConn,FBS Independents,-5.99,5.7,6.3,2.0,2.0,3.7,8,12,-7.58,0.4622
Minnesota,Big Ten,1.67,5.58,6.42,3.0,1.0,2.58,8,12,3.3,0.3224
UAB,American Athletic,-8.53,5.53,6.47,2.0,2.0,3.53,8,12,-6.68,0.4413
North Carolina,ACC,1.43,5.48,6.52,2.0,1.0,3.48,9,12,2.98,0.3861
Illinois,Big Ten,4.17,5.47,6.53,2.0,2.0,3.47,8,12,3.21,0.4341
Buffalo,Mid-American,-13.04,5.46,6.54,2.0,2.0,3.46,8,12,-11.92,0.4329
Vanderbilt,SEC,4.16,5.45,6.55,3.0,1.0,2.45,8,12,5.81,0.306
TCU,Big 12,3.17,5.44,6.56,2.0,2.0,3.44,8,12,1.1,0.4295
Florida State,ACC,4.0,5.42,6.58,2.0,2.0,3.42,8,12,3.11,0.4273
Oregon State,Pac-12,-3.28,5.42,5.58,2.0,2.0,3.42,7,11,-4.53,0.4891
South Carolina,SEC,6.71,5.21,6.79,2.0,2.0,3.21,8,12,5.64,0.4015
Wyoming,Mountain West,-10.3,5.2,6.8,2.0,2.0,3.2,8,12,-9.17,0.3996
Temple,American Athletic,-5.39,5.13,6.87,1.0,3.0,4.13,8,12,-6.14,0.5166
Michigan State,Big Ten,2.46,5.05,6.95,2.0,2.0,3.05,8,12,6.96,0.3809
Navy,American Athletic,-4.83,4.96,7.04,1.0,2.0,3.96,9,12,-4.84,0.4401
Nevada,Mountain West,-4.62,4.92,7.08,1.0,3.0,3.92,8,12,-8.12,0.4897
Kent State,Mid-American,-16.43,4.92,7.08,2.0,2.0,2.92,8,12,-9.21,0.3652
California,ACC,-3.81,4.81,7.19,2.0,2.0,2.81,8,12,-0.37,0.3509
Georgia Southern,Sun Belt,-6.97,4.77,7.23,1.0,3.0,3.77,8,12,-6.22,0.4707
Eastern Michigan,Mid-American,-13.82,4.67,7.33,2.0,3.0,2.67,7,12,-9.78,0.3811
Colorado State,Pac-12,-6.87,4.6,6.4,2.0,2.0,2.6,7,11,-4.28,0.3709
Stanford,ACC,-6.85,4.51,7.49,2.0,2.0,2.51,8,12,1.7,0.3134
Hawai'i,Mountain West,-10.08,4.48,7.52,1.0,3.0,3.48,8,12,-7.5,0.4347
Old Dominion,Sun Belt,-10.05,4.47,7.53,1.0,3.0,3.47,8,12,-7.69,0.434
Missouri State,Conference USA,-12.11,4.34,7.66,1.0,3.0,3.34,8,12,-7.65,0.4178
Maryland,Big Ten,-2.12,4.33,7.67,2.0,2.0,2.33,8,12,3.29,0.2919
Western Kentucky,Conference USA,-12.69,4.33,7.67,1.0,3.0,3.33,8,12,-5.48,0.4162
Kennesaw State,Conference USA,-11.59,4.3,7.7,1.0,3.0,3.3,8,12,-8.38,0.4125
Colorado,Big 12,-3.6,4.27,7.73,2.0,2.0,2.27,8,12,2.19,0.2835
Coastal Carolina,Sun Belt,-9.82,4.16,7.84,1.0,3.0,3.16,8,12,-6.78,0.3949
San Diego State,Pac-12,-5.06,4.09,6.91,1.0,3.0,3.09,7,11,-2.95,0.4412
Arkansas,SEC,0.68,4.08,7.92,2.0,2.0,2.08,8,12,7.63,0.2603
Kansas,Big 12,-2.83,4.08,7.92,1.0,2.0,3.08,9,12,0.83,0.3426
Boston College,ACC,-5.31,3.94,8.06,2.0,2.0,1.94,8,12,2.41,0.2428
Sam Houston,Conference USA,-14.27,3.94,8.06,1.0,3.0,2.94,8,12,-8.38,0.3677
New Mexico State,Conference USA,-13.83,3.9,8.1,1.0,3.0,2.9,8,12,-8.46,0.3626
Utah State,Pac-12,-5.69,3.85,7.15,1.0,3.0,2.85,7,11,-2.98,0.4072
Washington State,Pac-12,-5.52,3.84,7.16,1.0,3.0,2.84,7,11,-2.67,0.4058
Syracuse,ACC,-3.82,3.82,8.18,1.0,2.0,2.82,9,12,0.72,0.3131
Southern Miss,Sun Belt,-14.9,3.54,8.46,1.0,3.0,2.54,8,12,-7.53,0.3169
Ball State,Mid-American,-17.22,3.51,8.49,1.0,3.0,2.51,8,12,-7.49,0.3137
Rice,American Athletic,-11.28,3.5,8.5,1.0,3.0,2.5,8,12,-3.46,0.3129
Georgia Tech,ACC,-2.93,3.47,8.53,1.0,3.0,2.47,8,12,1.56,0.3086
Bowling Green,Mid-American,-14.87,3.22,8.78,0.0,4.0,3.22,8,12,-8.2,0.402
Sacramento State,Mid-American,-19.36,3.13,8.87,1.0,4.0,2.13,7,12,-10.77,0.3046
Akron,Mid-American,-20.63,3.09,8.91,1.0,3.0,2.09,8,12,-9.45,0.2608
Purdue,Big Ten,-4.62,2.96,9.04,1.0,3.0,1.96,8,12,5.47,0.2446
UTEP,Mountain West,-19.25,2.78,9.22,1.0,3.0,1.78,8,12,-5.2,0.222
Rutgers,Big Ten,-4.1,2.73,9.27,1.0,3.0,1.73,8,12,3.53,0.2167
Northern Illinois,Mountain West,-15.59,2.46,9.54,0.0,4.0,2.46,8,12,-6.49,0.307
UL Monroe,Sun Belt,-17.88,2.14,9.86,0.0,4.0,2.14,8,12,-8.25,0.2671
Charlotte,American Athletic,-16.94,1.73,10.27,0.0,4.0,1.73,8,12,-5.43,0.2157
