year,week,home_team,away_team,model_home_margin,market_home_margin,actual_home_margin,football_home_margin,market_component_home_margin,model_vs_market_error,model_vs_actual_error,actual_vs_market_error
2025,2,Iowa State,Iowa,1.549,2.667,3.0,1.9,1.023,-1.117,-1.451,0.333
2025,2,Missouri,Kansas,0.958,6.333,11.0,-0.515,3.168,-5.375,-10.042,4.667
2025,2,Oklahoma,Michigan,-1.94,3.5,11.0,0.124,-5.035,-5.44,-12.94,7.5
2025,2,UNLV,UCLA,15.09,-2.5,7.0,17.448,11.554,17.59,8.09,9.5
2025,2,Mississippi State,Arizona State,-3.216,-5.75,4.0,-3.257,-3.155,2.534,-7.216,9.75
2025,2,Washington State,San Diego State,8.223,2.25,23.0,8.223,8.223,5.973,-14.777,20.75
2025,2,Louisville,James Madison,7.99,15.25,14.0,7.99,7.99,-7.26,-6.01,-1.25
2025,2,Maryland,Northern Illinois,9.184,16.75,11.0,10.777,6.793,-7.566,-1.816,-5.75
2025,2,Syracuse,UConn,5.078,7.25,7.0,4.453,6.014,-2.172,-1.922,-0.25
2025,2,SMU,Baylor,9.598,2.75,-3.0,10.72,7.914,6.848,12.598,-5.75
2025,2,Duke,Illinois,1.035,-2.5,-26.0,1.035,1.035,3.535,27.035,-23.5
2025,2,Penn State,Florida International,29.659,41.75,34.0,28.399,31.548,-12.091,-4.341,-7.75
2025,2,Florida,South Florida,7.564,18.5,-2.0,4.116,12.737,-10.936,9.564,-20.5
2025,2,Michigan State,Boston College,2.774,3.5,2.0,1.962,3.991,-0.726,0.774,-1.5
2025,2,UTSA,Texas State,-3.294,4.5,-7.0,-3.58,-2.864,-7.794,3.706,-11.5
2025,2,Kentucky,Ole Miss,-12.688,-7.75,-7.0,-12.604,-12.814,-4.938,-5.688,0.75
2025,2,Texas Tech,Kent State,23.31,48.0,48.0,23.31,23.31,-24.69,-24.69,0.0
2025,2,Pittsburgh,Central Michigan,10.163,21.5,28.0,8.721,12.326,-11.337,-17.837,6.5
2025,2,Indiana,Kennesaw State,22.38,35.5,47.0,19.398,26.854,-13.12,-24.62,11.5
2025,2,Jacksonville State,Liberty,3.079,-6.25,10.0,4.783,0.523,9.329,-6.921,16.25
2025,2,Cincinnati,Bowling Green,3.138,22.0,14.0,3.735,2.242,-18.862,-10.862,-8.0
2025,2,BYU,Stanford,14.391,20.5,24.0,14.764,13.831,-6.109,-9.609,3.5
2025,2,Ohio,West Virginia,3.302,-3.5,7.0,4.699,1.208,6.802,-3.698,10.5
2025,2,Texas,San José State,22.346,36.75,31.0,23.07,21.26,-14.404,-8.654,-5.75
2025,2,NC State,Virginia,0.204,2.75,4.0,-2.525,4.297,-2.546,-3.796,1.25
2025,2,Texas A&M,Utah State,18.445,34.5,22.0,16.699,21.065,-16.055,-3.555,-12.5
2025,2,Arkansas,Arkansas State,11.733,24.0,42.0,11.733,11.733,-12.267,-30.267,18.0
2025,2,Western Michigan,North Texas,-3.517,-12.25,-3.0,-2.705,-4.734,8.733,-0.517,9.25
2025,2,Rice,Houston,0.823,-13.5,-26.0,2.064,-1.038,14.323,26.823,-12.5
2025,2,Georgia State,Memphis,-11.302,-15.0,-22.0,-11.009,-11.742,3.698,10.698,-7.0
2025,2,Wisconsin,Middle Tennessee,18.262,28.5,32.0,17.807,18.945,-10.238,-13.738,3.5
2025,2,Rutgers,Miami (OH),8.204,15.5,28.0,6.352,10.981,-7.296,-19.796,12.5
2025,2,Oregon,Oklahoma State,21.329,28.5,66.0,21.329,21.329,-7.171,-44.671,37.5
2025,2,Marshall,Missouri State,9.93,7.25,-1.0,10.298,9.378,2.68,10.93,-8.25
2025,2,Colorado,Delaware,9.389,23.5,24.0,9.579,9.104,-14.111,-14.611,0.5
2025,2,Oregon State,Fresno State,-2.197,1.25,-9.0,-5.41,2.622,-3.447,6.803,-10.25
2025,2,Clemson,Troy,12.478,30.25,11.0,11.386,14.116,-17.772,1.478,-19.25
2025,2,Navy,UAB,10.647,21.5,14.0,10.647,10.647,-10.853,-3.353,-7.5
2025,2,Kansas State,Army,11.381,16.75,-3.0,11.03,11.907,-5.369,14.381,-19.75
2025,2,South Alabama,Tulane,-2.048,-13.5,-2.0,-3.557,0.215,11.452,-0.048,11.5
2025,2,LSU,Louisiana Tech,19.098,36.5,16.0,20.191,17.46,-17.402,3.098,-20.5
2025,2,USC,Georgia Southern,24.938,28.75,39.0,27.47,21.139,-3.812,-14.062,10.25
2025,2,Auburn,Ball State,27.183,42.75,39.0,29.404,23.851,-15.567,-11.817,-3.75
2025,2,Toledo,Western Kentucky,1.685,8.0,24.0,1.348,2.19,-6.315,-22.315,16.0
2025,2,Nebraska,Akron,18.417,33.75,68.0,17.844,19.277,-15.333,-49.583,34.25
2025,2,Alabama,UL Monroe,21.696,34.25,73.0,18.89,25.904,-12.554,-51.304,38.75
2025,2,New Mexico State,Tulsa,6.147,-3.25,7.0,6.147,6.147,9.397,-0.853,10.25
2025,2,Hawai'i,Sam Houston,-2.152,7.25,17.0,-2.741,-1.268,-9.402,-19.152,9.75
2025,2,Virginia Tech,Vanderbilt,5.199,2.0,-24.0,4.565,6.149,3.199,29.199,-26.0
2025,2,Charlotte,North Carolina,-5.897,-15.75,-17.0,-3.965,-8.795,9.853,11.103,-1.25
2025,3,LSU,Florida,7.708,5.0,10.0,7.472,8.062,2.708,-2.292,5.0
2025,3,Tennessee,Georgia,-8.772,-3.5,-3.0,-7.078,-11.314,-5.272,-5.772,0.5
2025,3,Georgia Tech,Clemson,-0.062,-2.833,3.0,2.698,-4.203,2.771,-3.062,5.833
2025,3,West Virginia,Pittsburgh,-0.44,-6.833,7.0,-2.476,2.614,6.393,-7.44,13.833
2025,3,Notre Dame,Texas A&M,9.049,6.833,-1.0,10.764,6.476,2.216,10.049,-7.833
2025,3,Houston,Colorado,2.121,3.833,16.0,2.859,1.015,-1.712,-13.879,12.167
2025,3,Arizona,Kansas State,3.137,-1.5,6.0,6.801,-2.358,4.637,-2.863,7.5
2025,3,Wake Forest,NC State,-4.146,-7.333,-10.0,-5.825,-1.627,3.188,5.854,-2.667
2025,3,UCLA,New Mexico,9.286,15.5,-25.0,4.058,17.127,-6.214,34.286,-40.5
2025,3,Northwestern,Oregon,-17.526,-25.5,-20.0,-20.475,-13.102,7.974,2.474,5.5
2025,3,Tulane,Duke,13.134,0.5,7.0,15.0,10.334,12.634,6.134,6.5
2025,3,Temple,Oklahoma,-10.377,-23.833,-39.0,-7.818,-14.214,13.457,28.623,-15.167
2025,3,Troy,Memphis,-7.096,-4.5,-21.0,-5.512,-9.471,-2.596,13.904,-16.5
2025,3,Alabama,Wisconsin,8.835,18.5,24.0,7.146,11.369,-9.665,-15.165,5.5
2025,3,Texas Tech,Oregon State,18.38,24.0,31.0,17.898,19.102,-5.62,-12.62,7.0
2025,3,North Texas,Washington State,0.078,6.5,49.0,-3.49,5.43,-6.422,-48.922,42.5
2025,3,Virginia Tech,Old Dominion,3.204,5.5,-19.0,-0.269,8.413,-2.296,22.204,-24.5
2025,3,Purdue,USC,-18.287,-20.5,-16.0,-15.687,-22.186,2.213,-2.287,4.5
2025,3,Iowa,Massachusetts,25.716,35.333,40.0,28.075,22.178,-9.617,-14.284,4.667
2025,3,South Carolina,Vanderbilt,3.097,2.833,-24.0,1.343,5.729,0.264,27.097,-26.833
2025,3,Wyoming,Utah,-12.781,-24.5,-25.0,-13.91,-11.087,11.719,12.219,-0.5
2025,3,Tulsa,Navy,-11.957,-13.667,-19.0,-12.372,-11.334,1.71,7.043,-5.333
2025,3,Miami,South Florida,10.306,17.667,37.0,6.241,16.404,-7.361,-26.694,19.333
2025,3,Kent State,Buffalo,-14.082,-24.0,-3.0,-12.556,-16.372,9.918,-11.082,21.0
2025,3,Michigan,Central Michigan,23.553,27.667,60.0,20.128,28.69,-4.114,-36.447,32.333
2025,3,Delaware,UConn,-4.695,-8.667,3.0,-3.908,-5.877,3.971,-7.695,11.667
2025,3,Auburn,South Alabama,16.903,26.333,16.0,14.169,21.003,-9.43,0.903,-10.333
2025,3,Missouri State,SMU,-9.844,-28.833,-18.0,-8.138,-12.403,18.989,8.156,10.833
2025,3,Arkansas State,Iowa State,-12.613,-21.0,-8.0,-13.364,-11.485,8.387,-4.613,13.0
2025,3,Southern Miss,App State,-12.897,-2.833,16.0,-13.437,-12.087,-10.064,-28.897,18.833
2025,3,Louisiana Tech,New Mexico State,7.554,10.167,35.0,8.989,5.403,-2.612,-27.446,24.833
2025,3,Missouri,Louisiana,14.906,27.5,42.0,16.831,12.018,-12.594,-27.094,14.5
2025,3,Kentucky,Eastern Michigan,14.844,26.667,25.0,15.767,13.46,-11.823,-10.156,-1.667
2025,3,Ole Miss,Arkansas,8.442,3.833,6.0,7.316,10.132,4.609,2.442,2.167
2025,3,California,Minnesota,2.126,-3.167,13.0,4.369,-1.238,5.293,-10.874,16.167
2025,3,Texas,UTEP,29.286,39.833,17.0,27.918,31.338,-10.547,12.286,-22.833
2025,3,Utah State,Air Force,-2.295,-4.0,19.0,-0.465,-5.039,1.705,-21.295,23.0
2025,3,Nevada,Middle Tennessee,5.512,9.333,-1.0,6.531,3.982,-3.822,6.512,-10.333
2025,3,Bowling Green,Liberty,-3.916,-6.0,10.0,-0.633,-8.84,2.084,-13.916,16.0
2025,3,Florida International,Florida Atlantic,5.457,2.0,10.0,8.355,1.11,3.457,-4.543,8.0
2025,3,Ohio State,Ohio,19.642,28.333,28.0,17.456,22.921,-8.691,-8.358,-0.333
2025,3,Georgia Southern,Jacksonville State,-5.027,3.167,7.0,-10.949,3.856,-8.193,-12.027,3.833
2025,3,Illinois,Western Michigan,20.77,27.5,38.0,21.044,20.36,-6.73,-17.23,10.5
2025,3,Arizona State,Texas State,4.895,18.5,19.0,1.639,9.777,-13.605,-14.105,0.5
2025,3,Stanford,Boston College,-6.036,-13.833,10.0,-6.387,-5.508,7.798,-16.036,23.833
2025,3,Coastal Carolina,East Carolina,-4.425,-7.167,-38.0,-7.748,0.56,2.742,33.575,-30.833
2025,3,UAB,Akron,10.522,12.667,3.0,11.874,8.495,-2.144,7.522,-9.667
2025,4,Nebraska,Michigan,-0.692,-0.667,-3.0,-0.759,-0.59,-0.025,2.308,-2.333
2025,4,Washington State,Washington,-8.527,-20.833,-35.0,-8.498,-8.569,12.307,26.473,-14.167
2025,4,Oregon,Oregon State,30.225,34.0,34.0,31.365,28.515,-3.775,-3.775,0.0
2025,4,Utah,Texas Tech,4.258,3.5,-24.0,6.288,1.213,0.758,28.258,-27.5
2025,4,Indiana,Illinois,4.327,7.0,53.0,1.385,8.741,-2.673,-48.673,46.0
2025,4,Miami,Florida,10.363,8.5,19.0,14.992,3.42,1.863,-8.637,10.5
2025,4,Rutgers,Iowa,-0.493,-2.333,-10.0,0.844,-2.497,1.841,9.507,-7.667
2025,4,TCU,SMU,6.549,6.5,11.0,11.279,-0.546,0.049,-4.451,4.5
2025,4,Baylor,Arizona State,-2.064,2.5,-3.0,-3.412,-0.041,-4.564,0.936,-5.5
2025,4,Wisconsin,Maryland,3.366,10.5,-17.0,2.143,5.2,-7.134,20.366,-27.5
2025,4,Oklahoma,Auburn,5.191,6.5,7.0,7.399,1.879,-1.309,-1.809,0.5
2025,4,USC,Michigan State,19.861,18.5,14.0,20.962,18.21,1.361,5.861,-4.5
2025,4,Notre Dame,Purdue,23.642,24.5,26.0,20.994,27.614,-0.858,-2.358,1.5
2025,4,Missouri,South Carolina,12.636,10.167,9.0,14.843,9.327,2.47,3.636,-1.167
2025,4,Oklahoma State,Tulsa,8.939,10.167,-7.0,9.722,7.763,-1.228,15.939,-17.167
2025,4,Charlotte,Rice,-3.611,-1.667,-11.0,-5.836,-0.272,-1.944,7.389,-9.333
2025,4,Miami (OH),UNLV,-5.775,-1.833,-3.0,-6.853,-4.159,-3.942,-2.775,-1.167
2025,4,Army,North Texas,-4.391,-2.5,-7.0,-4.465,-4.281,-1.891,2.609,-4.5
2025,4,Eastern Michigan,Louisiana,-0.701,-2.167,3.0,0.698,-2.8,1.466,-3.701,5.167
2025,4,UCF,North Carolina,8.203,7.167,25.0,9.041,6.944,1.036,-16.797,17.833
2025,4,Georgia Tech,Temple,17.335,24.5,21.0,14.676,21.322,-7.165,-3.665,-3.5
2025,4,Louisville,Bowling Green,15.304,26.167,23.0,12.647,19.29,-10.863,-7.696,-3.167
2025,4,East Carolina,BYU,-1.559,-6.167,-21.0,0.45,-4.574,4.607,19.441,-14.833
2025,4,Clemson,Syracuse,11.189,17.5,-13.0,8.461,15.281,-6.311,24.189,-30.5
2025,4,Buffalo,Troy,3.319,5.833,-4.0,1.686,5.767,-2.515,7.319,-9.833
2025,4,Florida State,Kent State,28.082,45.0,56.0,26.831,29.958,-16.918,-27.918,11.0
2025,4,Western Michigan,Toledo,-10.33,-12.667,1.0,-10.062,-10.733,2.336,-11.33,13.667
2025,4,Duke,NC State,-2.83,3.167,12.0,-4.995,0.417,-5.997,-14.83,8.833
2025,4,Tennessee,UAB,23.348,39.0,32.0,23.063,23.776,-15.652,-8.652,-7.0
2025,4,South Alabama,Coastal Carolina,13.884,14.667,-18.0,20.419,4.081,-0.783,31.884,-32.667
2025,4,Colorado,Wyoming,13.342,12.333,17.0,11.453,16.177,1.009,-3.658,4.667
2025,4,Colorado State,UTSA,-2.272,-5.0,-1.0,-1.121,-3.999,2.728,-1.272,4.0
2025,4,Kansas,West Virginia,9.812,12.833,31.0,9.767,9.879,-3.022,-21.188,18.167
2025,4,Ole Miss,Tulane,13.108,12.167,35.0,12.416,14.147,0.941,-21.892,22.833
2025,4,Memphis,Arkansas,-0.32,-7.167,1.0,1.83,-3.545,6.847,-1.32,8.167
2025,4,UConn,Ball State,17.976,21.0,6.0,16.496,20.195,-3.024,11.976,-15.0
2025,4,Mississippi State,Northern Illinois,11.06,24.0,28.0,10.753,11.521,-12.94,-16.94,4.0
2025,4,Virginia,Stanford,12.645,16.167,28.0,11.821,13.88,-3.522,-15.355,11.833
2025,4,Liberty,James Madison,1.499,-7.5,-18.0,-1.178,5.514,8.999,19.499,-10.5
2025,4,Hawai'i,Fresno State,-6.183,-2.5,-2.0,-8.285,-3.029,-3.683,-4.183,0.5
2025,4,Florida International,Delaware,5.812,4.5,-22.0,5.325,6.542,1.312,27.812,-26.5
2025,4,Kennesaw State,Arkansas State,-0.29,-4.5,7.0,0.906,-2.085,4.21,-7.29,11.5
2025,4,Western Kentucky,Nevada,7.175,7.833,15.0,6.519,8.16,-0.658,-7.825,7.167
2025,4,Air Force,Boise State,-1.457,-11.0,-12.0,0.403,-4.247,9.543,10.543,-1.0
2025,4,Vanderbilt,Georgia State,25.055,27.333,49.0,28.257,20.252,-2.278,-23.945,21.667
2025,4,Louisiana Tech,Southern Miss,8.194,3.167,10.0,11.236,3.631,5.027,-1.806,6.833
2025,4,Middle Tennessee,Marshall,-3.327,-2.5,-14.0,-2.989,-3.834,-0.827,10.673,-11.5
2025,4,Texas,Sam Houston,32.182,39.5,55.0,30.191,35.169,-7.318,-22.818,15.5
2025,4,UTEP,UL Monroe,7.55,5.333,-6.0,10.031,3.829,2.217,13.55,-11.333
2025,4,San Diego State,California,-10.757,-13.833,34.0,-16.105,-2.733,3.077,-44.757,47.833
2025,5,Arkansas,Notre Dame,-4.289,-5.333,-43.0,-3.618,-5.295,1.045,38.711,-37.667
2025,5,Washington,Ohio State,-5.063,-9.333,-18.0,-4.53,-5.861,4.271,12.937,-8.667
2025,5,Ole Miss,LSU,6.388,2.833,5.0,9.09,2.334,3.554,1.388,2.167
2025,5,Georgia,Alabama,7.052,2.333,-3.0,8.348,5.107,4.718,10.052,-5.333
2025,5,Penn State,Oregon,5.56,4.0,-6.0,4.445,7.233,1.56,11.56,-10.0
2025,5,Virginia,Florida State,-1.239,-6.833,8.0,-0.655,-2.116,5.594,-9.239,14.833
2025,5,Oregon State,Houston,-12.979,-11.833,-3.0,-17.141,-6.736,-1.146,-9.979,8.833
2025,5,Arizona State,TCU,0.851,2.833,3.0,-1.248,3.998,-1.983,-2.149,0.167
2025,5,Kansas State,UCF,-0.619,5.833,14.0,-2.588,2.334,-6.453,-14.619,8.167
2025,5,Iowa State,Arizona,5.156,4.0,25.0,1.902,10.039,1.156,-19.844,21.0
2025,5,East Carolina,Army,6.707,3.5,22.0,7.007,6.257,3.207,-15.293,18.5
2025,5,Mississippi State,Tennessee,-5.232,-7.5,-7.0,-3.37,-8.025,2.268,1.768,0.5
2025,5,James Madison,Georgia Southern,13.492,15.333,25.0,15.145,11.014,-1.841,-11.508,9.667
2025,5,Iowa,Indiana,-5.637,-9.167,-5.0,-8.355,-1.56,3.53,-0.637,4.167
2025,5,West Virginia,Utah,-9.537,-13.167,-34.0,-8.596,-10.948,3.63,24.463,-20.833
2025,5,Illinois,USC,-6.232,-6.5,2.0,-5.762,-6.937,0.268,-8.232,8.5
2025,5,Ohio,Bowling Green,7.143,7.667,15.0,6.864,7.562,-0.523,-7.857,7.333
2025,5,Texas A&M,Auburn,5.237,6.5,6.0,5.311,5.127,-1.263,-0.763,-0.5
2025,5,Old Dominion,Liberty,9.728,14.5,14.0,15.172,1.563,-4.772,-4.272,-0.5
2025,5,Toledo,Akron,20.036,21.667,42.0,19.577,20.724,-1.631,-21.964,20.333
2025,5,Florida Atlantic,Memphis,-14.638,-13.833,-29.0,-19.366,-7.545,-0.805,14.362,-15.167
2025,5,Boston College,California,2.587,6.167,-4.0,1.969,3.514,-3.58,6.587,-10.167
2025,5,Northern Illinois,San Diego State,-1.214,-1.667,-3.0,-2.195,0.258,0.453,1.786,-1.333
2025,5,Minnesota,Rutgers,1.287,3.667,3.0,-1.004,4.722,-2.38,-1.713,-0.667
2025,5,Wake Forest,Georgia Tech,-9.985,-12.667,-1.0,-10.517,-9.187,2.681,-8.985,11.667
2025,5,Buffalo,UConn,-1.479,-2.833,-3.0,-1.769,-1.043,1.355,1.521,-0.167
2025,5,Syracuse,Duke,6.577,-4.0,-35.0,9.397,2.346,10.577,41.577,-31.0
2025,5,Pittsburgh,Louisville,-5.761,-3.167,-7.0,-6.684,-4.378,-2.595,1.239,-3.833
2025,5,NC State,Virginia Tech,8.652,10.167,-2.0,11.003,5.125,-1.515,10.652,-12.167
2025,5,Vanderbilt,Utah State,19.036,23.667,20.0,19.453,18.409,-4.631,-0.964,-3.667
2025,5,Air Force,Hawai'i,4.716,6.833,-9.0,2.687,7.759,-2.118,13.716,-15.833
2025,5,Boise State,App State,7.245,16.833,33.0,4.509,11.349,-9.588,-25.755,16.167
2025,5,Central Michigan,Eastern Michigan,0.838,3.167,11.0,0.124,1.909,-2.328,-10.162,7.833
2025,5,Northwestern,UCLA,4.542,6.167,3.0,8.636,-1.6,-1.625,1.542,-3.167
2025,5,Kansas,Cincinnati,10.018,5.167,-3.0,12.313,6.574,4.851,13.018,-8.167
2025,5,Navy,Rice,15.756,14.167,8.0,14.252,18.013,1.59,7.756,-6.167
2025,5,New Mexico,New Mexico State,13.527,16.833,18.0,18.024,6.781,-3.306,-4.473,1.167
2025,5,Southern Miss,Jacksonville State,-1.429,4.833,17.0,-1.517,-1.296,-6.262,-18.429,12.167
2025,5,Tulsa,Tulane,-10.812,-14.5,-17.0,-9.831,-12.283,3.688,6.188,-2.5
2025,5,South Carolina,Kentucky,0.46,5.667,22.0,-0.689,2.183,-5.207,-21.54,16.333
2025,5,North Texas,South Alabama,13.402,12.667,14.0,16.874,8.195,0.736,-0.598,1.333
2025,5,Oklahoma State,Baylor,-12.122,-21.167,-18.0,-12.91,-10.939,9.045,5.878,3.167
2025,5,Louisiana,Marshall,-0.519,-2.167,3.0,-3.418,3.83,1.648,-3.519,5.167
2025,5,UL Monroe,Arkansas State,2.599,1.5,12.0,3.306,1.537,1.099,-9.401,10.5
2025,5,Missouri,Massachusetts,35.124,44.5,36.0,37.136,32.105,-9.376,-0.876,-8.5
2025,5,UTEP,Louisiana Tech,-3.901,-3.5,-19.0,-7.876,2.063,-0.401,15.099,-15.5
2025,5,Missouri State,Western Kentucky,-3.37,-3.5,-5.0,-0.965,-6.978,0.13,1.63,-1.5
2025,5,Kennesaw State,Middle Tennessee,4.737,7.167,8.0,7.77,0.186,-2.43,-3.263,0.833
2025,5,Colorado,BYU,-3.741,-6.5,-3.0,-5.73,-0.756,2.759,-0.741,3.5
2025,5,Colorado State,Washington State,6.022,5.167,-17.0,7.5,3.805,0.856,23.022,-22.167
2025,5,Stanford,San José State,2.342,3.167,1.0,5.035,-1.698,-0.825,1.342,-2.167
2025,6,Florida,Texas,-8.857,-4.5,8.0,-8.088,-10.01,-4.357,-16.857,12.5
2025,6,Florida State,Miami,-5.205,-3.167,-6.0,-7.007,-2.503,-2.039,0.795,-2.833
2025,6,Notre Dame,Boise State,19.439,21.5,21.0,22.917,14.222,-2.061,-1.561,-0.5
2025,6,North Carolina,Clemson,-8.512,-15.167,-28.0,-7.33,-10.285,6.655,19.488,-12.833
2025,6,Alabama,Vanderbilt,8.177,13.5,16.0,2.681,16.421,-5.323,-7.823,2.5
2025,6,Georgia,Kentucky,18.952,19.667,21.0,18.732,19.281,-0.715,-2.048,1.333
2025,6,Michigan,Wisconsin,12.701,17.333,14.0,14.453,10.073,-4.632,-1.299,-3.333
2025,6,Ohio State,Minnesota,20.803,23.5,39.0,23.59,16.622,-2.697,-18.197,15.5
2025,6,TCU,Colorado,11.056,13.833,14.0,11.743,10.025,-2.777,-2.944,0.167
2025,6,Texas A&M,Mississippi State,10.676,17.5,22.0,8.738,13.583,-6.824,-11.324,4.5
2025,6,Houston,Texas Tech,-6.825,-12.667,-24.0,-7.834,-5.312,5.841,17.175,-11.333
2025,6,Maryland,Washington,-1.741,-5.5,-4.0,1.252,-6.232,3.759,2.259,1.5
2025,6,Nebraska,Michigan State,11.265,12.833,11.0,11.293,11.222,-1.569,0.265,-1.833
2025,6,California,Duke,-2.448,-3.5,-24.0,-3.078,-1.502,1.052,21.552,-20.5
2025,6,Louisville,Virginia,7.119,6.5,-3.0,3.738,12.19,0.619,10.119,-9.5
2025,6,Cincinnati,Iowa State,-0.855,1.667,8.0,-0.897,-0.792,-2.522,-8.855,6.333
2025,6,Navy,Air Force,12.914,13.5,3.0,14.769,10.131,-0.586,9.914,-10.5
2025,6,South Florida,Charlotte,22.131,28.0,28.0,26.773,15.167,-5.869,-5.869,0.0
2025,6,BYU,West Virginia,18.961,19.667,14.0,22.454,13.721,-0.706,4.961,-5.667
2025,6,New Mexico State,Sam Houston,0.395,-2.0,27.0,2.651,-2.989,2.395,-26.605,29.0
2025,6,Pittsburgh,Boston College,5.728,6.667,41.0,7.079,3.701,-0.939,-35.272,34.333
2025,6,Delaware,Western Kentucky,0.103,2.667,-3.0,2.927,-4.133,-2.564,3.103,-5.667
2025,6,San José State,New Mexico,-1.59,2.0,7.0,-6.288,5.459,-3.59,-8.59,5.0
2025,6,San Diego State,Colorado State,7.434,4.5,21.0,11.249,1.711,2.934,-13.566,16.5
2025,6,App State,Oregon State,4.056,2.0,4.0,2.947,5.719,2.056,0.056,2.0
2025,6,Old Dominion,Coastal Carolina,16.862,19.0,40.0,18.436,14.501,-2.138,-23.138,21.0
2025,6,Ball State,Ohio,-12.411,-14.167,6.0,-13.54,-10.718,1.755,-18.411,20.167
2025,6,Akron,Central Michigan,-3.312,-7.0,6.0,-3.38,-3.21,3.688,-9.312,13.0
2025,6,Buffalo,Eastern Michigan,8.673,9.5,1.0,7.643,10.219,-0.827,7.673,-8.5
2025,6,Virginia Tech,Wake Forest,5.92,5.0,-7.0,4.238,8.443,0.92,12.92,-12.0
2025,6,Massachusetts,Western Michigan,-8.212,-12.333,-18.0,-10.768,-4.378,4.122,9.788,-5.667
2025,6,Troy,South Alabama,3.907,-2.5,7.0,4.875,2.456,6.407,-3.093,9.5
2025,6,Georgia State,James Madison,-15.399,-19.333,-7.0,-15.284,-15.572,3.935,-8.399,12.333
2025,6,Memphis,Tulsa,23.227,21.167,38.0,26.252,18.689,2.06,-14.773,16.833
2025,6,Northwestern,UL Monroe,8.103,12.833,35.0,4.553,13.428,-4.73,-26.897,22.167
2025,6,Purdue,Illinois,-8.871,-7.167,-16.0,-7.661,-10.686,-1.704,7.129,-8.833
2025,6,Arizona,Oklahoma State,15.331,22.167,28.0,17.231,12.482,-6.836,-12.669,5.833
2025,6,Northern Illinois,Miami (OH),0.478,-4.667,-11.0,3.309,-3.769,5.144,11.478,-6.333
2025,6,Rice,Florida Atlantic,6.347,4.667,-6.0,9.166,2.119,1.68,12.347,-10.667
2025,6,UCLA,Penn State,-23.202,-24.5,5.0,-24.5,-21.255,1.298,-28.202,29.5
2025,6,SMU,Syracuse,11.484,17.5,13.0,11.254,11.829,-6.016,-1.516,-4.5
2025,6,Baylor,Kansas State,5.028,4.667,1.0,4.444,5.904,0.361,4.028,-3.667
2025,6,UAB,Army,-3.951,-6.5,-18.0,-3.218,-5.05,2.549,14.049,-11.5
2025,6,Oklahoma,Kent State,40.288,46.5,44.0,36.652,45.743,-6.212,-3.712,-2.5
2025,6,UConn,Florida International,10.34,6.833,41.0,9.374,11.789,3.506,-30.66,34.167
2025,6,Wyoming,UNLV,-7.269,-4.333,-14.0,-7.422,-7.038,-2.935,6.731,-9.667
2025,6,Arkansas State,Texas State,-9.935,-14.167,1.0,-12.323,-6.354,4.232,-10.935,15.167
2025,6,Fresno State,Nevada,12.838,12.5,3.0,15.376,9.032,0.338,9.838,-9.5
2025,6,Temple,UTSA,-5.763,-6.5,6.0,-3.309,-9.444,0.737,-11.763,12.5
2025,6,UCF,Kansas,-2.362,-3.833,-7.0,-4.358,0.631,1.471,4.638,-3.167
2025,7,Utah,Arizona State,5.259,9.167,32.0,6.457,3.463,-3.907,-26.741,22.833
2025,7,Texas,Oklahoma,3.259,2.5,17.0,-1.157,9.884,0.759,-13.741,14.5
2025,7,Oregon,Indiana,3.523,7.0,-10.0,0.926,7.418,-3.477,13.523,-17.0
2025,7,Auburn,Georgia,-4.61,-4.5,-10.0,-4.089,-5.392,-0.11,5.39,-5.5
2025,7,Illinois,Ohio State,-8.795,-15.0,-18.0,-7.962,-10.044,6.205,9.205,-3.0
2025,7,Notre Dame,NC State,20.71,23.833,29.0,22.794,17.585,-3.123,-8.29,5.167
2025,7,Middle Tennessee,Missouri State,-1.274,-2.833,-2.0,-2.242,0.177,1.559,0.726,0.833
2025,7,North Texas,South Florida,3.461,2.5,-27.0,3.695,3.11,0.961,30.461,-29.5
2025,7,Washington,Rutgers,9.103,9.5,19.0,9.622,8.326,-0.397,-9.897,9.5
2025,7,Tulane,East Carolina,4.245,6.833,7.0,1.033,9.065,-2.588,-2.755,0.167
2025,7,Wisconsin,Iowa,-2.609,-5.0,-37.0,-4.976,0.942,2.391,34.391,-32.0
2025,7,Missouri,Alabama,-3.378,-3.167,-3.0,-3.073,-3.835,-0.211,-0.378,0.167
2025,7,Tennessee,Arkansas,7.933,10.167,3.0,8.694,6.792,-2.233,4.933,-7.167
2025,7,Colorado State,Fresno State,-4.659,-5.667,28.0,-6.746,-1.529,1.007,-32.659,33.667
2025,7,UTEP,Liberty,-2.654,-1.667,-11.0,-0.567,-5.784,-0.987,8.346,-9.333
2025,7,Kent State,Massachusetts,3.085,1.333,36.0,7.956,-4.221,1.752,-32.915,34.667
2025,7,Texas A&M,Florida,9.906,6.833,17.0,11.401,7.664,3.073,-7.094,10.167
2025,7,Kennesaw State,Louisiana Tech,-7.915,-4.833,28.0,-10.852,-3.51,-3.082,-35.915,32.833
2025,7,Cincinnati,UCF,5.78,10.333,9.0,7.522,3.167,-4.554,-3.22,-1.333
2025,7,LSU,South Carolina,10.271,8.333,10.0,9.972,10.72,1.938,0.271,1.667
2025,7,Sam Houston,Jacksonville State,-6.46,-7.167,-2.0,-9.735,-1.549,0.706,-4.46,5.167
2025,7,Georgia Southern,Southern Miss,-1.393,-2.833,-3.0,-5.954,5.448,1.44,1.607,-0.167
2025,7,James Madison,Louisiana,15.192,18.5,10.0,16.171,13.722,-3.308,5.192,-8.5
2025,7,Army,Charlotte,18.83,17.5,17.0,21.107,15.415,1.33,1.83,-0.5
2025,7,Marshall,Old Dominion,-8.93,-14.5,24.0,-10.725,-6.238,5.57,-32.93,38.5
2025,7,Maryland,Nebraska,-2.965,-6.833,-3.0,0.322,-7.896,3.868,0.035,3.833
2025,7,Florida State,Pittsburgh,7.125,10.833,-3.0,8.213,5.493,-3.708,10.125,-13.833
2025,7,Temple,Navy,-6.749,-10.167,-1.0,-2.926,-12.484,3.418,-5.749,9.167
2025,7,Florida Atlantic,UAB,3.914,4.833,20.0,2.762,5.64,-0.92,-16.086,15.167
2025,7,Georgia State,App State,-2.945,-2.833,-21.0,0.026,-7.4,-0.111,18.055,-18.167
2025,7,Penn State,Northwestern,20.519,20.5,-1.0,15.189,28.515,0.019,21.519,-21.5
2025,7,Georgia Tech,Virginia Tech,11.626,14.167,15.0,13.013,9.545,-2.541,-3.374,0.833
2025,7,Michigan State,UCLA,6.499,6.833,-25.0,8.121,4.068,-0.334,31.499,-31.833
2025,7,Bowling Green,Toledo,-7.948,-10.667,5.0,-7.657,-8.383,2.719,-12.948,15.667
2025,7,Coastal Carolina,UL Monroe,2.05,-2.833,15.0,1.538,2.82,4.884,-12.95,17.833
2025,7,Akron,Miami (OH),-9.79,-11.667,-13.0,-9.079,-10.857,1.876,3.21,-1.333
2025,7,Texas Tech,Kansas,10.957,13.5,25.0,12.598,8.495,-2.543,-14.043,11.5
2025,7,Eastern Michigan,Northern Illinois,0.153,-1.5,6.0,-1.341,2.394,1.653,-5.847,7.5
2025,7,Ole Miss,Washington State,24.791,33.0,3.0,24.796,24.784,-8.209,21.791,-30.0
2025,7,Colorado,Iowa State,-2.149,-2.833,7.0,-2.23,-2.028,0.684,-9.149,9.833
2025,7,Western Michigan,Ball State,8.34,9.5,42.0,7.853,9.071,-1.16,-33.66,32.5
2025,7,Arizona,BYU,-3.849,-2.5,-6.0,-4.638,-2.665,-1.349,2.151,-3.5
2025,7,Boise State,New Mexico,10.265,14.833,16.0,5.534,17.362,-4.568,-5.735,1.167
2025,7,SMU,Stanford,18.505,19.5,24.0,15.787,22.581,-0.995,-5.495,4.5
2025,7,Texas State,Troy,8.446,7.5,-7.0,7.376,10.051,0.946,15.446,-14.5
2025,7,Oklahoma State,Houston,-13.262,-14.5,-22.0,-15.524,-9.87,1.238,8.738,-7.5
2025,7,Oregon State,Wake Forest,-2.974,-1.5,-25.0,-4.209,-1.121,-1.474,22.026,-23.5
2025,7,UNLV,Air Force,11.688,7.167,3.0,14.539,7.412,4.522,8.688,-4.167
2025,7,Kansas State,TCU,-4.503,-2.833,13.0,-6.966,-0.808,-1.669,-17.503,15.833
2025,7,UTSA,Rice,10.988,9.167,48.0,9.823,12.736,1.821,-37.012,38.833
2025,7,Hawai'i,Utah State,-0.816,-1.667,18.0,-4.437,4.616,0.851,-18.816,19.667
2025,7,Wyoming,San José State,-0.195,-1.5,7.0,-0.403,0.117,1.305,-7.195,8.5
2025,7,Minnesota,Purdue,4.817,7.333,7.0,0.957,10.607,-2.516,-2.183,-0.333
2025,7,Nevada,San Diego State,-5.931,-6.5,-34.0,-9.117,-1.152,0.569,28.069,-27.5
2025,7,Boston College,Clemson,-10.917,-13.833,-31.0,-11.172,-10.534,2.917,20.083,-17.167
2025,7,USC,Michigan,4.105,2.833,18.0,4.236,3.909,1.272,-13.895,15.167
2025,8,Notre Dame,USC,8.924,10.667,10.0,10.516,6.536,-1.742,-1.076,-0.667
2025,8,Miami,Louisville,10.984,10.5,-3.0,13.431,7.313,0.484,13.984,-13.5
2025,8,Georgia,Ole Miss,8.288,7.5,8.0,8.068,8.619,0.788,0.288,0.5
2025,8,Arizona State,Texas Tech,-9.653,-8.0,4.0,-14.174,-2.871,-1.653,-13.653,12.0
2025,8,Michigan,Washington,3.7,4.167,17.0,0.362,8.706,-0.467,-13.3,12.833
2025,8,Alabama,Tennessee,7.677,8.667,17.0,7.787,7.512,-0.99,-9.323,8.333
2025,8,Iowa,Penn State,-0.769,3.167,1.0,6.808,-12.134,-3.936,-1.769,-2.167
2025,8,James Madison,Old Dominion,2.335,3.167,36.0,1.04,4.277,-0.832,-33.665,32.833
2025,8,Utah State,San José State,2.882,3.167,5.0,5.192,-0.582,-0.285,-2.118,1.833
2025,8,Vanderbilt,LSU,0.477,1.5,7.0,4.136,-5.012,-1.023,-6.523,5.5
2025,8,Boise State,UNLV,7.636,13.0,25.0,6.272,9.683,-5.364,-17.364,12.0
2025,8,Massachusetts,Buffalo,-15.008,-16.5,-7.0,-15.039,-14.961,1.492,-8.008,9.5
2025,8,Miami (OH),Eastern Michigan,9.237,12.167,14.0,8.859,9.804,-2.93,-4.763,1.833
2025,8,Auburn,Missouri,2.041,-1.5,-6.0,1.598,2.705,3.541,8.041,-4.5
2025,8,BYU,Utah,-3.514,-4.5,3.0,-4.776,-1.62,0.986,-6.514,7.5
2025,8,App State,Coastal Carolina,8.95,10.5,-8.0,8.733,9.274,-1.55,16.95,-18.5
2025,8,UCF,West Virginia,8.685,6.5,32.0,8.699,8.664,2.185,-23.315,25.5
2025,8,Ohio,Northern Illinois,9.866,10.833,27.0,10.387,9.084,-0.967,-17.134,16.167
2025,8,Boston College,UConn,-2.963,-2.5,-15.0,-8.727,5.684,-0.463,12.037,-12.5
2025,8,South Carolina,Oklahoma,-6.34,-4.333,-19.0,-6.495,-6.107,-2.007,12.66,-14.667
2025,8,Toledo,Kent State,22.9,25.333,35.0,18.126,30.061,-2.433,-12.1,9.667
2025,8,Arkansas,Texas A&M,-5.867,-7.667,-3.0,-6.819,-4.44,1.799,-2.867,4.667
2025,8,Georgia Southern,Georgia State,6.733,6.5,17.0,4.985,9.354,0.233,-10.267,10.5
2025,8,Charlotte,Temple,-8.192,-9.667,-35.0,-11.1,-3.83,1.475,26.808,-25.333
2025,8,Florida,Mississippi State,6.638,9.5,2.0,4.499,9.846,-2.862,4.638,-7.5
2025,8,UL Monroe,Troy,-6.489,-4.833,-23.0,-9.838,-1.467,-1.656,16.511,-18.167
2025,8,Marshall,Texas State,-0.058,-2.833,3.0,3.272,-5.053,2.776,-3.058,5.833
2025,8,Indiana,Michigan State,25.02,26.5,25.0,29.922,17.668,-1.48,0.02,-1.5
2025,8,Rutgers,Oregon,-13.032,-17.833,-46.0,-11.977,-14.614,4.802,32.968,-28.167
2025,8,Liberty,New Mexico State,10.452,10.833,3.0,7.078,15.514,-0.381,7.452,-7.833
2025,8,Bowling Green,Central Michigan,8.005,3.167,-21.0,10.803,3.809,4.839,29.005,-24.167
2025,8,Ball State,Akron,3.487,-1.0,14.0,4.247,2.348,4.487,-10.513,15.0
2025,8,Northwestern,Purdue,5.985,3.333,19.0,5.903,6.109,2.652,-13.015,15.667
2025,8,Syracuse,Pittsburgh,-3.836,-9.167,-17.0,-5.333,-1.591,5.33,13.164,-7.833
2025,8,Colorado State,Hawai'i,4.373,2.667,-12.0,4.709,3.869,1.706,16.373,-14.667
2025,8,South Alabama,Arkansas State,6.364,8.5,-1.0,5.211,8.094,-2.136,7.364,-9.5
2025,8,Houston,Arizona,2.836,-2.0,3.0,3.04,2.529,4.836,-0.164,5.0
2025,8,Jacksonville State,Delaware,2.703,-2.833,13.0,0.98,5.288,5.536,-10.297,15.833
2025,8,Sam Houston,UTEP,-0.628,-3.5,-18.0,-0.952,-0.142,2.872,17.372,-14.5
2025,8,East Carolina,Tulsa,18.333,16.5,14.0,20.966,14.385,1.833,4.333,-2.5
2025,8,TCU,Baylor,6.96,3.5,6.0,9.234,3.548,3.46,0.96,2.5
2025,8,Minnesota,Nebraska,-6.453,-6.833,18.0,-7.495,-4.891,0.38,-24.453,24.833
2025,8,North Texas,UTSA,4.199,3.833,38.0,4.346,3.979,0.366,-33.801,34.167
2025,8,Louisiana,Southern Miss,-0.525,-4.333,-12.0,-2.113,1.856,3.808,11.475,-7.667
2025,8,California,North Carolina,7.165,7.833,3.0,10.093,2.772,-0.669,4.165,-4.833
2025,8,Tulane,Army,10.533,10.0,7.0,9.731,11.736,0.533,3.533,-3.0
2025,8,Wisconsin,Ohio State,-20.354,-24.5,-34.0,-24.186,-14.605,4.146,13.646,-9.5
2025,8,Western Kentucky,Florida International,11.361,9.833,-19.0,15.166,5.654,1.528,30.361,-28.833
2025,8,UAB,Memphis,-21.298,-23.5,7.0,-25.851,-14.469,2.202,-28.298,30.5
2025,8,Oklahoma State,Cincinnati,-17.179,-23.667,-32.0,-19.604,-13.54,6.488,14.821,-8.333
2025,8,Air Force,Wyoming,4.406,3.833,3.0,3.066,6.416,0.572,1.406,-0.833
2025,8,Virginia,Washington State,13.851,16.5,2.0,13.607,14.218,-2.649,11.851,-14.5
2025,8,Kentucky,Texas,-11.41,-12.667,-3.0,-10.362,-12.983,1.256,-8.41,9.667
2025,8,Stanford,Florida State,-15.777,-17.5,7.0,-15.82,-15.713,1.723,-22.777,24.5
2025,8,New Mexico,Nevada,13.724,14.167,2.0,17.729,7.717,-0.443,11.724,-12.167
2025,8,South Florida,Florida Atlantic,19.973,20.5,35.0,24.07,13.828,-0.527,-15.027,14.5
2025,8,Clemson,SMU,5.238,4.167,-11.0,3.396,8.002,1.072,16.238,-15.167
2025,8,Duke,Georgia Tech,1.71,3.5,-9.0,4.05,-1.799,-1.79,10.71,-12.5
2025,8,UCLA,Maryland,-2.234,4.0,3.0,-5.093,2.055,-6.234,-5.234,-1.0
2025,9,South Carolina,Alabama,-10.962,-11.833,-7.0,-11.402,-10.301,0.871,-3.962,4.833
2025,9,Kansas,Kansas State,3.815,3.5,-25.0,4.299,3.089,0.315,28.815,-28.5
2025,9,Michigan State,Michigan,-13.574,-13.5,-11.0,-14.204,-12.63,-0.074,-2.574,2.5
2025,9,LSU,Texas A&M,-1.546,-1.5,-24.0,-1.853,-1.084,-0.046,22.454,-22.5
2025,9,Utah,Colorado,14.933,14.167,46.0,15.798,13.636,0.767,-31.067,31.833
2025,9,North Carolina,Virginia,-11.375,-11.667,-1.0,-17.666,-1.938,0.292,-10.375,10.667
2025,9,New Mexico State,Missouri State,-0.163,-2.5,-7.0,0.041,-0.469,2.337,6.837,-4.5
2025,9,Indiana,UCLA,23.319,27.167,50.0,24.948,20.875,-3.848,-26.681,22.833
2025,9,Georgia Tech,Syracuse,13.508,17.5,25.0,14.34,12.261,-3.992,-11.492,7.5
2025,9,Oklahoma,Ole Miss,4.006,5.5,-8.0,4.59,3.13,-1.494,12.006,-13.5
2025,9,Vanderbilt,Missouri,0.953,3.167,7.0,3.788,-3.299,-2.214,-6.047,3.833
2025,9,Mississippi State,Texas,-9.27,-8.333,-7.0,-6.129,-13.98,-0.936,-2.27,1.333
2025,9,Memphis,South Florida,1.431,-3.5,3.0,-0.853,4.857,4.931,-1.569,6.5
2025,9,Washington,Illinois,2.836,3.333,17.0,1.663,4.595,-0.498,-14.164,13.667
2025,9,Delaware,Middle Tennessee,10.005,8.667,3.0,9.991,10.027,1.339,7.005,-5.667
2025,9,Purdue,Rutgers,-1.361,2.5,-3.0,0.48,-4.124,-3.861,1.639,-5.5
2025,9,Iowa State,BYU,-0.424,2.5,-14.0,-1.574,1.3,-2.924,13.576,-16.5
2025,9,Cincinnati,Baylor,3.811,3.5,21.0,6.045,0.461,0.311,-17.189,17.5
2025,9,Georgia State,South Alabama,-5.539,-5.833,-7.0,-5.713,-5.279,0.294,1.461,-1.167
2025,9,Wake Forest,SMU,-7.398,-5.5,1.0,-5.093,-10.856,-1.898,-8.398,6.5
2025,9,Virginia Tech,California,2.648,6.167,8.0,2.12,3.441,-3.518,-5.352,1.833
2025,9,Old Dominion,App State,10.503,13.167,3.0,10.554,10.425,-2.664,7.503,-10.167
2025,9,Arkansas,Auburn,-0.588,2.5,-9.0,-0.42,-0.841,-3.088,8.412,-11.5
2025,9,Pittsburgh,NC State,6.211,5.0,19.0,8.332,3.029,1.211,-12.789,14.0
2025,9,Buffalo,Akron,14.011,10.167,-8.0,12.253,16.648,3.844,22.011,-18.167
2025,9,West Virginia,TCU,-13.501,-16.5,-6.0,-15.392,-10.664,2.999,-7.501,10.5
2025,9,Central Michigan,Massachusetts,16.475,16.833,25.0,18.801,12.986,-0.358,-8.525,8.167
2025,9,Rice,UConn,-10.64,-10.0,3.0,-12.06,-8.511,-0.64,-13.64,13.0
2025,9,Louisville,Boston College,21.767,25.5,14.0,27.816,12.693,-3.733,7.767,-11.5
2025,9,Miami,Stanford,27.155,29.0,35.0,26.89,27.553,-1.845,-7.845,6.0
2025,9,Nebraska,Northwestern,8.367,7.167,7.0,4.505,14.161,1.2,1.367,-0.167
2025,9,Kent State,Bowling Green,-7.806,-7.5,3.0,-4.822,-12.282,-0.306,-10.806,10.5
2025,9,Northern Illinois,Ball State,7.362,6.5,14.0,5.482,10.183,0.862,-6.638,7.5
2025,9,Miami (OH),Western Michigan,3.564,2.5,9.0,-0.083,9.035,1.064,-5.436,6.5
2025,9,Eastern Michigan,Ohio,-8.415,-12.333,-7.0,-9.564,-6.691,3.918,-1.415,5.333
2025,9,Troy,Louisiana,9.021,7.167,12.0,11.48,5.333,1.854,-2.979,4.833
2025,9,Southern Miss,UL Monroe,11.887,13.833,28.0,15.086,7.087,-1.947,-16.113,14.167
2025,9,New Mexico,Utah State,4.616,2.833,19.0,4.905,4.182,1.782,-14.384,16.167
2025,9,Fresno State,San Diego State,-2.686,-3.167,-23.0,-8.117,5.459,0.48,20.314,-19.833
2025,9,Oregon,Wisconsin,23.651,31.333,14.0,25.953,20.198,-7.682,9.651,-17.333
2025,9,Washington State,Toledo,-3.52,-1.667,21.0,-1.417,-6.673,-1.853,-24.52,22.667
2025,9,Navy,Florida Atlantic,15.042,14.5,10.0,13.947,16.685,0.542,5.042,-4.5
2025,9,Texas Tech,Oklahoma State,35.888,37.0,42.0,39.456,30.537,-1.112,-6.112,5.0
2025,9,Arkansas State,Georgia Southern,1.279,-0.333,10.0,2.859,-1.09,1.613,-8.721,10.333
2025,9,Wyoming,Colorado State,1.373,5.667,28.0,0.979,1.964,-4.294,-26.627,22.333
2025,9,Iowa,Minnesota,12.064,7.333,38.0,14.141,8.947,4.73,-25.936,30.667
2025,9,Nevada,Boise State,-19.432,-20.833,-21.0,-19.685,-19.052,1.402,1.568,-0.167
2025,9,Tulsa,Temple,-5.69,-4.333,-1.0,-8.841,-0.965,-1.357,-4.69,3.333
2025,9,Charlotte,North Texas,-23.538,-25.333,-34.0,-27.762,-17.2,1.796,10.462,-8.667
2025,9,Arizona State,Houston,7.18,7.333,-8.0,6.21,8.635,-0.153,15.18,-15.333
2025,9,Kentucky,Tennessee,-6.206,-7.5,-22.0,-5.905,-6.658,1.294,15.794,-14.5
2025,9,Florida International,Kennesaw State,-1.593,-2.833,-19.0,-7.069,6.621,1.24,17.407,-16.167
2025,9,Louisiana Tech,Western Kentucky,6.448,5.0,-1.0,10.287,0.691,1.448,7.448,-6.0
2025,10,Florida,Georgia,-8.616,-6.833,-4.0,-10.329,-6.047,-1.783,-4.616,2.833
2025,10,Ohio State,Penn State,12.126,17.667,24.0,17.001,4.814,-5.54,-11.874,6.333
2025,10,SMU,Miami,-7.23,-7.833,6.0,-9.116,-4.401,0.604,-13.23,13.833
2025,10,Kansas State,Texas Tech,-7.867,-7.333,-23.0,-8.09,-7.533,-0.534,15.133,-15.667
2025,10,Maryland,Indiana,-16.392,-21.167,-45.0,-15.666,-17.48,4.775,28.608,-23.833
2025,10,Texas,Vanderbilt,7.238,3.5,3.0,2.967,13.645,3.738,4.238,-0.5
2025,10,Air Force,Army,-0.472,-1.333,-3.0,-1.874,1.63,0.861,2.528,-1.667
2025,10,Tennessee,Oklahoma,0.684,2.833,-6.0,0.409,1.096,-2.149,6.684,-8.833
2025,10,NC State,Georgia Tech,-4.632,-4.333,12.0,-6.24,-2.221,-0.299,-16.632,16.333
2025,10,Kennesaw State,UTEP,8.731,12.167,13.0,14.135,0.627,-3.435,-4.269,0.833
2025,10,Syracuse,North Carolina,6.189,1.5,-17.0,7.699,3.924,4.689,23.189,-18.5
2025,10,Utah,Cincinnati,12.091,10.667,31.0,13.853,9.449,1.425,-18.909,20.333
2025,10,North Texas,Navy,8.343,6.5,14.0,12.039,2.797,1.843,-5.657,7.5
2025,10,Texas State,James Madison,-4.34,-7.333,-32.0,-4.919,-3.47,2.994,27.66,-24.667
2025,10,Nebraska,USC,-6.105,-4.5,-4.0,-7.618,-3.836,-1.605,-2.105,0.5
2025,10,UTSA,Tulane,-3.387,-5.833,22.0,-3.609,-3.055,2.446,-25.387,27.833
2025,10,Rice,Memphis,-16.82,-13.833,-24.0,-19.419,-12.923,-2.987,7.18,-10.167
2025,10,South Alabama,Louisiana,5.287,3.5,-9.0,4.464,6.52,1.787,14.287,-12.5
2025,10,Temple,East Carolina,-5.117,-5.333,-31.0,-4.505,-6.035,0.216,25.883,-25.667
2025,10,Bowling Green,Buffalo,2.026,2.5,-25.0,5.367,-2.986,-0.474,27.026,-27.5
2025,10,Boston College,Notre Dame,-28.233,-31.0,-15.0,-32.714,-21.511,2.767,-13.233,16.0
2025,10,Florida State,Wake Forest,10.366,12.667,35.0,7.645,14.446,-2.301,-24.634,22.333
2025,10,Virginia Tech,Louisville,-10.962,-10.5,-12.0,-13.219,-7.578,-0.462,1.038,-1.5
2025,10,Michigan,Purdue,19.229,21.5,5.0,18.781,19.901,-2.271,14.229,-16.5
2025,10,Illinois,Rutgers,10.736,13.0,22.0,12.292,8.4,-2.264,-11.264,9.0
2025,10,Minnesota,Michigan State,5.114,4.5,3.0,4.561,5.942,0.614,2.114,-1.5
2025,10,Western Michigan,Central Michigan,3.628,5.667,3.0,4.501,2.319,-2.038,0.628,-2.667
2025,10,Iowa State,Arizona State,2.67,7.833,-5.0,3.686,1.148,-5.163,7.67,-12.833
2025,10,UConn,UAB,13.823,10.333,19.0,12.22,16.227,3.489,-5.177,8.667
2025,10,Baylor,UCF,3.676,3.167,27.0,0.391,8.604,0.51,-23.324,23.833
2025,10,Oregon State,Washington State,-6.033,-3.333,3.0,-12.81,4.133,-2.7,-9.033,6.333
2025,10,Boise State,Fresno State,17.936,17.5,-23.0,19.56,15.499,0.436,40.936,-40.5
2025,10,Houston,West Virginia,12.427,13.0,-10.0,14.425,9.432,-0.573,22.427,-23.0
2025,10,California,Virginia,-7.12,-6.167,-10.0,-10.486,-2.07,-0.953,2.88,-3.833
2025,10,Troy,Arkansas State,9.069,7.667,-13.0,10.437,7.017,1.403,22.069,-20.667
2025,10,UNLV,New Mexico,5.176,3.833,-5.0,3.152,8.213,1.343,10.176,-8.833
2025,10,Stanford,Pittsburgh,-12.821,-13.5,-15.0,-13.041,-12.49,0.679,2.179,-1.5
2025,10,Auburn,Kentucky,11.925,11.667,-7.0,12.837,10.556,0.258,18.925,-18.667
2025,10,Liberty,Delaware,4.435,3.5,29.0,2.146,7.869,0.935,-24.565,25.5
2025,10,Ole Miss,South Carolina,12.627,13.0,16.0,14.154,10.336,-0.373,-3.373,3.0
2025,10,Western Kentucky,New Mexico State,8.981,7.5,19.0,7.048,11.88,1.481,-10.019,11.5
2025,10,UL Monroe,Old Dominion,-12.876,-16.667,-25.0,-12.979,-12.722,3.791,12.124,-8.333
2025,10,Kansas,Oklahoma State,22.908,24.667,17.0,23.328,22.279,-1.758,5.908,-7.667
2025,10,San Diego State,Wyoming,10.119,10.0,17.0,13.772,4.64,0.119,-6.881,7.0
2025,10,San José State,Hawai'i,2.764,2.5,7.0,1.227,5.07,0.264,-4.236,4.5
2025,10,Colorado,Arizona,0.305,-3.667,-35.0,0.001,0.759,3.971,35.305,-31.333
2025,10,Arkansas,Mississippi State,4.876,5.333,-3.0,3.239,7.332,-0.457,7.876,-8.333
2025,10,Coastal Carolina,Marshall,-5.183,-7.167,17.0,-7.857,-1.173,1.983,-22.183,24.167
2025,10,Middle Tennessee,Jacksonville State,-4.958,-4.333,-3.0,-4.847,-5.125,-0.625,-1.958,1.333
2025,10,Clemson,Duke,5.733,4.167,-1.0,2.157,11.098,1.567,6.733,-5.167
2025,10,Missouri State,Florida International,5.449,3.167,7.0,8.377,1.056,2.282,-1.551,3.833
2025,10,Louisiana Tech,Sam Houston,15.691,16.5,41.0,19.744,9.612,-0.809,-25.309,24.5
2025,11,Clemson,Florida State,0.529,1.5,14.0,-2.62,5.252,-0.971,-13.471,12.5
2025,11,Alabama,LSU,9.786,10.167,11.0,10.583,8.591,-0.381,-1.214,0.833
2025,11,Penn State,Indiana,-7.305,-14.0,-3.0,-12.867,1.04,6.695,-4.305,11.0
2025,11,Memphis,Tulane,6.812,3.167,-6.0,10.424,1.396,3.646,12.812,-9.167
2025,11,Delaware,Louisiana Tech,-5.64,-5.5,1.0,-8.599,-1.203,-0.14,-6.64,6.5
2025,11,Mississippi State,Georgia,-10.734,-9.5,-20.0,-9.111,-13.168,-1.234,9.266,-10.5
2025,11,TCU,Iowa State,5.273,7.5,-3.0,6.028,4.14,-2.227,8.273,-10.5
2025,11,Missouri,Texas A&M,-3.162,-6.833,-21.0,-3.84,-2.145,3.671,17.838,-14.167
2025,11,Texas Tech,BYU,10.102,13.5,22.0,9.782,10.582,-3.398,-11.898,8.5
2025,11,Vanderbilt,Auburn,4.32,5.833,7.0,7.238,-0.057,-1.513,-2.68,1.167
2025,11,Iowa,Oregon,-4.804,-4.5,-2.0,-1.634,-9.558,-0.304,-2.804,2.5
2025,11,Notre Dame,Navy,25.428,30.5,39.0,25.89,24.736,-5.072,-13.572,8.5
2025,11,UCLA,Nebraska,-6.319,2.0,-7.0,-4.711,-8.732,-8.319,0.681,-9.0
2025,11,Hawai'i,San Diego State,-6.271,-6.5,32.0,-9.497,-1.431,0.229,-38.271,38.5
2025,11,Akron,Massachusetts,9.894,12.167,34.0,11.839,6.978,-2.272,-24.106,21.833
2025,11,Ball State,Kent State,4.363,3.167,4.0,1.239,9.049,1.197,0.363,0.833
2025,11,South Florida,UTSA,11.467,13.833,32.0,14.283,7.242,-2.367,-20.533,18.167
2025,11,App State,Georgia Southern,5.122,4.667,-2.0,5.398,4.708,0.456,7.122,-6.667
2025,11,Toledo,Northern Illinois,14.498,15.167,39.0,14.547,14.425,-0.668,-24.502,23.833
2025,11,USC,Northwestern,17.122,14.5,21.0,15.534,19.504,2.622,-3.878,6.5
2025,11,Kentucky,Florida,-3.344,-4.833,31.0,-2.231,-5.015,1.489,-34.344,35.833
2025,11,Purdue,Ohio State,-25.601,-29.667,-24.0,-26.609,-24.088,4.066,-1.601,5.667
2025,11,Ohio,Miami (OH),6.512,2.667,4.0,7.059,5.693,3.845,2.512,1.333
2025,11,UCF,Houston,1.232,1.333,-3.0,0.785,1.904,-0.101,4.232,-4.333
2025,11,Boston College,SMU,-13.346,-10.5,-32.0,-15.909,-9.501,-2.846,18.654,-21.5
2025,11,West Virginia,Colorado,-1.301,6.5,7.0,-0.007,-3.241,-7.801,-8.301,0.5
2025,11,Army,Temple,7.413,7.167,1.0,6.583,8.658,0.247,6.413,-6.167
2025,11,Florida Atlantic,Tulsa,4.424,4.5,19.0,3.902,5.208,-0.076,-14.576,14.5
2025,11,East Carolina,Charlotte,27.716,28.333,26.0,32.451,20.614,-0.617,1.716,-2.333
2025,11,Miami,Syracuse,25.325,28.5,28.0,27.535,22.01,-3.175,-2.675,-0.5
2025,11,Marshall,James Madison,-11.09,-13.5,-12.0,-11.391,-10.638,2.41,0.91,1.5
2025,11,Coastal Carolina,Georgia State,7.409,7.167,13.0,10.169,3.269,0.243,-5.591,5.833
2025,11,Louisville,California,17.279,18.333,-3.0,18.327,15.709,-1.054,20.279,-21.333
2025,11,North Carolina,Stanford,4.652,8.5,5.0,1.568,9.277,-3.848,-0.348,-3.5
2025,11,Liberty,Missouri State,7.639,7.667,-4.0,5.892,10.259,-0.028,11.639,-11.667
2025,11,Eastern Michigan,Bowling Green,0.729,3.167,6.0,1.881,-1.0,-2.438,-5.271,2.833
2025,11,Virginia,Wake Forest,10.768,7.167,-7.0,12.008,8.906,3.601,17.768,-14.167
2025,11,Rutgers,Maryland,1.646,1.5,15.0,-1.082,5.738,0.146,-13.354,13.5
2025,11,Rice,UAB,2.807,0.333,7.0,1.714,4.446,2.473,-4.193,6.667
2025,11,Louisiana,Texas State,-2.765,-3.5,3.0,-1.651,-4.437,0.735,-5.765,6.5
2025,11,Wisconsin,Washington,-9.008,-10.5,3.0,-11.24,-5.66,1.492,-12.008,13.5
2025,11,Arizona,Kansas,4.382,5.833,4.0,7.145,0.238,-1.451,0.382,-1.833
2025,11,Colorado State,UNLV,-3.95,-5.167,-32.0,-4.293,-3.435,1.217,28.05,-26.833
2025,11,Middle Tennessee,Florida International,1.347,1.667,-26.0,3.43,-1.777,-0.319,27.347,-27.667
2025,11,UTEP,Jacksonville State,-2.113,-1.5,-3.0,-3.361,-0.242,-0.613,0.887,-1.5
2025,11,San José State,Air Force,3.414,6.167,-10.0,4.909,1.173,-2.752,13.414,-16.167
2025,11,Arkansas State,Southern Miss,-3.616,-6.5,-6.0,-4.124,-2.855,2.884,2.384,0.5
2025,11,UConn,Duke,-5.71,-7.667,3.0,-5.213,-6.454,1.957,-8.71,10.667
2025,11,Utah State,Nevada,10.011,9.833,37.0,11.085,8.401,0.178,-26.989,27.167
2025,11,New Mexico State,Kennesaw State,-7.419,-11.167,-3.0,-10.51,-2.784,3.747,-4.419,8.167
2025,11,Oregon State,Sam Houston,12.294,21.167,-4.0,12.742,11.621,-8.873,16.294,-25.167
2025,12,Louisville,Clemson,3.502,1.833,-1.0,4.272,2.347,1.669,4.502,-2.833
2025,12,Georgia,Texas,6.182,3.667,25.0,7.719,3.876,2.515,-18.818,21.333
2025,12,Alabama,Oklahoma,5.513,6.5,-2.0,4.455,7.099,-0.987,7.513,-8.5
2025,12,Pittsburgh,Notre Dame,-12.579,-12.667,-22.0,-10.492,-15.71,0.087,9.421,-9.333
2025,12,Duke,Virginia,2.775,5.333,-17.0,1.911,4.072,-2.558,19.775,-22.333
2025,12,Baylor,Utah,-10.135,-9.5,-27.0,-14.297,-3.892,-0.635,16.865,-17.5
2025,12,Oregon,Minnesota,22.094,26.667,29.0,22.933,20.836,-4.573,-6.906,2.333
2025,12,UNLV,Utah State,7.33,4.667,3.0,6.471,8.62,2.664,4.33,-1.667
2025,12,Miami (OH),Toledo,-5.13,-5.833,-21.0,-5.749,-4.202,0.703,15.87,-15.167
2025,12,Tulsa,Oregon State,-2.752,1.333,17.0,-0.52,-6.1,-4.085,-19.752,15.667
2025,12,Western Michigan,Ohio,-2.642,1.5,4.0,-1.438,-4.447,-4.142,-6.642,2.5
2025,12,Ole Miss,Florida,10.508,10.833,10.0,13.707,5.711,-0.325,0.508,-0.833
2025,12,Navy,South Florida,-8.057,-8.833,3.0,-12.824,-0.906,0.777,-11.057,11.833
2025,12,Central Michigan,Buffalo,1.185,2.333,19.0,3.763,-2.682,-1.149,-17.815,16.667
2025,12,Massachusetts,Northern Illinois,-10.41,-9.167,-42.0,-11.581,-8.654,-1.244,31.59,-32.833
2025,12,Indiana,Wisconsin,26.031,28.0,24.0,28.395,22.484,-1.969,2.031,-4.0
2025,12,Miami,NC State,16.839,16.167,34.0,17.774,15.438,0.673,-17.161,17.833
2025,12,Oklahoma State,Kansas State,-19.158,-19.5,-8.0,-20.341,-17.383,0.342,-11.158,11.5
2025,12,Akron,Kent State,6.001,7.5,-7.0,3.675,9.488,-1.499,13.001,-14.5
2025,12,Old Dominion,Troy,9.723,9.667,33.0,7.192,13.519,0.056,-23.277,23.333
2025,12,Northwestern,Michigan,-8.862,-10.167,-2.0,-6.325,-12.667,1.305,-6.862,8.167
2025,12,Texas Tech,UCF,21.042,24.333,39.0,23.555,17.272,-3.292,-17.958,14.667
2025,12,Illinois,Maryland,12.701,16.167,18.0,12.67,12.748,-3.466,-5.299,1.833
2025,12,Texas A&M,South Carolina,16.616,16.5,1.0,18.375,13.979,0.116,15.616,-15.5
2025,12,USC,Iowa,5.864,6.5,5.0,4.084,8.534,-0.636,0.864,-1.5
2025,12,BYU,TCU,4.309,2.833,31.0,6.668,0.772,1.476,-26.691,28.167
2025,12,Ohio State,UCLA,29.116,33.0,38.0,30.307,27.33,-3.884,-8.884,5.0
2025,12,Cincinnati,Arizona,1.938,6.0,-6.0,0.728,3.752,-4.062,7.938,-12.0
2025,12,Washington,Purdue,15.2,14.833,36.0,14.532,16.202,0.367,-20.8,21.167
2025,12,UAB,North Texas,-16.845,-17.5,-29.0,-18.656,-14.128,0.655,12.155,-11.5
2025,12,Wake Forest,North Carolina,7.861,3.5,16.0,9.97,4.698,4.361,-8.139,12.5
2025,12,Florida State,Virginia Tech,14.4,14.0,20.0,16.16,11.761,0.4,-5.6,6.0
2025,12,Missouri,Mississippi State,7.753,7.333,22.0,6.629,9.438,0.42,-14.247,14.667
2025,12,Georgia Southern,Coastal Carolina,3.66,3.167,5.0,1.569,6.797,0.493,-1.34,1.833
2025,12,UConn,Air Force,6.801,7.5,10.0,6.868,6.701,-0.699,-3.199,2.5
2025,12,Charlotte,UTSA,-16.848,-17.0,-21.0,-17.655,-15.639,0.152,4.152,-4.0
2025,12,Georgia State,Marshall,-6.997,-9.5,-12.0,-9.617,-3.066,2.503,5.003,-2.5
2025,12,James Madison,App State,17.549,20.667,48.0,20.234,13.521,-3.118,-30.451,27.333
2025,12,East Carolina,Memphis,-0.289,2.833,4.0,0.769,-1.877,-3.123,-4.289,1.167
2025,12,Boston College,Georgia Tech,-13.416,-16.5,-2.0,-15.734,-9.939,3.084,-11.416,14.5
2025,12,Ball State,Eastern Michigan,-1.904,-2.667,-15.0,-1.154,-3.03,0.762,13.096,-12.333
2025,12,Michigan State,Penn State,-12.992,-6.833,-18.0,-11.931,-14.585,-6.159,5.008,-11.167
2025,12,Southern Miss,Texas State,3.956,3.167,-27.0,6.786,-0.29,0.789,30.956,-30.167
2025,12,Sam Houston,Delaware,-4.976,-12.167,3.0,-6.059,-3.351,7.191,-7.976,15.167
2025,12,LSU,Arkansas,5.987,4.167,1.0,5.699,6.419,1.821,4.987,-3.167
2025,12,UL Monroe,South Alabama,-5.093,-4.0,-12.0,-5.758,-4.094,-1.093,6.907,-8.0
2025,12,Tulane,Florida Atlantic,16.684,16.833,11.0,15.247,18.839,-0.149,5.684,-5.833
2025,12,Arizona State,West Virginia,13.422,9.833,2.0,13.083,13.931,3.588,11.422,-7.833
2025,12,New Mexico,Colorado State,10.522,15.333,3.0,14.507,4.545,-4.811,7.522,-12.333
2025,12,Jacksonville State,Kennesaw State,-0.383,-3.667,9.0,-2.561,2.883,3.283,-9.383,12.667
2025,12,Missouri State,UTEP,4.816,6.833,14.0,6.748,1.918,-2.017,-9.184,7.167
2025,12,San Diego State,Boise State,-3.679,2.0,10.0,0.691,-10.235,-5.679,-13.679,8.0
2025,12,Nevada,San José State,-7.283,-9.667,45.0,-8.27,-5.803,2.384,-52.283,54.667
2025,12,Tennessee,New Mexico State,30.121,41.5,33.0,26.707,35.242,-11.379,-2.879,-8.5
2025,12,Western Kentucky,Middle Tennessee,11.79,13.5,16.0,12.391,10.888,-1.71,-4.21,2.5
2025,12,Fresno State,Wyoming,4.47,2.833,21.0,3.357,6.141,1.637,-16.53,18.167
2025,12,Florida International,Liberty,-2.959,-3.167,7.0,-1.991,-4.411,0.208,-9.959,10.167
2025,12,Washington State,Louisiana Tech,2.973,10.167,25.0,3.469,2.229,-7.194,-22.027,14.833
2025,13,Colorado,Arizona State,-5.028,-6.833,-25.0,-5.496,-4.326,1.805,19.972,-18.167
2025,13,Oregon,USC,6.806,11.333,15.0,5.825,8.278,-4.527,-8.194,3.667
2025,13,Florida,Tennessee,-3.732,-3.333,-20.0,-5.553,-1.001,-0.399,16.268,-16.667
2025,13,Utah,Kansas State,15.814,17.833,4.0,19.426,10.396,-2.019,11.814,-13.833
2025,13,UCLA,Washington,-10.627,-10.667,-34.0,-11.766,-8.918,0.04,23.373,-23.333
2025,13,Oklahoma,Missouri,6.88,4.5,11.0,7.521,5.917,2.38,-4.12,6.5
2025,13,North Carolina,Duke,-8.109,-6.833,-7.0,-8.713,-7.204,-1.276,-1.109,-0.167
2025,13,NC State,Florida State,-4.915,-6.667,10.0,-5.705,-3.729,1.752,-14.915,16.667
2025,13,UNLV,Hawai'i,6.008,2.5,28.0,3.952,9.09,3.508,-21.992,25.5
2025,13,Iowa,Michigan State,17.41,17.5,3.0,21.148,11.803,-0.09,14.41,-14.5
2025,13,Wake Forest,Delaware,13.622,17.5,38.0,14.313,12.584,-3.878,-24.378,20.5
2025,13,Houston,TCU,-1.417,-1.5,-3.0,0.325,-4.031,0.083,1.583,-1.5
2025,13,UCF,Oklahoma State,16.766,13.167,3.0,16.513,17.147,3.6,13.766,-10.167
2025,13,App State,Marshall,-1.15,-3.833,2.0,-4.107,3.285,2.683,-3.15,5.833
2025,13,Notre Dame,Syracuse,31.018,36.667,63.0,32.625,28.609,-5.648,-31.982,26.333
2025,13,Maryland,Michigan,-10.157,-13.833,-25.0,-7.937,-13.488,3.676,14.843,-11.167
2025,13,Army,Tulsa,12.425,9.833,-1.0,12.7,12.013,2.592,13.425,-10.833
2025,13,Georgia Tech,Pittsburgh,2.428,2.5,-14.0,-0.401,6.672,-0.072,16.428,-16.5
2025,13,Penn State,Nebraska,9.395,7.167,27.0,8.763,10.342,2.228,-17.605,19.833
2025,13,Toledo,Ball State,24.051,29.167,29.0,25.008,22.615,-5.116,-4.949,-0.167
2025,13,Florida Atlantic,UConn,-6.539,-5.833,-3.0,-6.412,-6.729,-0.705,-3.539,2.833
2025,13,Georgia,Charlotte,45.851,42.5,32.0,46.804,44.422,3.351,13.851,-10.5
2025,13,Temple,Tulane,-8.252,-7.5,-24.0,-5.578,-12.263,-0.752,15.748,-16.5
2025,13,Stanford,California,-2.239,-4.5,21.0,0.163,-5.842,2.261,-23.239,25.5
2025,13,Northwestern,Minnesota,4.372,4.167,3.0,7.238,0.072,0.205,1.372,-1.167
2025,13,Vanderbilt,Kentucky,9.172,6.833,28.0,9.909,8.065,2.338,-18.828,21.167
2025,13,Northern Illinois,Western Michigan,-2.054,-6.833,-16.0,-3.88,0.686,4.78,13.946,-9.167
2025,13,Bowling Green,Akron,7.1,2.333,-3.0,5.713,9.18,4.766,10.1,-5.333
2025,13,Ohio,Massachusetts,27.2,33.833,28.0,30.995,21.507,-6.633,-0.8,-5.833
2025,13,South Carolina,Coastal Carolina,18.208,24.0,44.0,15.748,21.898,-5.792,-25.792,20.0
2025,13,Ohio State,Rutgers,27.636,28.667,33.0,28.858,25.803,-1.03,-5.364,4.333
2025,13,Arkansas State,Louisiana,1.579,2.5,-4.0,2.508,0.184,-0.921,5.579,-6.5
2025,13,Kennesaw State,Missouri State,6.253,6.5,7.0,6.853,5.354,-0.247,-0.747,0.5
2025,13,Kent State,Central Michigan,-7.24,-7.5,-12.0,-4.761,-10.958,0.26,4.76,-4.5
2025,13,Buffalo,Miami (OH),-0.331,-2.5,-17.0,-2.147,2.393,2.169,16.669,-14.5
2025,13,Virginia Tech,Miami,-18.919,-17.833,-17.0,-22.028,-14.256,-1.086,-1.919,0.833
2025,13,Georgia Southern,Old Dominion,-9.802,-10.167,-35.0,-9.86,-9.716,0.364,25.198,-24.833
2025,13,Arizona,Baylor,5.592,6.5,24.0,8.744,0.865,-0.908,-18.408,17.5
2025,13,UTSA,East Carolina,-3.044,-2.0,34.0,-5.433,0.54,-1.044,-37.044,36.0
2025,13,Wyoming,Nevada,8.219,6.333,-6.0,7.785,8.871,1.886,14.219,-12.333
2025,13,South Alabama,Southern Miss,-0.523,-2.5,7.0,-2.085,1.821,1.977,-7.523,9.5
2025,13,Cincinnati,BYU,-4.155,-2.5,-12.0,-6.977,0.077,-1.655,7.845,-9.5
2025,13,San Diego State,San José State,12.58,9.833,22.0,17.483,5.225,2.747,-9.42,12.167
2025,13,Louisiana Tech,Liberty,4.046,-1.333,6.0,5.974,1.154,5.379,-1.954,7.333
2025,13,Middle Tennessee,Sam Houston,4.811,6.667,14.0,5.423,3.893,-1.856,-9.189,7.333
2025,13,James Madison,Washington State,12.421,15.333,4.0,11.161,14.311,-2.913,8.421,-11.333
2025,13,UAB,South Florida,-20.516,-21.667,-30.0,-23.126,-16.601,1.15,9.484,-8.333
2025,13,LSU,Western Kentucky,19.664,24.833,3.0,16.22,24.828,-5.17,16.664,-21.833
2025,13,Texas,Arkansas,9.722,9.167,15.0,8.801,11.104,0.556,-5.278,5.833
2025,13,Rice,North Texas,-17.524,-18.5,-32.0,-20.061,-13.719,0.976,14.476,-13.5
2025,13,UTEP,New Mexico State,4.792,4.167,-3.0,3.154,7.248,0.625,7.792,-7.167
2025,13,Texas State,UL Monroe,16.609,20.5,17.0,19.199,12.723,-3.891,-0.391,-3.5
2025,13,Iowa State,Kansas,4.15,3.333,24.0,4.413,3.756,0.817,-19.85,20.667
2025,13,SMU,Louisville,2.559,3.833,32.0,4.777,-0.768,-1.275,-29.441,28.167
2025,13,Wisconsin,Illinois,-8.221,-8.833,17.0,-9.538,-6.245,0.613,-25.221,25.833
2025,13,Air Force,New Mexico,-0.88,-3.5,-17.0,-2.71,1.866,2.62,16.12,-13.5
2025,13,Fresno State,Utah State,3.381,1.667,-11.0,2.462,4.759,1.714,14.381,-12.667
2025,13,Florida International,Jacksonville State,-0.714,2.5,6.0,-1.619,0.643,-3.214,-6.714,3.5
2025,13,Troy,Georgia State,11.525,9.833,12.0,12.624,9.876,1.692,-0.475,2.167
2025,13,Boise State,Colorado State,17.181,17.333,28.0,16.269,18.549,-0.152,-10.819,10.667
2025,14,Arizona State,Arizona,1.526,-2.0,-16.0,-0.762,4.958,3.526,17.526,-14.0
2025,14,Tulsa,UAB,4.402,9.333,-7.0,4.89,3.67,-4.931,11.402,-16.333
2025,14,Oklahoma State,Iowa State,-18.344,-13.833,-7.0,-18.418,-18.234,-4.511,-11.344,6.833
2025,14,Purdue,Indiana,-24.259,-28.5,-53.0,-25.428,-22.506,4.241,28.741,-24.5
2025,14,Old Dominion,Georgia State,22.769,28.667,17.0,24.111,20.757,-5.898,5.769,-11.667
2025,14,Texas,Texas A&M,-1.058,-2.5,10.0,-3.389,2.438,1.442,-11.058,12.5
2025,14,Louisiana,UL Monroe,10.507,11.0,3.0,13.055,6.686,-0.493,7.507,-8.0
2025,14,Tulane,Charlotte,27.336,31.0,27.0,27.61,26.926,-3.664,0.336,-4.0
2025,14,Oklahoma,LSU,8.619,11.5,4.0,11.261,4.657,-2.881,4.619,-7.5
2025,14,Sam Houston,Florida International,-6.15,-10.5,-40.0,-7.879,-3.557,4.35,33.85,-29.5
2025,14,Auburn,Alabama,-5.361,-6.833,-7.0,-5.154,-5.671,1.473,1.639,-0.167
2025,14,Michigan State,Maryland,2.23,4.167,10.0,1.034,4.024,-1.937,-7.77,5.833
2025,14,Stanford,Notre Dame,-27.685,-32.833,-29.0,-25.741,-30.602,5.148,1.315,3.833
2025,14,Hawai'i,Wyoming,6.15,8.5,20.0,8.626,2.436,-2.35,-13.85,11.5
2025,14,Washington,Oregon,-5.683,-6.667,-12.0,-3.831,-8.461,0.984,6.317,-5.333
2025,14,Illinois,Northwestern,10.584,7.167,7.0,9.306,12.502,3.418,3.584,-0.167
2025,14,Texas State,South Alabama,8.181,9.667,23.0,8.782,7.281,-1.485,-14.819,13.333
2025,14,Nebraska,Iowa,-3.819,-5.667,-24.0,-7.005,0.96,1.848,20.181,-18.333
2025,14,Georgia Tech,Georgia,-11.11,-16.167,-7.0,-12.856,-8.491,5.056,-4.11,9.167
2025,14,Massachusetts,Bowling Green,-12.513,-14.167,-31.0,-14.159,-10.045,1.653,18.487,-16.833
2025,14,Southern Miss,Troy,3.992,6.833,-10.0,3.673,4.471,-2.841,13.992,-16.833
2025,14,Kansas State,Colorado,11.356,16.5,10.0,13.709,7.826,-5.144,1.356,-6.5
2025,14,Memphis,Navy,8.57,3.667,-11.0,10.539,5.617,4.903,19.57,-14.667
2025,14,Colorado State,Air Force,-0.288,-2.5,-21.0,-0.66,0.271,2.212,20.712,-18.5
2025,14,Kansas,Utah,-12.071,-10.167,-10.0,-15.997,-6.18,-1.904,-2.071,0.167
2025,14,Miami (OH),Ball State,15.771,16.667,21.0,15.496,16.185,-0.896,-5.229,4.333
2025,14,UTSA,Army,7.251,8.5,-3.0,8.555,5.296,-1.249,10.251,-11.5
2025,14,Utah State,Boise State,-6.617,-1.667,-1.0,-3.323,-11.557,-4.95,-5.617,0.667
2025,14,Delaware,UTEP,3.286,4.5,30.0,2.232,4.868,-1.214,-26.714,25.5
2025,14,Virginia,Virginia Tech,11.658,8.667,20.0,15.35,6.118,2.991,-8.342,11.333
2025,14,South Florida,Rice,25.975,28.333,49.0,29.09,21.302,-2.358,-23.025,20.667
2025,14,NC State,North Carolina,11.528,7.167,23.0,11.967,10.869,4.361,-11.472,15.833
2025,14,Marshall,Georgia Southern,8.424,10.333,-5.0,11.081,4.438,-1.91,13.424,-15.333
2025,14,Syracuse,Boston College,4.298,-2.833,-22.0,5.567,2.393,7.131,26.298,-19.167
2025,14,Rutgers,Penn State,-11.632,-14.167,-4.0,-11.133,-12.38,2.535,-7.632,10.167
2025,14,Pittsburgh,Miami,-8.005,-6.5,-31.0,-6.77,-9.857,-1.505,22.995,-24.5
2025,14,Florida Atlantic,East Carolina,-9.578,-6.833,-39.0,-9.989,-8.963,-2.745,29.422,-32.167
2025,14,South Carolina,Clemson,0.825,2.5,-14.0,3.451,-3.115,-1.675,14.825,-16.5
2025,14,Florida,Florida State,-0.692,-1.333,19.0,-2.78,2.441,0.641,-19.692,20.333
2025,14,West Virginia,Texas Tech,-21.712,-24.333,-49.0,-24.123,-18.096,2.621,27.288,-24.667
2025,14,New Mexico,San Diego State,-0.279,-1.333,6.0,-0.801,0.504,1.054,-6.279,7.333
2025,14,USC,UCLA,20.581,21.333,19.0,21.555,19.119,-0.753,1.581,-2.333
2025,14,Mississippi State,Ole Miss,-8.137,-7.333,-19.0,-8.678,-7.326,-0.804,10.863,-11.667
2025,14,BYU,UCF,16.176,17.5,20.0,19.724,10.854,-1.324,-3.824,2.5
2025,14,New Mexico State,Middle Tennessee,3.654,3.333,-7.0,5.219,1.306,0.32,10.654,-10.333
2025,14,Eastern Michigan,Western Michigan,-3.687,-9.833,-10.0,-4.689,-2.183,6.147,6.313,-0.167
2025,14,Missouri State,Louisiana Tech,-1.118,2.5,-12.0,-0.272,-2.388,-3.618,10.882,-14.5
2025,14,Tennessee,Vanderbilt,3.269,2.333,-21.0,0.416,7.549,0.936,24.269,-23.333
2025,14,Michigan,Ohio State,-10.047,-9.5,-18.0,-11.611,-7.701,-0.547,7.953,-8.5
2025,14,Louisville,Kentucky,5.666,-0.667,41.0,3.094,9.524,6.333,-35.334,41.667
2025,14,Duke,Wake Forest,5.322,2.5,17.0,2.753,9.176,2.822,-11.678,14.5
2025,14,Liberty,Kennesaw State,1.036,-2.5,-6.0,-2.316,6.065,3.536,7.036,-3.5
2025,14,Baylor,Houston,2.693,2.5,-7.0,0.974,5.27,0.193,9.693,-9.5
2025,14,Central Michigan,Toledo,-9.613,-11.167,-18.0,-9.338,-10.027,1.553,8.387,-6.833
2025,14,Arkansas,Missouri,-1.29,-4.5,-14.0,-2.568,0.627,3.21,12.71,-9.5
2025,14,North Texas,Temple,19.447,20.333,27.0,21.555,16.284,-0.887,-7.553,6.667
2025,14,TCU,Cincinnati,4.699,3.167,22.0,4.054,5.667,1.533,-17.301,18.833
2025,14,App State,Arkansas State,3.632,-0.667,-1.0,1.775,6.418,4.299,4.632,-0.333
2025,14,Minnesota,Wisconsin,0.642,-2.5,10.0,-1.062,3.197,3.142,-9.358,12.5
2025,14,Coastal Carolina,James Madison,-17.601,-24.0,-49.0,-18.645,-16.037,6.399,31.399,-25.0
2025,14,Washington State,Oregon State,13.36,14.167,24.0,19.78,3.73,-0.807,-10.64,9.833
2025,14,California,SMU,-13.15,-13.5,3.0,-16.148,-8.653,0.35,-16.15,16.5
2025,14,San José State,Fresno State,-2.04,-3.333,-27.0,-4.41,1.516,1.293,24.96,-23.667
2025,14,Nevada,UNLV,-10.239,-7.5,-25.0,-11.145,-8.879,-2.739,14.761,-17.5
2025,14,Northern Illinois,Kent State,8.464,5.0,-4.0,4.705,14.103,3.464,12.464,-9.0
2025,14,Buffalo,Ohio,-5.119,-7.167,-5.0,-7.442,-1.635,2.047,-0.119,2.167
2025,14,Jacksonville State,Western Kentucky,-0.186,-1.5,3.0,0.043,-0.529,1.314,-3.186,4.5
2025,15,Western Michigan,Miami (OH),1.824,2.375,10.0,3.098,-0.087,-0.551,-8.176,7.625
2025,15,Jacksonville State,Kennesaw State,-1.513,-1.875,-4.0,-2.539,0.027,0.362,2.487,-2.125
2025,15,Texas Tech,BYU,11.174,12.75,27.0,11.152,11.209,-1.576,-15.826,14.25
2025,15,Ohio State,Indiana,4.673,4.0,-3.0,4.526,4.892,0.673,7.673,-7.0
2025,15,Boise State,UNLV,6.703,5.375,17.0,3.477,11.54,1.328,-10.297,11.625
2025,15,Virginia,Duke,4.748,3.5,-7.0,6.595,1.979,1.248,11.748,-10.5
2025,15,Alabama,Georgia,1.102,-1.75,-21.0,0.606,1.847,2.852,22.102,-19.25
2025,15,Tulane,North Texas,-2.677,-1.625,13.0,-6.297,2.754,-1.052,-15.677,14.625
2025,15,James Madison,Troy,18.77,24.0,17.0,20.149,16.702,-5.23,1.77,-7.0
2025,16,Navy,Army,6.983,5.5,1.0,6.381,7.887,1.483,5.983,-4.5
