years,prior_decay_games,min_prior_weight,prior_scale,ridge_alpha,games,market_weight,actual_weight,weighted_model_vs_market_mae,weighted_model_vs_actual_mae,weighted_blended_mae,weighted_model_vs_market_corr
"2023,2024,2025",2.5,0.0,14.0,0.75,2125,0.8,0.2,4.9558,13.2,6.6046,0.8882
"2023,2024,2025",2.5,0.0,14.0,0.1,2125,0.8,0.2,4.9574,13.1977,6.6055,0.886
"2023,2024,2025",2.5,0.05,14.0,0.1,2125,0.8,0.2,4.9576,13.1986,6.6058,0.886
"2023,2024,2025",2.5,0.05,14.0,0.75,2125,0.8,0.2,4.9574,13.202,6.6063,0.8881
"2023,2024,2025",2.5,0.0,14.0,0.5,2125,0.8,0.2,4.9596,13.2026,6.6082,0.8878
"2023,2024,2025",2.5,0.0,14.0,1.0,2125,0.8,0.2,4.96,13.205,6.609,0.8883
"2023,2024,2025",2.5,0.08,14.0,0.1,2125,0.8,0.2,4.9615,13.1995,6.6091,0.8858
"2023,2024,2025",2.5,0.05,14.0,0.5,2125,0.8,0.2,4.9608,13.2042,6.6095,0.8878
"2023,2024,2025",2.5,0.0,14.0,0.2,2125,0.8,0.2,4.9625,13.2008,6.6102,0.8868
"2023,2024,2025",2.5,0.05,14.0,0.2,2125,0.8,0.2,4.9631,13.2017,6.6108,0.8868
"2023,2024,2025",2.5,0.05,14.0,1.0,2125,0.8,0.2,4.9618,13.2074,6.6109,0.8883
"2023,2024,2025",2.5,0.0,14.0,0.35,2125,0.8,0.2,4.9627,13.2034,6.6109,0.8874
"2023,2024,2025",2.5,0.08,14.0,0.75,2125,0.8,0.2,4.9627,13.2049,6.6112,0.888
"2023,2024,2025",2.5,0.05,14.0,0.35,2125,0.8,0.2,4.9636,13.2047,6.6118,0.8874
"2023,2024,2025",2.5,0.08,14.0,0.5,2125,0.8,0.2,4.9655,13.2064,6.6136,0.8876
"2023,2024,2025",2.5,0.08,14.0,0.2,2125,0.8,0.2,4.967,13.203,6.6142,0.8867
"2023,2024,2025",2.5,0.08,14.0,0.35,2125,0.8,0.2,4.968,13.2065,6.6157,0.8872
"2023,2024,2025",2.5,0.08,14.0,1.0,2125,0.8,0.2,4.9677,13.2108,6.6164,0.8881
"2023,2024,2025",2.5,0.12,14.0,0.1,2125,0.8,0.2,4.9721,13.2016,6.618,0.8856
"2023,2024,2025",2.5,0.12,14.0,0.2,2125,0.8,0.2,4.9778,13.2055,6.6234,0.8863
"2023,2024,2025",2.5,0.12,14.0,0.75,2125,0.8,0.2,4.9771,13.2096,6.6236,0.8875
"2023,2024,2025",2.5,0.12,14.0,0.5,2125,0.8,0.2,4.978,13.2101,6.6244,0.8872
"2023,2024,2025",2.5,0.12,14.0,0.35,2125,0.8,0.2,4.9795,13.2096,6.6255,0.8869
"2023,2024,2025",2.5,0.12,14.0,1.0,2125,0.8,0.2,4.9836,13.2165,6.6302,0.8877
"2023,2024,2025",2.5,0.0,12.0,0.1,2125,0.8,0.2,5.0084,13.223,6.6513,0.8856
"2023,2024,2025",2.5,0.05,12.0,0.1,2125,0.8,0.2,5.0085,13.2237,6.6516,0.8856
"2023,2024,2025",2.5,0.0,12.0,0.75,2125,0.8,0.2,5.0114,13.2235,6.6538,0.8884
"2023,2024,2025",2.5,0.08,12.0,0.1,2125,0.8,0.2,5.0121,13.2247,6.6546,0.8856
"2023,2024,2025",2.5,0.05,12.0,0.75,2125,0.8,0.2,5.0124,13.2254,6.655,0.8884
"2023,2024,2025",2.5,0.0,12.0,0.2,2125,0.8,0.2,5.0134,13.2237,6.6555,0.8866
"2023,2024,2025",2.5,0.05,12.0,0.2,2125,0.8,0.2,5.0136,13.2247,6.6558,0.8866
"2023,2024,2025",2.5,0.0,12.0,0.5,2125,0.8,0.2,5.0149,13.2251,6.657,0.8879
"2023,2024,2025",2.5,0.0,12.0,1.0,2125,0.8,0.2,5.0146,13.2285,6.6574,0.8886
"2023,2024,2025",2.5,0.05,12.0,0.5,2125,0.8,0.2,5.0157,13.2267,6.6579,0.8878
"2023,2024,2025",2.5,0.0,12.0,0.35,2125,0.8,0.2,5.0168,13.2261,6.6587,0.8874
"2023,2024,2025",2.5,0.05,12.0,1.0,2125,0.8,0.2,5.016,13.2307,6.6589,0.8885
"2023,2024,2025",2.5,0.08,12.0,0.2,2125,0.8,0.2,5.0171,13.226,6.6589,0.8866
"2023,2024,2025",2.5,0.05,12.0,0.35,2125,0.8,0.2,5.0173,13.2273,6.6593,0.8874
"2023,2024,2025",2.5,0.08,12.0,0.75,2125,0.8,0.2,5.0174,13.2283,6.6596,0.8882
"2023,2024,2025",2.5,0.08,12.0,0.5,2125,0.8,0.2,5.0199,13.2289,6.6617,0.8877
"2023,2024,2025",2.5,0.08,12.0,0.35,2125,0.8,0.2,5.0212,13.2292,6.6628,0.8873
"2023,2024,2025",2.5,0.08,12.0,1.0,2125,0.8,0.2,5.0213,13.2342,6.6639,0.8884
"2023,2024,2025",2.5,0.12,12.0,0.1,2125,0.8,0.2,5.0231,13.2273,6.664,0.8854
"2023,2024,2025",2.5,0.12,12.0,0.2,2125,0.8,0.2,5.0286,13.2288,6.6686,0.8863
"2023,2024,2025",2.5,0.12,12.0,0.75,2125,0.8,0.2,5.0321,13.2331,6.6723,0.8878
"2023,2024,2025",2.5,0.12,12.0,0.5,2125,0.8,0.2,5.0332,13.2329,6.6731,0.8875
"2023,2024,2025",2.5,0.12,12.0,0.35,2125,0.8,0.2,5.0334,13.2325,6.6732,0.887
"2023,2024,2025",2.5,0.12,12.0,1.0,2125,0.8,0.2,5.0372,13.2396,6.6777,0.8881
"2023,2024,2025",2.5,0.05,10.0,0.1,2125,0.8,0.2,5.0651,13.2548,6.703,0.8848
"2023,2024,2025",2.5,0.0,10.0,0.1,2125,0.8,0.2,5.0654,13.254,6.7031,0.8848
"2023,2024,2025",2.5,0.08,10.0,0.1,2125,0.8,0.2,5.0686,13.2561,6.7061,0.8848
"2023,2024,2025",2.5,0.0,10.0,0.75,2125,0.8,0.2,5.0704,13.2512,6.7066,0.8884
"2023,2024,2025",2.5,0.05,10.0,0.75,2125,0.8,0.2,5.0711,13.253,6.7075,0.8884
"2023,2024,2025",2.5,0.05,10.0,0.2,2125,0.8,0.2,5.0712,13.2525,6.7075,0.8862
"2023,2024,2025",2.5,0.0,10.0,0.2,2125,0.8,0.2,5.0715,13.2516,6.7075,0.8862
"2023,2024,2025",2.5,0.0,10.0,0.5,2125,0.8,0.2,5.0728,13.2523,6.7087,0.8877
"2023,2024,2025",2.5,0.05,10.0,0.5,2125,0.8,0.2,5.0731,13.2537,6.7092,0.8877
"2023,2024,2025",2.5,0.0,10.0,1.0,2125,0.8,0.2,5.0736,13.2562,6.7101,0.8886
"2023,2024,2025",2.5,0.0,10.0,0.35,2125,0.8,0.2,5.0745,13.2528,6.7102,0.8871
"2023,2024,2025",2.5,0.05,10.0,0.35,2125,0.8,0.2,5.0745,13.254,6.7104,0.8871
"2023,2024,2025",2.5,0.08,10.0,0.2,2125,0.8,0.2,5.0746,13.2541,6.7105,0.8861
"2023,2024,2025",2.5,0.05,10.0,1.0,2125,0.8,0.2,5.0746,13.2581,6.7113,0.8886
"2023,2024,2025",2.5,0.08,10.0,0.75,2125,0.8,0.2,5.0757,13.256,6.7117,0.8883
"2023,2024,2025",2.5,0.08,10.0,0.5,2125,0.8,0.2,5.077,13.2562,6.7129,0.8876
"2023,2024,2025",2.5,0.08,10.0,0.35,2125,0.8,0.2,5.0782,13.256,6.7138,0.8871
"2023,2024,2025",2.5,0.08,10.0,1.0,2125,0.8,0.2,5.0794,13.2617,6.7159,0.8885
"2023,2024,2025",2.5,0.12,10.0,0.1,2125,0.8,0.2,5.0807,13.2589,6.7163,0.8846
"2023,2024,2025",2.5,0.12,10.0,0.2,2125,0.8,0.2,5.0874,13.2571,6.7214,0.886
"2023,2024,2025",2.5,0.12,10.0,0.75,2125,0.8,0.2,5.0914,13.2609,6.7253,0.888
"2023,2024,2025",2.5,0.12,10.0,0.5,2125,0.8,0.2,5.0916,13.26,6.7253,0.8874
"2023,2024,2025",2.5,0.12,10.0,0.35,2125,0.8,0.2,5.0919,13.2596,6.7254,0.8869
"2023,2024,2025",2.5,0.12,10.0,1.0,2125,0.8,0.2,5.0961,13.2671,6.7303,0.8882
"2023,2024,2025",4.0,0.08,14.0,0.1,2125,0.8,0.2,5.1188,13.2562,6.7463,0.8834
"2023,2024,2025",4.0,0.0,14.0,0.1,2125,0.8,0.2,5.119,13.2561,6.7464,0.8834
"2023,2024,2025",4.0,0.05,14.0,0.1,2125,0.8,0.2,5.119,13.2561,6.7464,0.8834
"2023,2024,2025",4.0,0.12,14.0,0.1,2125,0.8,0.2,5.1198,13.258,6.7474,0.8834
"2023,2024,2025",2.5,0.05,8.0,0.1,2125,0.8,0.2,5.1267,13.2898,6.7593,0.8834
"2023,2024,2025",2.5,0.0,8.0,0.1,2125,0.8,0.2,5.1274,13.2889,6.7597,0.8835
"2023,2024,2025",4.0,0.08,14.0,0.2,2125,0.8,0.2,5.1345,13.2617,6.76,0.8831
"2023,2024,2025",4.0,0.0,14.0,0.2,2125,0.8,0.2,5.1347,13.2615,6.7601,0.8831
"2023,2024,2025",4.0,0.05,14.0,0.2,2125,0.8,0.2,5.1347,13.2615,6.7601,0.8831
"2023,2024,2025",4.0,0.12,14.0,0.2,2125,0.8,0.2,5.1354,13.2637,6.7611,0.8831
"2023,2024,2025",2.5,0.08,8.0,0.1,2125,0.8,0.2,5.13,13.2914,6.7623,0.8835
"2023,2024,2025",2.5,0.05,8.0,0.2,2125,0.8,0.2,5.132,13.2867,6.7629,0.8853
"2023,2024,2025",2.5,0.0,8.0,0.75,2125,0.8,0.2,5.1325,13.2845,6.7629,0.8878
"2023,2024,2025",2.5,0.0,8.0,0.2,2125,0.8,0.2,5.1325,13.2857,6.7631,0.8852
"2023,2024,2025",2.5,0.05,8.0,0.75,2125,0.8,0.2,5.1327,13.2862,6.7634,0.8877
"2023,2024,2025",2.5,0.0,8.0,0.5,2125,0.8,0.2,5.1341,13.2855,6.7644,0.887
"2023,2024,2025",2.5,0.05,8.0,0.5,2125,0.8,0.2,5.134,13.2869,6.7645,0.887
"2023,2024,2025",2.5,0.0,8.0,0.35,2125,0.8,0.2,5.1354,13.2863,6.7655,0.8863
"2023,2024,2025",2.5,0.05,8.0,0.35,2125,0.8,0.2,5.1351,13.2874,6.7656,0.8864
"2023,2024,2025",2.5,0.08,8.0,0.2,2125,0.8,0.2,5.1353,13.2887,6.766,0.8853
"2023,2024,2025",2.5,0.0,8.0,1.0,2125,0.8,0.2,5.1356,13.2878,6.7661,0.888
"2023,2024,2025",2.5,0.05,8.0,1.0,2125,0.8,0.2,5.1359,13.2897,6.7667,0.888
"2023,2024,2025",2.5,0.08,8.0,0.75,2125,0.8,0.2,5.1369,13.2893,6.7674,0.8877
"2023,2024,2025",2.5,0.08,8.0,0.5,2125,0.8,0.2,5.1379,13.2896,6.7682,0.8871
"2023,2024,2025",2.5,0.08,8.0,0.35,2125,0.8,0.2,5.1386,13.2898,6.7689,0.8864
"2023,2024,2025",2.5,0.08,8.0,1.0,2125,0.8,0.2,5.1404,13.2931,6.7709,0.8879
"2023,2024,2025",2.5,0.12,8.0,0.1,2125,0.8,0.2,5.1439,13.295,6.7741,0.8835
"2023,2024,2025",4.0,0.08,14.0,0.35,2125,0.8,0.2,5.1528,13.2678,6.7758,0.883
"2023,2024,2025",4.0,0.0,14.0,0.35,2125,0.8,0.2,5.1529,13.2676,6.7759,0.883
"2023,2024,2025",4.0,0.05,14.0,0.35,2125,0.8,0.2,5.1529,13.2676,6.7759,0.883
"2023,2024,2025",4.0,0.12,14.0,0.35,2125,0.8,0.2,5.1539,13.2702,6.7771,0.883
"2023,2024,2025",2.5,0.12,8.0,0.2,2125,0.8,0.2,5.1499,13.2923,6.7784,0.8852
"2023,2024,2025",2.5,0.12,8.0,0.5,2125,0.8,0.2,5.154,13.2937,6.782,0.8868
"2023,2024,2025",2.5,0.12,8.0,0.35,2125,0.8,0.2,5.1541,13.2936,6.782,0.8863
"2023,2024,2025",2.5,0.12,8.0,0.75,2125,0.8,0.2,5.1541,13.2942,6.7821,0.8875
"2023,2024,2025",4.0,0.0,14.0,0.5,2125,0.8,0.2,5.1609,13.2693,6.7826,0.8829
"2023,2024,2025",4.0,0.05,14.0,0.5,2125,0.8,0.2,5.1609,13.2693,6.7826,0.8829
"2023,2024,2025",4.0,0.08,14.0,0.5,2125,0.8,0.2,5.1609,13.2695,6.7826,0.8829
"2023,2024,2025",4.0,0.12,14.0,0.5,2125,0.8,0.2,5.1621,13.2724,6.7842,0.8829
"2023,2024,2025",2.5,0.12,8.0,1.0,2125,0.8,0.2,5.1584,13.2988,6.7865,0.8878
"2023,2024,2025",4.0,0.0,14.0,0.75,2125,0.8,0.2,5.1708,13.2722,6.7911,0.8828
"2023,2024,2025",4.0,0.05,14.0,0.75,2125,0.8,0.2,5.1708,13.2722,6.7911,0.8828
"2023,2024,2025",4.0,0.08,14.0,0.75,2125,0.8,0.2,5.1709,13.2724,6.7912,0.8828
"2023,2024,2025",4.0,0.12,14.0,0.75,2125,0.8,0.2,5.1726,13.2761,6.7933,0.8828
"2023,2024,2025",4.0,0.0,14.0,1.0,2125,0.8,0.2,5.1839,13.2811,6.8034,0.8826
"2023,2024,2025",4.0,0.05,14.0,1.0,2125,0.8,0.2,5.1839,13.2811,6.8034,0.8826
"2023,2024,2025",4.0,0.08,14.0,1.0,2125,0.8,0.2,5.184,13.2813,6.8035,0.8826
"2023,2024,2025",4.0,0.12,14.0,1.0,2125,0.8,0.2,5.1865,13.2856,6.8063,0.8825
"2023,2024,2025",4.0,0.08,12.0,0.1,2125,0.8,0.2,5.1971,13.2941,6.8165,0.8838
"2023,2024,2025",4.0,0.0,12.0,0.1,2125,0.8,0.2,5.1974,13.2938,6.8167,0.8838
"2023,2024,2025",4.0,0.05,12.0,0.1,2125,0.8,0.2,5.1974,13.2938,6.8167,0.8838
"2023,2024,2025",4.0,0.12,12.0,0.1,2125,0.8,0.2,5.1978,13.296,6.8175,0.8838
"2023,2024,2025",4.0,0.08,12.0,0.2,2125,0.8,0.2,5.2133,13.296,6.8298,0.8839
"2023,2024,2025",4.0,0.0,12.0,0.2,2125,0.8,0.2,5.2135,13.2958,6.8299,0.8839
"2023,2024,2025",4.0,0.05,12.0,0.2,2125,0.8,0.2,5.2135,13.2958,6.8299,0.8839
"2023,2024,2025",4.0,0.12,12.0,0.2,2125,0.8,0.2,5.2142,13.2982,6.831,0.8839
"2023,2024,2025",5.0,0.12,14.0,0.1,2125,0.8,0.2,5.2263,13.294,6.8398,0.881
"2023,2024,2025",5.0,0.0,14.0,0.1,2125,0.8,0.2,5.2265,13.2937,6.8399,0.881
"2023,2024,2025",5.0,0.05,14.0,0.1,2125,0.8,0.2,5.2265,13.2937,6.8399,0.881
"2023,2024,2025",5.0,0.08,14.0,0.1,2125,0.8,0.2,5.2265,13.2937,6.8399,0.881
"2023,2024,2025",4.0,0.08,12.0,0.35,2125,0.8,0.2,5.23,13.3012,6.8443,0.884
"2023,2024,2025",4.0,0.0,12.0,0.35,2125,0.8,0.2,5.2301,13.301,6.8443,0.884
"2023,2024,2025",4.0,0.05,12.0,0.35,2125,0.8,0.2,5.2301,13.301,6.8443,0.884
"2023,2024,2025",4.0,0.12,12.0,0.35,2125,0.8,0.2,5.231,13.3037,6.8455,0.884
"2023,2024,2025",4.0,0.08,12.0,0.5,2125,0.8,0.2,5.2384,13.3031,6.8514,0.884
"2023,2024,2025",4.0,0.0,12.0,0.5,2125,0.8,0.2,5.2385,13.3029,6.8514,0.884
"2023,2024,2025",4.0,0.05,12.0,0.5,2125,0.8,0.2,5.2385,13.3029,6.8514,0.884
"2023,2024,2025",4.0,0.12,12.0,0.5,2125,0.8,0.2,5.2398,13.3062,6.8531,0.884
"2023,2024,2025",5.0,0.12,14.0,0.2,2125,0.8,0.2,5.2478,13.3016,6.8586,0.8803
"2023,2024,2025",5.0,0.0,14.0,0.2,2125,0.8,0.2,5.248,13.3014,6.8587,0.8803
"2023,2024,2025",5.0,0.05,14.0,0.2,2125,0.8,0.2,5.248,13.3014,6.8587,0.8803
"2023,2024,2025",5.0,0.08,14.0,0.2,2125,0.8,0.2,5.248,13.3014,6.8587,0.8803
"2023,2024,2025",4.0,0.0,12.0,0.75,2125,0.8,0.2,5.2472,13.3055,6.8589,0.884
"2023,2024,2025",4.0,0.05,12.0,0.75,2125,0.8,0.2,5.2472,13.3055,6.8589,0.884
"2023,2024,2025",4.0,0.08,12.0,0.75,2125,0.8,0.2,5.2473,13.3058,6.859,0.884
"2023,2024,2025",4.0,0.12,12.0,0.75,2125,0.8,0.2,5.2492,13.3095,6.8612,0.884
"2023,2024,2025",4.0,0.0,12.0,1.0,2125,0.8,0.2,5.2584,13.314,6.8695,0.8838
"2023,2024,2025",4.0,0.05,12.0,1.0,2125,0.8,0.2,5.2584,13.314,6.8695,0.8838
"2023,2024,2025",4.0,0.08,12.0,1.0,2125,0.8,0.2,5.2586,13.3142,6.8697,0.8838
"2023,2024,2025",4.0,0.12,12.0,1.0,2125,0.8,0.2,5.261,13.3183,6.8725,0.8839
"2023,2024,2025",5.0,0.12,14.0,0.35,2125,0.8,0.2,5.2744,13.3127,6.8821,0.8798
"2023,2024,2025",5.0,0.0,14.0,0.35,2125,0.8,0.2,5.2746,13.3125,6.8822,0.8798
"2023,2024,2025",5.0,0.05,14.0,0.35,2125,0.8,0.2,5.2746,13.3125,6.8822,0.8798
"2023,2024,2025",5.0,0.08,14.0,0.35,2125,0.8,0.2,5.2746,13.3125,6.8822,0.8798
"2023,2024,2025",5.0,0.12,14.0,0.5,2125,0.8,0.2,5.2904,13.3174,6.8958,0.8791
"2023,2024,2025",5.0,0.0,14.0,0.5,2125,0.8,0.2,5.2905,13.3171,6.8958,0.8791
"2023,2024,2025",5.0,0.05,14.0,0.5,2125,0.8,0.2,5.2905,13.3171,6.8958,0.8791
"2023,2024,2025",5.0,0.08,14.0,0.5,2125,0.8,0.2,5.2905,13.3171,6.8958,0.8791
"2023,2024,2025",4.0,0.08,10.0,0.1,2125,0.8,0.2,5.2857,13.3364,6.8959,0.8839
"2023,2024,2025",4.0,0.0,10.0,0.1,2125,0.8,0.2,5.2859,13.3362,6.896,0.8838
"2023,2024,2025",4.0,0.05,10.0,0.1,2125,0.8,0.2,5.2859,13.3362,6.896,0.8838
"2023,2024,2025",4.0,0.12,10.0,0.1,2125,0.8,0.2,5.2865,13.3388,6.897,0.8839
"2023,2024,2025",4.0,0.08,10.0,0.2,2125,0.8,0.2,5.3003,13.3367,6.9076,0.8842
"2023,2024,2025",4.0,0.0,10.0,0.2,2125,0.8,0.2,5.3005,13.3365,6.9077,0.8842
"2023,2024,2025",4.0,0.05,10.0,0.2,2125,0.8,0.2,5.3005,13.3365,6.9077,0.8842
"2023,2024,2025",4.0,0.12,10.0,0.2,2125,0.8,0.2,5.3014,13.3392,6.9089,0.8843
"2023,2024,2025",5.0,0.12,14.0,0.75,2125,0.8,0.2,5.3096,13.3244,6.9126,0.8785
"2023,2024,2025",5.0,0.0,14.0,0.75,2125,0.8,0.2,5.3097,13.3241,6.9126,0.8785
"2023,2024,2025",5.0,0.05,14.0,0.75,2125,0.8,0.2,5.3097,13.3241,6.9126,0.8785
"2023,2024,2025",5.0,0.08,14.0,0.75,2125,0.8,0.2,5.3097,13.3241,6.9126,0.8785
"2023,2024,2025",4.0,0.08,10.0,0.35,2125,0.8,0.2,5.3163,13.3407,6.9211,0.8847
"2023,2024,2025",4.0,0.0,10.0,0.35,2125,0.8,0.2,5.3164,13.3405,6.9212,0.8846
"2023,2024,2025",4.0,0.05,10.0,0.35,2125,0.8,0.2,5.3164,13.3405,6.9212,0.8846
"2023,2024,2025",4.0,0.12,10.0,0.35,2125,0.8,0.2,5.3176,13.3435,6.9228,0.8847
"2023,2024,2025",5.0,0.12,12.0,0.1,2125,0.8,0.2,5.3217,13.3367,6.9247,0.8819
"2023,2024,2025",5.0,0.0,12.0,0.1,2125,0.8,0.2,5.3219,13.3364,6.9248,0.8819
"2023,2024,2025",5.0,0.05,12.0,0.1,2125,0.8,0.2,5.3219,13.3364,6.9248,0.8819
"2023,2024,2025",5.0,0.08,12.0,0.1,2125,0.8,0.2,5.3219,13.3364,6.9248,0.8819
"2023,2024,2025",4.0,0.08,10.0,0.5,2125,0.8,0.2,5.3235,13.3418,6.9272,0.8848
"2023,2024,2025",4.0,0.0,10.0,0.5,2125,0.8,0.2,5.3237,13.3416,6.9273,0.8848
"2023,2024,2025",4.0,0.05,10.0,0.5,2125,0.8,0.2,5.3237,13.3416,6.9273,0.8848
"2023,2024,2025",4.0,0.12,10.0,0.5,2125,0.8,0.2,5.3252,13.3449,6.9291,0.8849
"2023,2024,2025",5.0,0.0,14.0,1.0,2125,0.8,0.2,5.3297,13.3357,6.9309,0.8779
"2023,2024,2025",5.0,0.05,14.0,1.0,2125,0.8,0.2,5.3297,13.3357,6.9309,0.8779
"2023,2024,2025",5.0,0.08,14.0,1.0,2125,0.8,0.2,5.3297,13.3357,6.9309,0.8779
"2023,2024,2025",5.0,0.12,14.0,1.0,2125,0.8,0.2,5.3297,13.3361,6.931,0.8779
"2023,2024,2025",4.0,0.08,10.0,0.75,2125,0.8,0.2,5.331,13.3441,6.9336,0.8849
"2023,2024,2025",4.0,0.0,10.0,0.75,2125,0.8,0.2,5.3311,13.3439,6.9337,0.885
"2023,2024,2025",4.0,0.05,10.0,0.75,2125,0.8,0.2,5.3311,13.3439,6.9337,0.885
"2023,2024,2025",4.0,0.12,10.0,0.75,2125,0.8,0.2,5.3331,13.3477,6.936,0.885
"2023,2024,2025",5.0,0.12,12.0,0.2,2125,0.8,0.2,5.3424,13.3427,6.9425,0.8815
"2023,2024,2025",5.0,0.0,12.0,0.2,2125,0.8,0.2,5.3426,13.3425,6.9425,0.8815
"2023,2024,2025",5.0,0.05,12.0,0.2,2125,0.8,0.2,5.3426,13.3425,6.9425,0.8815
"2023,2024,2025",5.0,0.08,12.0,0.2,2125,0.8,0.2,5.3426,13.3425,6.9425,0.8815
"2023,2024,2025",4.0,0.08,10.0,1.0,2125,0.8,0.2,5.3409,13.3519,6.9431,0.8851
"2023,2024,2025",4.0,0.0,10.0,1.0,2125,0.8,0.2,5.341,13.3517,6.9431,0.885
"2023,2024,2025",4.0,0.05,10.0,1.0,2125,0.8,0.2,5.341,13.3517,6.9431,0.885
"2023,2024,2025",4.0,0.12,10.0,1.0,2125,0.8,0.2,5.3434,13.356,6.9459,0.885
"2023,2024,2025",5.0,0.12,12.0,0.35,2125,0.8,0.2,5.3676,13.3524,6.9646,0.8811
"2023,2024,2025",5.0,0.0,12.0,0.35,2125,0.8,0.2,5.3678,13.3522,6.9647,0.881
"2023,2024,2025",5.0,0.05,12.0,0.35,2125,0.8,0.2,5.3678,13.3522,6.9647,0.881
"2023,2024,2025",5.0,0.08,12.0,0.35,2125,0.8,0.2,5.3678,13.3522,6.9647,0.881
"2023,2024,2025",6.5,0.0,14.0,0.1,2125,0.8,0.2,5.3718,13.347,6.9669,0.8775
"2023,2024,2025",6.5,0.05,14.0,0.1,2125,0.8,0.2,5.3718,13.347,6.9669,0.8775
"2023,2024,2025",6.5,0.08,14.0,0.1,2125,0.8,0.2,5.3718,13.347,6.9669,0.8775
"2023,2024,2025",6.5,0.12,14.0,0.1,2125,0.8,0.2,5.3718,13.347,6.9669,0.8775
"2023,2024,2025",5.0,0.12,12.0,0.5,2125,0.8,0.2,5.3817,13.3564,6.9766,0.8808
"2023,2024,2025",5.0,0.0,12.0,0.5,2125,0.8,0.2,5.3818,13.3561,6.9767,0.8808
"2023,2024,2025",5.0,0.05,12.0,0.5,2125,0.8,0.2,5.3818,13.3561,6.9767,0.8808
"2023,2024,2025",5.0,0.08,12.0,0.5,2125,0.8,0.2,5.3818,13.3561,6.9767,0.8808
"2023,2024,2025",4.0,0.08,8.0,0.1,2125,0.8,0.2,5.3812,13.3852,6.982,0.8834
"2023,2024,2025",4.0,0.0,8.0,0.1,2125,0.8,0.2,5.3814,13.385,6.9821,0.8834
"2023,2024,2025",4.0,0.05,8.0,0.1,2125,0.8,0.2,5.3814,13.385,6.9821,0.8834
"2023,2024,2025",4.0,0.12,8.0,0.1,2125,0.8,0.2,5.3823,13.3882,6.9835,0.8835
"2023,2024,2025",4.0,0.08,8.0,0.2,2125,0.8,0.2,5.3936,13.3846,6.9918,0.8843
"2023,2024,2025",5.0,0.0,12.0,0.75,2125,0.8,0.2,5.3991,13.3624,6.9918,0.8805
"2023,2024,2025",5.0,0.05,12.0,0.75,2125,0.8,0.2,5.3991,13.3624,6.9918,0.8805
"2023,2024,2025",5.0,0.08,12.0,0.75,2125,0.8,0.2,5.3991,13.3624,6.9918,0.8805
"2023,2024,2025",5.0,0.12,12.0,0.75,2125,0.8,0.2,5.3991,13.3626,6.9918,0.8805
"2023,2024,2025",4.0,0.0,8.0,0.2,2125,0.8,0.2,5.3939,13.3845,6.992,0.8843
"2023,2024,2025",4.0,0.05,8.0,0.2,2125,0.8,0.2,5.3939,13.3845,6.992,0.8843
"2023,2024,2025",6.5,0.0,14.0,0.2,2125,0.8,0.2,5.4009,13.3579,6.9923,0.8761
"2023,2024,2025",6.5,0.05,14.0,0.2,2125,0.8,0.2,5.4009,13.3579,6.9923,0.8761
"2023,2024,2025",6.5,0.08,14.0,0.2,2125,0.8,0.2,5.4009,13.3579,6.9923,0.8761
"2023,2024,2025",6.5,0.12,14.0,0.2,2125,0.8,0.2,5.4009,13.3579,6.9923,0.8761
"2023,2024,2025",4.0,0.12,8.0,0.2,2125,0.8,0.2,5.3952,13.3876,6.9936,0.8844
"2023,2024,2025",4.0,0.08,8.0,0.35,2125,0.8,0.2,5.4082,13.3877,7.0041,0.8848
"2023,2024,2025",4.0,0.0,8.0,0.35,2125,0.8,0.2,5.4085,13.3876,7.0043,0.8848
"2023,2024,2025",4.0,0.05,8.0,0.35,2125,0.8,0.2,5.4085,13.3876,7.0043,0.8848
"2023,2024,2025",4.0,0.12,8.0,0.35,2125,0.8,0.2,5.4099,13.3909,7.0061,0.885
"2023,2024,2025",5.0,0.0,12.0,1.0,2125,0.8,0.2,5.4172,13.373,7.0084,0.8801
"2023,2024,2025",5.0,0.05,12.0,1.0,2125,0.8,0.2,5.4172,13.373,7.0084,0.8801
"2023,2024,2025",5.0,0.08,12.0,1.0,2125,0.8,0.2,5.4172,13.373,7.0084,0.8801
"2023,2024,2025",5.0,0.12,12.0,1.0,2125,0.8,0.2,5.4172,13.3733,7.0084,0.8801
"2023,2024,2025",4.0,0.08,8.0,0.5,2125,0.8,0.2,5.4146,13.3887,7.0094,0.8853
"2023,2024,2025",4.0,0.0,8.0,0.5,2125,0.8,0.2,5.4149,13.3886,7.0096,0.8852
"2023,2024,2025",4.0,0.05,8.0,0.5,2125,0.8,0.2,5.4149,13.3886,7.0096,0.8852
"2023,2024,2025",4.0,0.12,8.0,0.5,2125,0.8,0.2,5.4166,13.3922,7.0117,0.8853
"2023,2024,2025",4.0,0.08,8.0,0.75,2125,0.8,0.2,5.4212,13.3912,7.0152,0.8857
"2023,2024,2025",4.0,0.0,8.0,0.75,2125,0.8,0.2,5.4214,13.391,7.0153,0.8857
"2023,2024,2025",4.0,0.05,8.0,0.75,2125,0.8,0.2,5.4214,13.391,7.0153,0.8857
"2023,2024,2025",4.0,0.12,8.0,0.75,2125,0.8,0.2,5.4236,13.3949,7.0179,0.8858
"2023,2024,2025",5.0,0.12,10.0,0.1,2125,0.8,0.2,5.4275,13.3876,7.0195,0.8825
"2023,2024,2025",5.0,0.0,10.0,0.1,2125,0.8,0.2,5.4276,13.3874,7.0196,0.8824
"2023,2024,2025",5.0,0.05,10.0,0.1,2125,0.8,0.2,5.4276,13.3874,7.0196,0.8824
"2023,2024,2025",5.0,0.08,10.0,0.1,2125,0.8,0.2,5.4276,13.3874,7.0196,0.8824
"2023,2024,2025",4.0,0.08,8.0,1.0,2125,0.8,0.2,5.43,13.3975,7.0235,0.8856
"2023,2024,2025",4.0,0.0,8.0,1.0,2125,0.8,0.2,5.4301,13.3973,7.0236,0.8857
"2023,2024,2025",4.0,0.05,8.0,1.0,2125,0.8,0.2,5.4301,13.3973,7.0236,0.8857
"2023,2024,2025",6.5,0.0,14.0,0.35,2125,0.8,0.2,5.4393,13.3747,7.0264,0.8747
"2023,2024,2025",6.5,0.05,14.0,0.35,2125,0.8,0.2,5.4393,13.3747,7.0264,0.8747
"2023,2024,2025",6.5,0.08,14.0,0.35,2125,0.8,0.2,5.4393,13.3747,7.0264,0.8747
"2023,2024,2025",6.5,0.12,14.0,0.35,2125,0.8,0.2,5.4393,13.3747,7.0264,0.8747
"2023,2024,2025",4.0,0.12,8.0,1.0,2125,0.8,0.2,5.4327,13.4018,7.0266,0.8858
"2023,2024,2025",5.0,0.12,10.0,0.2,2125,0.8,0.2,5.4469,13.3916,7.0359,0.8824
"2023,2024,2025",5.0,0.0,10.0,0.2,2125,0.8,0.2,5.4471,13.3914,7.0359,0.8824
"2023,2024,2025",5.0,0.05,10.0,0.2,2125,0.8,0.2,5.4471,13.3914,7.0359,0.8824
"2023,2024,2025",5.0,0.08,10.0,0.2,2125,0.8,0.2,5.4471,13.3914,7.0359,0.8824
"2023,2024,2025",6.5,0.0,14.0,0.5,2125,0.8,0.2,5.4662,13.3832,7.0496,0.8735
"2023,2024,2025",6.5,0.05,14.0,0.5,2125,0.8,0.2,5.4662,13.3832,7.0496,0.8735
"2023,2024,2025",6.5,0.08,14.0,0.5,2125,0.8,0.2,5.4662,13.3832,7.0496,0.8735
"2023,2024,2025",6.5,0.12,14.0,0.5,2125,0.8,0.2,5.4662,13.3832,7.0496,0.8735
"2023,2024,2025",5.0,0.12,10.0,0.35,2125,0.8,0.2,5.47,13.3996,7.0559,0.8824
"2023,2024,2025",5.0,0.0,10.0,0.35,2125,0.8,0.2,5.4701,13.3994,7.056,0.8824
"2023,2024,2025",5.0,0.05,10.0,0.35,2125,0.8,0.2,5.4701,13.3994,7.056,0.8824
"2023,2024,2025",5.0,0.08,10.0,0.35,2125,0.8,0.2,5.4701,13.3994,7.056,0.8824
"2023,2024,2025",5.0,0.12,10.0,0.5,2125,0.8,0.2,5.4825,13.403,7.0666,0.8823
"2023,2024,2025",5.0,0.0,10.0,0.5,2125,0.8,0.2,5.4827,13.4028,7.0667,0.8823
"2023,2024,2025",5.0,0.05,10.0,0.5,2125,0.8,0.2,5.4827,13.4028,7.0667,0.8823
"2023,2024,2025",5.0,0.08,10.0,0.5,2125,0.8,0.2,5.4827,13.4028,7.0667,0.8823
"2023,2024,2025",6.5,0.0,12.0,0.1,2125,0.8,0.2,5.4889,13.4007,7.0712,0.8787
"2023,2024,2025",6.5,0.05,12.0,0.1,2125,0.8,0.2,5.4889,13.4007,7.0712,0.8787
"2023,2024,2025",6.5,0.08,12.0,0.1,2125,0.8,0.2,5.4889,13.4007,7.0712,0.8787
"2023,2024,2025",6.5,0.12,12.0,0.1,2125,0.8,0.2,5.4889,13.4007,7.0712,0.8787
"2023,2024,2025",5.0,0.12,10.0,0.75,2125,0.8,0.2,5.4982,13.4086,7.0803,0.8822
"2023,2024,2025",5.0,0.0,10.0,0.75,2125,0.8,0.2,5.4983,13.4085,7.0803,0.8822
"2023,2024,2025",5.0,0.05,10.0,0.75,2125,0.8,0.2,5.4983,13.4085,7.0803,0.8822
"2023,2024,2025",5.0,0.08,10.0,0.75,2125,0.8,0.2,5.4983,13.4085,7.0803,0.8822
"2023,2024,2025",6.5,0.0,14.0,0.75,2125,0.8,0.2,5.5027,13.3977,7.0817,0.872
"2023,2024,2025",6.5,0.05,14.0,0.75,2125,0.8,0.2,5.5027,13.3977,7.0817,0.872
"2023,2024,2025",6.5,0.08,14.0,0.75,2125,0.8,0.2,5.5027,13.3977,7.0817,0.872
"2023,2024,2025",6.5,0.12,14.0,0.75,2125,0.8,0.2,5.5027,13.3977,7.0817,0.872
"2023,2024,2025",6.5,0.0,12.0,0.2,2125,0.8,0.2,5.5151,13.4095,7.094,0.8777
"2023,2024,2025",6.5,0.05,12.0,0.2,2125,0.8,0.2,5.5151,13.4095,7.094,0.8777
"2023,2024,2025",6.5,0.08,12.0,0.2,2125,0.8,0.2,5.5151,13.4095,7.094,0.8777
"2023,2024,2025",6.5,0.12,12.0,0.2,2125,0.8,0.2,5.5151,13.4095,7.094,0.8777
"2023,2024,2025",5.0,0.0,10.0,1.0,2125,0.8,0.2,5.5137,13.4177,7.0945,0.882
"2023,2024,2025",5.0,0.05,10.0,1.0,2125,0.8,0.2,5.5137,13.4177,7.0945,0.882
"2023,2024,2025",5.0,0.08,10.0,1.0,2125,0.8,0.2,5.5137,13.4177,7.0945,0.882
"2023,2024,2025",5.0,0.12,10.0,1.0,2125,0.8,0.2,5.5137,13.418,7.0945,0.882
"2023,2024,2025",6.5,0.0,14.0,1.0,2125,0.8,0.2,5.5349,13.4154,7.111,0.8709
"2023,2024,2025",6.5,0.05,14.0,1.0,2125,0.8,0.2,5.5349,13.4154,7.111,0.8709
"2023,2024,2025",6.5,0.08,14.0,1.0,2125,0.8,0.2,5.5349,13.4154,7.111,0.8709
"2023,2024,2025",6.5,0.12,14.0,1.0,2125,0.8,0.2,5.5349,13.4154,7.111,0.8709
"2023,2024,2025",5.0,0.12,8.0,0.1,2125,0.8,0.2,5.545,13.446,7.1252,0.8827
"2023,2024,2025",5.0,0.0,8.0,0.1,2125,0.8,0.2,5.5452,13.4457,7.1253,0.8826
"2023,2024,2025",5.0,0.05,8.0,0.1,2125,0.8,0.2,5.5452,13.4457,7.1253,0.8826
"2023,2024,2025",5.0,0.08,8.0,0.1,2125,0.8,0.2,5.5452,13.4457,7.1253,0.8826
"2023,2024,2025",6.5,0.0,12.0,0.35,2125,0.8,0.2,5.5511,13.4247,7.1258,0.8768
"2023,2024,2025",6.5,0.05,12.0,0.35,2125,0.8,0.2,5.5511,13.4247,7.1258,0.8768
"2023,2024,2025",6.5,0.08,12.0,0.35,2125,0.8,0.2,5.5511,13.4247,7.1258,0.8768
"2023,2024,2025",6.5,0.12,12.0,0.35,2125,0.8,0.2,5.5511,13.4247,7.1258,0.8768
"2023,2024,2025",5.0,0.12,8.0,0.2,2125,0.8,0.2,5.5608,13.4479,7.1382,0.8829
"2023,2024,2025",5.0,0.0,8.0,0.2,2125,0.8,0.2,5.561,13.4476,7.1383,0.883
"2023,2024,2025",5.0,0.05,8.0,0.2,2125,0.8,0.2,5.561,13.4476,7.1383,0.883
"2023,2024,2025",5.0,0.08,8.0,0.2,2125,0.8,0.2,5.561,13.4476,7.1383,0.883
"2023,2024,2025",6.5,0.0,12.0,0.5,2125,0.8,0.2,5.5764,13.4326,7.1476,0.8759
"2023,2024,2025",6.5,0.05,12.0,0.5,2125,0.8,0.2,5.5764,13.4326,7.1476,0.8759
"2023,2024,2025",6.5,0.08,12.0,0.5,2125,0.8,0.2,5.5764,13.4326,7.1476,0.8759
"2023,2024,2025",6.5,0.12,12.0,0.5,2125,0.8,0.2,5.5764,13.4326,7.1476,0.8759
"2023,2024,2025",5.0,0.12,8.0,0.35,2125,0.8,0.2,5.581,13.454,7.1556,0.8834
"2023,2024,2025",5.0,0.0,8.0,0.35,2125,0.8,0.2,5.5811,13.4538,7.1557,0.8833
"2023,2024,2025",5.0,0.05,8.0,0.35,2125,0.8,0.2,5.5811,13.4538,7.1557,0.8833
"2023,2024,2025",5.0,0.08,8.0,0.35,2125,0.8,0.2,5.5811,13.4538,7.1557,0.8833
"2023,2024,2025",5.0,0.12,8.0,0.5,2125,0.8,0.2,5.5927,13.4565,7.1654,0.8834
"2023,2024,2025",5.0,0.0,8.0,0.5,2125,0.8,0.2,5.5928,13.4562,7.1655,0.8834
"2023,2024,2025",5.0,0.05,8.0,0.5,2125,0.8,0.2,5.5928,13.4562,7.1655,0.8834
"2023,2024,2025",5.0,0.08,8.0,0.5,2125,0.8,0.2,5.5928,13.4562,7.1655,0.8834
"2023,2024,2025",6.5,0.0,12.0,0.75,2125,0.8,0.2,5.6088,13.4454,7.1761,0.8748
"2023,2024,2025",6.5,0.05,12.0,0.75,2125,0.8,0.2,5.6088,13.4454,7.1761,0.8748
"2023,2024,2025",6.5,0.08,12.0,0.75,2125,0.8,0.2,5.6088,13.4454,7.1761,0.8748
"2023,2024,2025",6.5,0.12,12.0,0.75,2125,0.8,0.2,5.6088,13.4454,7.1761,0.8748
"2023,2024,2025",5.0,0.0,8.0,0.75,2125,0.8,0.2,5.6061,13.4612,7.1772,0.8835
"2023,2024,2025",5.0,0.05,8.0,0.75,2125,0.8,0.2,5.6061,13.4612,7.1772,0.8835
"2023,2024,2025",5.0,0.08,8.0,0.75,2125,0.8,0.2,5.6061,13.4612,7.1772,0.8835
"2023,2024,2025",5.0,0.12,8.0,0.75,2125,0.8,0.2,5.6061,13.4615,7.1772,0.8835
"2023,2024,2025",6.5,0.0,10.0,0.1,2125,0.8,0.2,5.6206,13.4625,7.189,0.88
"2023,2024,2025",6.5,0.05,10.0,0.1,2125,0.8,0.2,5.6206,13.4625,7.189,0.88
"2023,2024,2025",6.5,0.08,10.0,0.1,2125,0.8,0.2,5.6206,13.4625,7.189,0.88
"2023,2024,2025",6.5,0.12,10.0,0.1,2125,0.8,0.2,5.6206,13.4625,7.189,0.88
"2023,2024,2025",5.0,0.0,8.0,1.0,2125,0.8,0.2,5.6194,13.4694,7.1894,0.8835
"2023,2024,2025",5.0,0.05,8.0,1.0,2125,0.8,0.2,5.6194,13.4694,7.1894,0.8835
"2023,2024,2025",5.0,0.08,8.0,1.0,2125,0.8,0.2,5.6194,13.4694,7.1894,0.8835
"2023,2024,2025",5.0,0.12,8.0,1.0,2125,0.8,0.2,5.6194,13.4697,7.1895,0.8835
"2023,2024,2025",6.5,0.0,12.0,1.0,2125,0.8,0.2,5.6361,13.4612,7.2011,0.874
"2023,2024,2025",6.5,0.05,12.0,1.0,2125,0.8,0.2,5.6361,13.4612,7.2011,0.874
"2023,2024,2025",6.5,0.08,12.0,1.0,2125,0.8,0.2,5.6361,13.4612,7.2011,0.874
"2023,2024,2025",6.5,0.12,12.0,1.0,2125,0.8,0.2,5.6361,13.4612,7.2011,0.874
"2023,2024,2025",6.5,0.0,10.0,0.2,2125,0.8,0.2,5.644,13.469,7.209,0.8794
"2023,2024,2025",6.5,0.05,10.0,0.2,2125,0.8,0.2,5.644,13.469,7.209,0.8794
"2023,2024,2025",6.5,0.08,10.0,0.2,2125,0.8,0.2,5.644,13.469,7.209,0.8794
"2023,2024,2025",6.5,0.12,10.0,0.2,2125,0.8,0.2,5.644,13.469,7.209,0.8794
"2023,2024,2025",6.5,0.0,10.0,0.35,2125,0.8,0.2,5.6778,13.482,7.2386,0.8787
"2023,2024,2025",6.5,0.05,10.0,0.35,2125,0.8,0.2,5.6778,13.482,7.2386,0.8787
"2023,2024,2025",6.5,0.08,10.0,0.35,2125,0.8,0.2,5.6778,13.482,7.2386,0.8787
"2023,2024,2025",6.5,0.12,10.0,0.35,2125,0.8,0.2,5.6778,13.482,7.2386,0.8787
"2023,2024,2025",6.5,0.0,10.0,0.5,2125,0.8,0.2,5.7,13.4889,7.2578,0.8782
"2023,2024,2025",6.5,0.05,10.0,0.5,2125,0.8,0.2,5.7,13.4889,7.2578,0.8782
"2023,2024,2025",6.5,0.08,10.0,0.5,2125,0.8,0.2,5.7,13.4889,7.2578,0.8782
"2023,2024,2025",6.5,0.12,10.0,0.5,2125,0.8,0.2,5.7,13.4889,7.2578,0.8782
"2023,2024,2025",6.5,0.0,10.0,0.75,2125,0.8,0.2,5.7277,13.5006,7.2823,0.8776
"2023,2024,2025",6.5,0.05,10.0,0.75,2125,0.8,0.2,5.7277,13.5006,7.2823,0.8776
"2023,2024,2025",6.5,0.08,10.0,0.75,2125,0.8,0.2,5.7277,13.5006,7.2823,0.8776
"2023,2024,2025",6.5,0.12,10.0,0.75,2125,0.8,0.2,5.7277,13.5006,7.2823,0.8776
"2023,2024,2025",6.5,0.0,10.0,1.0,2125,0.8,0.2,5.7515,13.5143,7.3041,0.8769
"2023,2024,2025",6.5,0.05,10.0,1.0,2125,0.8,0.2,5.7515,13.5143,7.3041,0.8769
"2023,2024,2025",6.5,0.08,10.0,1.0,2125,0.8,0.2,5.7515,13.5143,7.3041,0.8769
"2023,2024,2025",6.5,0.12,10.0,1.0,2125,0.8,0.2,5.7515,13.5143,7.3041,0.8769
"2023,2024,2025",6.5,0.0,8.0,0.1,2125,0.8,0.2,5.7666,13.5355,7.3204,0.8809
"2023,2024,2025",6.5,0.05,8.0,0.1,2125,0.8,0.2,5.7666,13.5355,7.3204,0.8809
"2023,2024,2025",6.5,0.08,8.0,0.1,2125,0.8,0.2,5.7666,13.5355,7.3204,0.8809
"2023,2024,2025",6.5,0.12,8.0,0.1,2125,0.8,0.2,5.7666,13.5355,7.3204,0.8809
"2023,2024,2025",6.5,0.0,8.0,0.2,2125,0.8,0.2,5.7871,13.5396,7.3376,0.8807
"2023,2024,2025",6.5,0.05,8.0,0.2,2125,0.8,0.2,5.7871,13.5396,7.3376,0.8807
"2023,2024,2025",6.5,0.08,8.0,0.2,2125,0.8,0.2,5.7871,13.5396,7.3376,0.8807
"2023,2024,2025",6.5,0.12,8.0,0.2,2125,0.8,0.2,5.7871,13.5396,7.3376,0.8807
"2023,2024,2025",6.5,0.0,8.0,0.35,2125,0.8,0.2,5.8158,13.5502,7.3627,0.8805
"2023,2024,2025",6.5,0.05,8.0,0.35,2125,0.8,0.2,5.8158,13.5502,7.3627,0.8805
"2023,2024,2025",6.5,0.08,8.0,0.35,2125,0.8,0.2,5.8158,13.5502,7.3627,0.8805
"2023,2024,2025",6.5,0.12,8.0,0.35,2125,0.8,0.2,5.8158,13.5502,7.3627,0.8805
"2023,2024,2025",6.5,0.0,8.0,0.5,2125,0.8,0.2,5.8347,13.556,7.3789,0.8803
"2023,2024,2025",6.5,0.05,8.0,0.5,2125,0.8,0.2,5.8347,13.556,7.3789,0.8803
"2023,2024,2025",6.5,0.08,8.0,0.5,2125,0.8,0.2,5.8347,13.556,7.3789,0.8803
"2023,2024,2025",6.5,0.12,8.0,0.5,2125,0.8,0.2,5.8347,13.556,7.3789,0.8803
"2023,2024,2025",6.5,0.0,8.0,0.75,2125,0.8,0.2,5.8583,13.5658,7.3998,0.88
"2023,2024,2025",6.5,0.05,8.0,0.75,2125,0.8,0.2,5.8583,13.5658,7.3998,0.88
"2023,2024,2025",6.5,0.08,8.0,0.75,2125,0.8,0.2,5.8583,13.5658,7.3998,0.88
"2023,2024,2025",6.5,0.12,8.0,0.75,2125,0.8,0.2,5.8583,13.5658,7.3998,0.88
"2023,2024,2025",6.5,0.0,8.0,1.0,2125,0.8,0.2,5.8789,13.577,7.4185,0.8797
"2023,2024,2025",6.5,0.05,8.0,1.0,2125,0.8,0.2,5.8789,13.577,7.4185,0.8797
"2023,2024,2025",6.5,0.08,8.0,1.0,2125,0.8,0.2,5.8789,13.577,7.4185,0.8797
"2023,2024,2025",6.5,0.12,8.0,1.0,2125,0.8,0.2,5.8789,13.577,7.4185,0.8797
