season,display_week,week_label,selection_rank,selection_source,event_id,captured_at_utc,kickoff_utc,matchup,away_team,home_team,pick_team,opponent,locked_spread,locked_price,locked_book,model_fair_line,model_edge,candidate_score,book_count,line_shopping_gain,reasoning,status,final_score,picked_team_margin,cover_margin,ats_result,closing_spread,clv_points,units,cumulative_units
2026,5,Week 5,1,recorded_pregame_backfill,afbc95d529430ef9797b428b2a9db1ab,2026-09-28T20:35:26+00:00,2026-10-03 19:30:00+00:00,Akron at Central Michigan,Akron,Central Michigan,Central Michigan,Akron,-6.5,-106,lowvig,-12.09,5.53,83.2,9,0.06,"The model's fair line is Central Michigan -12.1, compared with the best available -6.5. The independent football rating and market-rating component both support Central Michigan against the consensus line. The price is available across 9 tracked books, and line shopping improves the consensus spread by 0.06 points.",graded,"Akron 17, Central Michigan 41",24.0,17.5,win,-6.56,0.06,0.943,0.943
2026,5,Week 5,2,recorded_pregame_backfill,031ad65ec032d459cda2cee30378e4a4,2026-09-28T20:35:26+00:00,2026-10-03 17:00:00+00:00,Western Michigan at Buffalo,Western Michigan,Buffalo,Buffalo,Western Michigan,14.0,-110,mybookieag,7.54,6.13,81.8,9,0.33,"The model's fair line is Buffalo +7.5, compared with the best available +14.0. The independent football rating and market-rating component both support Buffalo against the consensus line. The price is available across 9 tracked books, and line shopping improves the consensus spread by 0.33 points.",graded,"Western Michigan 20, Buffalo 17",-3.0,11.0,win,13.67,0.33,0.909,1.852
2026,5,Week 5,3,recorded_pregame_backfill,3c64f3dd8efd756a90f09303e5517006,2026-09-28T20:35:26+00:00,2026-10-02 01:00:00+00:00,North Texas at Tulsa,North Texas,Tulsa,North Texas,Tulsa,1.5,-110,fanduel,-3.63,4.8,81.4,9,0.33,"The model's fair line is North Texas -3.6, compared with the best available +1.5. The independent football rating and market-rating component both support North Texas against the consensus line. The price is available across 9 tracked books, and line shopping improves the consensus spread by 0.33 points.",graded,"North Texas 45, Tulsa 44",1.0,2.5,win,1.17,0.33,0.909,2.761
2026,5,Week 5,4,recorded_pregame_backfill,11c2108f1d7c8fb56c8a6c7fcd9b62bf,2026-09-28T20:35:26+00:00,2026-10-03 16:00:00+00:00,UCF at Houston,UCF,Houston,UCF,Houston,12.5,-110,fanduel,7.43,4.79,81.0,9,0.28,"The model's fair line is UCF +7.4, compared with the best available +12.5. The independent football rating and market-rating component both support UCF against the consensus line. The price is available across 9 tracked books, and line shopping improves the consensus spread by 0.28 points.",graded,"UCF 17, Houston 27",-10.0,2.5,win,12.22,0.28,0.909,3.67
2026,5,Week 5,5,recorded_pregame_backfill,94769faaa7a5aba0474291fc9c2d3d6d,2026-09-28T20:35:26+00:00,2026-10-03 16:00:00+00:00,Syracuse at UConn,Syracuse,UConn,UConn,Syracuse,6.5,-110,fanduel,-0.33,6.55,79.1,9,0.28,"The model's fair line is UConn -0.3, compared with the best available +6.5. The independent football rating and market-rating component both support UConn against the consensus line. The price is available across 9 tracked books, and line shopping improves the consensus spread by 0.28 points.",graded,"Syracuse 42, UConn 41",-1.0,5.5,win,6.22,0.28,0.909,4.579
2026,5,Week 5,6,recorded_pregame_backfill,6338f8a71aba32414791add2d358472d,2026-09-28T20:35:26+00:00,2026-10-03 23:30:00+00:00,Temple at South Florida,Temple,South Florida,South Florida,Temple,-5.5,-115,fanduel,-10.11,4.11,78.8,9,0.5,"The model's fair line is South Florida -10.1, compared with the best available -5.5. The independent football rating and market-rating component both support South Florida against the consensus line. The price is available across 9 tracked books, and line shopping improves the consensus spread by 0.50 points.",graded,"Temple 17, South Florida 13",-4.0,-9.5,loss,-6.0,0.5,-1.0,3.579
2026,6,Week 6,1,automated_frozen,2a637494f07611db6ba822fb84218d58,2026-10-05T22:10:23+00:00,2026-10-08T23:30:00Z,South Florida at UTSA,South Florida,UTSA,South Florida,UTSA,7.5,-115,bovada,2.78,4.22,86.4,9,0.5,"The model's fair line is South Florida +2.8, compared with the best available +7.5. The independent football rating and market-rating component both support South Florida against the consensus line. The price is available across 9 tracked books, and line shopping improves the consensus spread by 0.50 points.",pending,,,,,,,0.0,3.579
2026,6,Week 6,2,automated_frozen,d9b77825d169fdd683f8efa7c1948a8e,2026-10-05T22:10:23+00:00,2026-10-10T19:30:00Z,Ole Miss at Vanderbilt,Ole Miss,Vanderbilt,Vanderbilt,Ole Miss,10.0,-115,betrivers,5.28,4.16,82.9,8,0.56,"The model's fair line is Vanderbilt +5.3, compared with the best available +10.0. The independent football rating and market-rating component both support Vanderbilt against the consensus line. The price is available across 8 tracked books, and line shopping improves the consensus spread by 0.56 points.",pending,,,,,,,0.0,3.579
2026,6,Week 6,3,automated_frozen,9383cbbbb905d9ee50a3341f6945eae7,2026-10-05T22:10:23+00:00,2026-10-10T16:45:00Z,South Carolina at Florida,South Carolina,Florida,South Carolina,Florida,13.5,-106,lowvig,9.55,3.89,81.6,9,0.06,"The model's fair line is South Carolina +9.6, compared with the best available +13.5. The independent football rating and market-rating component both support South Carolina against the consensus line. The price is available across 9 tracked books, and line shopping improves the consensus spread by 0.06 points.",pending,,,,,,,0.0,3.579
