event_id,week_label,commence_time,away_team,home_team,snapshot_count,first_captured_at_utc,latest_captured_at_utc,opening_market_home_spread,latest_market_home_spread,home_line_movement,edge_side,latest_model_edge,selected_best_spread,selected_best_price,selected_best_book,break_even_probability,line_shopping_value,opening_to_latest_value,closing_side_spread,best_line_clv,actual_home_margin,ats_result,betting_status
9e0eaa3fed3125ec9629a777bf077185,Week 4,2026-09-24T23:30:00Z,Liberty,Coastal Carolina,2,2026-09-21T00:31:51+00:00,2026-09-21T21:56:06+00:00,2.12,2.44,0.32,Liberty,6.9,-2.0,-110,mybookieag,0.5238,0.44,0.32,-2.44,0.44,-17.0,win,Standard
d9a781a64fc2c4b45290db32b5ec3f20,Week 4,2026-09-25T20:00:00Z,Army,Temple,2,2026-09-21T00:31:51+00:00,2026-09-21T21:56:06+00:00,3.06,3.06,0.0,Temple,4.12,3.5,-120,fanduel,0.5455,0.44,0.0,3.06,0.44,-4.0,loss,Standard
2e454a12c5301843ab7ec1a1eaf4f237,Week 4,2026-09-25T23:00:00Z,Navy,UAB,2,2026-09-21T00:31:51+00:00,2026-09-21T21:56:06+00:00,7.5,7.06,-0.44,UAB,6.26,7.5,-120,fanduel,0.5455,0.44,0.44,7.06,0.44,4.0,win,Standard
775ad63a769838c1e1da423293c9c60d,Week 4,2026-09-26T00:00:00Z,Northwestern,Indiana,2,2026-09-21T00:31:51+00:00,2026-09-21T21:56:06+00:00,-21.81,-21.0,0.81,Northwestern,2.62,21.5,-110,mybookieag,0.5238,0.5,0.81,21.0,0.5,6.0,win,Standard
48683523200ecdbeb09a2e6eb0d0a1f7,Week 4,2026-09-26T02:30:00Z,Clemson,California,2,2026-09-21T00:31:51+00:00,2026-09-21T21:56:06+00:00,-0.75,0.61,1.36,Clemson,4.06,1.0,-113,betrivers,0.5305,1.61,1.36,-0.61,1.61,-14.0,win,Standard
a14ae60e9aac7b91d0acbdae745873b4,Week 4,2026-09-26T16:00:00Z,Ball State,Kent State,2,2026-09-21T00:31:51+00:00,2026-09-21T21:56:06+00:00,-3.25,-3.06,0.19,Ball State,2.6,3.5,-122,fanduel,0.5495,0.44,0.19,3.06,0.44,13.0,loss,Standard
90cacdc25f25e1f13b13e031a7fee9b7,Week 4,2026-09-26T16:00:00Z,Colorado,Baylor,2,2026-09-21T00:31:51+00:00,2026-09-21T21:56:06+00:00,-9.56,-9.94,-0.38,Baylor,1.44,-9.5,-118,fanduel,0.5413,0.44,0.38,-9.94,0.44,10.0,win,Standard
69b1a0ff5fb2c67c6627b5c8cf8368cb,Week 4,2026-09-26T16:00:00Z,Texas,Tennessee,2,2026-09-21T00:31:51+00:00,2026-09-21T21:56:06+00:00,3.86,5.56,1.7,Tennessee,1.51,6.0,-115,bovada,0.5349,0.44,-1.7,5.56,0.44,-3.0,win,Standard
11ea90adf014a268d12caa9978b05bd8,Week 4,2026-09-26T16:00:00Z,UNLV,Akron,2,2026-09-21T00:31:51+00:00,2026-09-21T21:56:06+00:00,13.56,13.61,0.05,UNLV,0.38,-13.5,-110,lowvig,0.5238,0.11,0.05,-13.61,0.11,-28.0,win,Standard
f6b6590d0b66bbb4fcbb391289794963,Week 4,2026-09-26T16:00:00Z,Wake Forest,Louisville,2,2026-09-21T00:31:51+00:00,2026-09-21T21:56:06+00:00,-13.12,-12.72,0.4,Wake Forest,1.01,13.0,-110,mybookieag,0.5238,0.28,0.4,12.72,0.28,-3.0,win,Standard
11c5e9c2cf899388abd0dae30ea71db9,Week 4,2026-09-26T16:45:00Z,South Alabama,Kentucky,2,2026-09-21T00:31:51+00:00,2026-09-21T21:56:06+00:00,-20.62,-20.5,0.12,South Alabama,8.16,20.5,-109,lowvig,0.5215,0.0,0.12,20.5,0.0,24.0,loss,Standard
c48f042c91328d4d0c6351fc82286879,Week 4,2026-09-26T17:30:00Z,UCLA,Maryland,2,2026-09-21T00:31:51+00:00,2026-09-21T21:56:06+00:00,2.12,2.17,0.05,Maryland,1.71,2.5,-111,lowvig,0.5261,0.33,-0.05,2.17,0.33,-51.0,loss,Standard
bf2cffa30d89eb2ce1b4d0f91561f66d,Week 4,2026-09-26T18:00:00Z,Notre Dame,Purdue,2,2026-09-21T00:31:51+00:00,2026-09-21T21:56:06+00:00,27.31,27.89,0.58,Purdue,3.37,28.0,-109,lowvig,0.5215,0.11,-0.58,27.89,0.11,-39.0,loss,Standard
fc7c77e060e8ba29a61de994be1497c0,Week 4,2026-09-26T19:00:00Z,Hawai'i,Wyoming,2,2026-09-21T00:31:51+00:00,2026-09-21T21:56:06+00:00,3.19,3.11,-0.08,Wyoming,1.97,3.5,-114,betrivers,0.5327,0.39,0.08,3.11,0.39,17.0,win,Standard
f0985218c2ed146bb0295c4e9c4a0dd7,Week 4,2026-09-26T19:30:00Z,Boise State,Western Michigan,2,2026-09-21T00:31:51+00:00,2026-09-21T21:56:06+00:00,7.5,7.11,-0.39,Western Michigan,4.43,7.5,-113,betrivers,0.5305,0.39,0.39,7.11,0.39,-25.0,loss,Standard
39a3d3075172036a2b3f7d47913779b8,Week 4,2026-09-26T19:30:00Z,Iowa,Michigan,2,2026-09-21T00:31:51+00:00,2026-09-21T21:56:06+00:00,-4.38,-5.5,-1.12,Iowa,3.02,5.5,-106,lowvig,0.5146,0.0,-1.12,5.5,0.0,-1.0,win,Standard
3848eaee7484034f3604aed922649c4e,Week 4,2026-09-26T19:30:00Z,Oklahoma,Georgia,2,2026-09-21T00:31:51+00:00,2026-09-21T21:56:06+00:00,-13.94,-13.78,0.16,Oklahoma,2.48,14.0,-108,lowvig,0.5192,0.22,0.16,13.78,0.22,28.0,loss,Standard
886538e98f0884df3d655d9d2d2ca567,Week 4,2026-09-26T19:30:00Z,Ole Miss,Florida,2,2026-09-21T00:31:51+00:00,2026-09-21T21:56:06+00:00,-2.86,-3.19,-0.33,Ole Miss,2.15,3.5,-110,mybookieag,0.5238,0.31,-0.33,3.19,0.31,24.0,loss,Standard
32171e03f5df71b5c9057bcba40030a7,Week 4,2026-09-26T19:30:00Z,TCU,UCF,2,2026-09-21T00:31:51+00:00,2026-09-21T21:56:06+00:00,3.29,3.11,-0.18,UCF,3.4,3.5,-115,bovada,0.5349,0.39,0.18,3.11,0.39,8.0,win,Standard
edf8d3e3699aa5cb34c50ac7de992d37,Week 4,2026-09-26T20:15:00Z,Vanderbilt,Auburn,2,2026-09-21T00:31:51+00:00,2026-09-21T21:56:06+00:00,-9.25,-9.44,-0.19,Vanderbilt,3.91,9.5,-110,draftkings,0.5238,0.06,-0.19,9.44,0.06,6.0,win,Standard
10078e86207d952986707c1ad7dc9331,Week 4,2026-09-26T21:00:00Z,South Florida,Bowling Green,2,2026-09-21T00:31:51+00:00,2026-09-21T21:56:06+00:00,17.69,17.44,-0.25,Bowling Green,0.62,17.5,-106,lowvig,0.5146,0.06,0.25,17.44,0.06,-8.0,win,Standard
9c5cf55e5371dd6178da97dcaef2bff5,Week 4,2026-09-26T21:00:00Z,Wisconsin,Penn State,2,2026-09-21T00:31:51+00:00,2026-09-21T21:56:06+00:00,-10.0,-9.72,0.28,Penn State,3.93,-9.5,-108,fanduel,0.5192,0.22,-0.28,-9.72,0.22,-4.0,loss,Standard
ce4578738432ad6327f4e3a4909ddcb5,Week 4,2026-09-26T22:00:00Z,Delaware,Virginia,2,2026-09-21T00:31:51+00:00,2026-09-21T21:56:06+00:00,-20.38,-19.44,0.94,Delaware,6.91,20.0,-110,betmgm,0.5238,0.56,0.94,19.44,0.56,39.0,loss,Standard
008dd61e19c2456760593773da6a88ef,Week 4,2026-09-26T22:00:00Z,James Madison,Old Dominion,2,2026-09-21T00:31:51+00:00,2026-09-21T21:56:06+00:00,5.12,5.83,0.71,James Madison,6.07,-5.5,-111,lowvig,0.5261,0.33,0.71,-5.83,0.33,-26.0,win,Standard
1f0c9cd1941cbfe5c5ca28fa42e387d8,Week 4,2026-09-26T22:30:00Z,Central Michigan,Miami,2,2026-09-21T00:31:51+00:00,2026-09-21T21:56:06+00:00,-40.79,-41.19,-0.4,Central Michigan,8.94,41.5,-105,fanduel,0.5122,0.31,-0.4,41.19,0.31,49.0,loss,Standard
c80f5f34b99b9346f4e40cf5304d941d,Week 4,2026-09-26T22:30:00Z,Louisiana,Charlotte,2,2026-09-21T00:31:51+00:00,2026-09-21T21:56:06+00:00,11.25,10.22,-1.03,Charlotte,4.11,10.5,-110,fanduel,0.5238,0.28,1.03,10.22,0.28,-27.0,loss,Standard
fe0fb2e29062d93898ebdd583329194d,Week 4,2026-09-26T23:00:00Z,Middle Tennessee,Jacksonville State,2,2026-09-21T00:31:51+00:00,2026-09-21T21:56:06+00:00,-8.75,-7.22,1.53,Middle Tennessee,3.98,7.5,-116,lowvig,0.537,0.28,1.53,7.22,0.28,10.0,loss,Standard
c843a3f97a410eedafcfbad440774ad2,Week 4,2026-09-26T23:00:00Z,South Carolina,Alabama,2,2026-09-21T00:31:51+00:00,2026-09-21T21:56:06+00:00,-12.93,-12.0,0.93,Alabama,0.58,-11.5,-106,lowvig,0.5146,0.5,-0.93,-12.0,0.5,31.0,win,Standard
83516ad7ba3e8ef9f90498cfcaf10eb5,Week 4,2026-09-26T23:30:00Z,Oregon,USC,2,2026-09-21T00:31:51+00:00,2026-09-21T21:56:06+00:00,2.5,2.94,0.44,USC,6.52,3.0,-104,lowvig,0.5098,0.06,-0.44,2.94,0.06,-14.0,loss,Standard
f154381c89953d3b0bd409a6bc4e28a6,Week 4,2026-09-26T23:45:00Z,Missouri,Mississippi State,2,2026-09-21T00:31:51+00:00,2026-09-21T21:56:06+00:00,-5.88,-6.22,-0.34,Mississippi State,0.12,-5.5,-115,fanduel,0.5349,0.72,0.34,-6.22,0.72,7.0,win,Standard
891673ae39457f51a701ca482c2f7280,Week 4,2026-09-27T00:00:00Z,Tulsa,Arkansas,2,2026-09-21T00:31:51+00:00,2026-09-21T21:56:06+00:00,-7.31,-7.11,0.2,Tulsa,4.19,7.5,-116,lowvig,0.537,0.39,0.2,7.11,0.39,28.0,loss,Standard
271438149d3f0afb2ff01736101b5e20,Week 4,2026-09-27T02:00:00Z,Rice,Fresno State,2,2026-09-21T00:31:51+00:00,2026-09-21T21:56:06+00:00,-13.81,-13.5,0.31,Fresno State,1.59,-13.0,-110,betus,0.5238,0.5,-0.31,-13.5,0.5,14.0,win,Standard
e972bb2c0291b991de32cc0188c9d338,Week 4,2026-09-27T02:30:00Z,Air Force,Nevada,2,2026-09-21T00:31:51+00:00,2026-09-21T21:56:06+00:00,4.44,5.28,0.84,Nevada,10.45,5.5,-110,fanduel,0.5238,0.22,-0.84,5.28,0.22,-3.0,win,Standard
e497e36c59bded468da11878568e7c80,Week 4,2026-09-27T03:00:00Z,Minnesota,Washington,2,2026-09-21T00:31:51+00:00,2026-09-21T21:56:06+00:00,-8.81,-9.89,-1.08,Minnesota,0.61,10.0,-110,mybookieag,0.5238,0.11,-1.08,9.89,0.11,-3.0,win,Standard
3c64f3dd8efd756a90f09303e5517006,Week 5,2026-10-02T01:00:00Z,North Texas,Tulsa,2,2026-09-27T12:40:24+00:00,2026-09-28T20:35:26+00:00,-2.5,-1.17,1.33,North Texas,4.8,1.5,-110,fanduel,0.5238,0.33,1.33,,,,,Standard
a39f3695781e9b2f76011e921d63b124,Week 5,2026-10-02T23:00:00Z,Liberty,Delaware,1,2026-09-28T20:35:26+00:00,2026-09-28T20:35:26+00:00,7.06,7.06,0.0,Liberty,4.18,-7.0,-106,lowvig,0.5146,0.06,0.0,,,,,Standard
0469a451e58ca81723a7760d4bede173,Week 5,2026-10-03T00:00:00Z,Penn State,Northwestern,2,2026-09-27T12:40:24+00:00,2026-09-28T20:35:26+00:00,4.0,2.56,-1.44,Penn State,0.95,-2.5,-110,fanduel,0.5238,0.06,-1.44,,,,,Standard
6b22daf46195be6b3748584efe89dac1,Week 5,2026-10-03T16:00:00Z,Alabama,Mississippi State,2,2026-09-27T12:40:24+00:00,2026-09-28T20:35:26+00:00,4.5,5.94,1.44,Alabama,1.6,-5.5,-115,fanduel,0.5349,0.44,1.44,,,,,Standard
36357c80707ce0c3a645afe495b28bbd,Week 5,2026-10-03T16:00:00Z,Boston College,SMU,2,2026-09-27T12:40:24+00:00,2026-09-28T20:35:26+00:00,-20.5,-21.0,-0.5,Boston College,6.63,21.5,-118,fanduel,0.5413,0.5,-0.5,,,,,Standard
a2f01448219e39fd44e3d98ea5c7f482,Week 5,2026-10-03T16:00:00Z,Michigan,Minnesota,2,2026-09-27T12:40:24+00:00,2026-09-28T20:35:26+00:00,6.25,5.56,-0.69,Michigan,0.22,-5.5,-106,lowvig,0.5146,0.06,-0.69,,,,,Standard
38e6b42c07f8da2e57e0b4dd09d6174c,Week 5,2026-10-03T16:00:00Z,Middle Tennessee,Kansas,1,2026-09-28T20:35:26+00:00,2026-09-28T20:35:26+00:00,-18.78,-18.78,0.0,Middle Tennessee,10.72,19.5,-110,fanduel,0.5238,0.72,0.0,,,,,Standard
4fcb5b7ec04cad7acc5d048bdd24be4c,Week 5,2026-10-03T16:00:00Z,Navy,Air Force,2,2026-09-27T12:40:24+00:00,2026-09-28T20:35:26+00:00,-2.5,-3.5,-1.0,Air Force,0.22,-3.5,-102,draftkings,0.505,0.0,1.0,,,,,Standard
2b8db5053d533b488c0d76f49382d219,Week 5,2026-10-03T16:00:00Z,Notre Dame,North Carolina,2,2026-09-27T12:40:24+00:00,2026-09-28T20:35:26+00:00,21.83,21.17,-0.66,North Carolina,0.97,21.5,-110,mybookieag,0.5238,0.33,0.66,,,,,Standard
8ef32c906348e926ca0fabcc25635c11,Week 5,2026-10-03T16:00:00Z,Stanford,Wake Forest,2,2026-09-27T12:40:24+00:00,2026-09-28T20:35:26+00:00,-12.5,-12.83,-0.33,Stanford,1.23,13.0,-106,lowvig,0.5146,0.17,-0.33,,,,,Standard
94769faaa7a5aba0474291fc9c2d3d6d,Week 5,2026-10-03T16:00:00Z,Syracuse,UConn,2,2026-09-27T12:40:24+00:00,2026-09-28T20:35:26+00:00,7.5,6.22,-1.28,UConn,6.55,6.5,-110,fanduel,0.5238,0.28,1.28,,,,,Standard
11c2108f1d7c8fb56c8a6c7fcd9b62bf,Week 5,2026-10-03T16:00:00Z,UCF,Houston,2,2026-09-27T12:40:24+00:00,2026-09-28T20:35:26+00:00,-11.5,-12.22,-0.72,UCF,4.79,12.5,-110,fanduel,0.5238,0.28,-0.72,,,,,Standard
46e1be6476ed577d1b5194b46b27c643,Week 5,2026-10-03T16:45:00Z,Vanderbilt,Georgia,2,2026-09-27T12:40:24+00:00,2026-09-28T20:35:26+00:00,-24.5,-24.44,0.06,Vanderbilt,2.5,24.5,-110,fanduel,0.5238,0.06,0.06,,,,,Standard
031ad65ec032d459cda2cee30378e4a4,Week 5,2026-10-03T17:00:00Z,Western Michigan,Buffalo,1,2026-09-28T20:35:26+00:00,2026-09-28T20:35:26+00:00,13.67,13.67,0.0,Buffalo,6.13,14.0,-110,mybookieag,0.5238,0.33,0.0,,,,,Standard
c3437a49d4efdbca5669e7edfb5af569,Week 5,2026-10-03T18:00:00Z,Toledo,Ball State,2,2026-09-27T12:40:24+00:00,2026-09-28T20:35:26+00:00,16.5,19.33,2.83,Ball State,4.41,19.5,-108,betrivers,0.5192,0.17,-2.83,,,,,Standard
afbc95d529430ef9797b428b2a9db1ab,Week 5,2026-10-03T19:30:00Z,Akron,Central Michigan,2,2026-09-27T12:40:24+00:00,2026-09-28T20:35:26+00:00,-5.5,-6.56,-1.06,Central Michigan,5.53,-6.5,-106,lowvig,0.5146,0.06,1.06,,,,,Standard
f2defdeeb6cb3aa4a86b01a7a5b1ece4,Week 5,2026-10-03T19:30:00Z,Auburn,Tennessee,2,2026-09-27T12:40:24+00:00,2026-09-28T20:35:26+00:00,-8.0,-7.0,1.0,Tennessee,0.46,-6.5,-124,fanduel,0.5536,0.5,-1.0,,,,,Standard
f28938b05f7d4b4187e879917f6e583a,Week 5,2026-10-03T19:30:00Z,California,UNLV,2,2026-09-27T12:40:24+00:00,2026-09-28T20:35:26+00:00,1.5,-2.5,-4.0,UNLV,1.87,-2.0,-112,betrivers,0.5283,0.5,4.0,,,,,Standard
6d39ea01c532535edf756b8086656518,Week 5,2026-10-03T19:30:00Z,Florida,Missouri,2,2026-09-27T12:40:24+00:00,2026-09-28T20:35:26+00:00,5.0,5.17,0.17,Florida,1.0,-4.5,-115,draftkings,0.5349,0.67,0.17,,,,,Standard
a77fd3143159a9d16a75685528d9960b,Week 5,2026-10-03T19:30:00Z,Louisville,NC State,2,2026-09-27T12:40:24+00:00,2026-09-28T20:35:26+00:00,6.5,5.56,-0.94,NC State,1.42,6.0,-114,betrivers,0.5327,0.44,0.94,,,,,Standard
9b2bcb758c7d7f4cb25d5102e4e9068e,Week 5,2026-10-03T19:30:00Z,Memphis,Charlotte,1,2026-09-28T20:35:26+00:00,2026-09-28T20:35:26+00:00,20.22,20.22,0.0,Charlotte,4.67,20.5,-105,fanduel,0.5122,0.28,0.0,,,,,Standard
c1c548c80e674e3a37dcc2551beba599,Week 5,2026-10-03T19:30:00Z,Ohio,Kent State,2,2026-09-27T12:40:24+00:00,2026-09-28T20:35:26+00:00,4.5,3.11,-1.39,Ohio,2.25,-3.0,-106,lowvig,0.5146,0.11,-1.39,,,,,Standard
7e365956ef23823565a044a5af18736a,Week 5,2026-10-03T19:45:00Z,Marshall,James Madison,2,2026-09-27T12:40:24+00:00,2026-09-28T20:35:26+00:00,-14.5,-18.33,-3.83,Marshall,2.15,18.5,-110,mybookieag,0.5238,0.17,-3.83,,,,,Standard
0e62429ed73f84f87f603d376477749c,Week 5,2026-10-03T20:00:00Z,Maryland,Nebraska,2,2026-09-27T12:40:24+00:00,2026-09-28T20:35:26+00:00,-14.5,-14.78,-0.28,Nebraska,2.21,-14.5,-110,fanduel,0.5238,0.28,0.28,,,,,Standard
e7e3e3bfc3fd7fca7550ecf48cb78666,Week 5,2026-10-03T20:00:00Z,UTEP,New Mexico,1,2026-09-28T20:35:26+00:00,2026-09-28T20:35:26+00:00,-22.56,-22.56,0.0,New Mexico,2.79,-22.5,-106,lowvig,0.5146,0.06,0.0,,,,,Standard
59abc1d6262d2ea6a72c4daad4c83af2,Week 5,2026-10-03T20:15:00Z,Kentucky,South Carolina,2,2026-09-27T12:40:24+00:00,2026-09-28T20:35:26+00:00,-3.5,-2.61,0.89,South Carolina,0.34,-2.5,-110,mybookieag,0.5238,0.11,-0.89,,,,,Standard
0cdf52fe0d6bfe0664b76a2102f8b605,Week 5,2026-10-03T20:15:00Z,Purdue,Illinois,2,2026-09-27T12:40:24+00:00,2026-09-28T20:35:26+00:00,-9.5,-10.0,-0.5,Illinois,1.29,-9.5,-112,betrivers,0.5283,0.5,0.5,,,,,Standard
b58c0d24e66471e6095c0a5f9afb7ce3,Week 5,2026-10-03T23:00:00Z,BYU,TCU,2,2026-09-27T12:40:24+00:00,2026-09-28T20:35:26+00:00,7.0,6.5,-0.5,TCU,2.18,6.5,-101,lowvig,0.5025,0.0,0.5,,,,,Standard
4c84a699496b71ee1e626e3c7f5689c9,Week 5,2026-10-03T23:00:00Z,UL Monroe,South Alabama,2,2026-09-27T12:40:24+00:00,2026-09-28T20:35:26+00:00,-15.5,-13.94,1.56,UL Monroe,0.75,14.0,-110,mybookieag,0.5238,0.06,1.56,,,,,Standard
279230b2d38c4e97187c3f065501a4cf,Week 5,2026-10-03T23:00:00Z,UTSA,Rice,2,2026-09-27T12:40:24+00:00,2026-09-28T20:35:26+00:00,10.5,11.22,0.72,Rice,1.13,12.0,-108,betmgm,0.5192,0.78,-0.72,,,,,Standard
932c7f6dfe06be77192fe000e9f3ac9d,Week 5,2026-10-03T23:30:00Z,Miami,Clemson,2,2026-09-27T12:40:24+00:00,2026-09-28T20:35:26+00:00,18.0,16.94,-1.06,Clemson,3.53,17.5,-112,draftkings,0.5283,0.56,1.06,,,,,Standard
6338f8a71aba32414791add2d358472d,Week 5,2026-10-03T23:30:00Z,Temple,South Florida,2,2026-09-27T12:40:24+00:00,2026-09-28T20:35:26+00:00,-6.5,-6.0,0.5,South Florida,4.11,-5.5,-115,fanduel,0.5349,0.5,-0.5,,,,,Standard
f981648dba0e71d8517d47d31aa2633d,Week 5,2026-10-03T23:30:00Z,Washington,USC,2,2026-09-27T12:40:24+00:00,2026-09-28T20:35:26+00:00,-7.5,-9.44,-1.94,USC,0.55,-9.0,-113,betrivers,0.5305,0.44,1.94,,,,,Standard
9dcccf34095cde7b0fe36250bb5be6f6,Week 5,2026-10-04T00:00:00Z,Indiana,Rutgers,2,2026-09-27T12:40:24+00:00,2026-09-28T20:35:26+00:00,23.5,24.17,0.67,Rutgers,0.92,24.5,-115,bovada,0.5349,0.33,-0.67,,,,,Standard
63dded0ee467d6f6d03c41673569238d,Week 5,2026-10-04T03:00:00Z,Cincinnati,Arizona,2,2026-09-27T12:40:24+00:00,2026-09-28T20:35:26+00:00,-8.0,-7.06,0.94,Cincinnati,0.16,7.5,-128,fanduel,0.5614,0.44,0.94,,,,,Standard
4d9e59b57798afb31927c84e1f6dc25e,Week 5,2026-10-04T03:59:00Z,San José State,Hawai'i,2,2026-09-27T12:40:24+00:00,2026-09-28T20:35:26+00:00,-3.5,-2.72,0.78,San José State,2.74,3.0,-110,mybookieag,0.5238,0.28,0.78,,,,,Standard
82b83ec87fc2be5faa2e9f26ac50edef,Week 6,2026-10-10T19:30:00Z,Texas,Oklahoma,1,2026-09-28T20:35:26+00:00,2026-09-28T20:35:26+00:00,10.5,10.5,0.0,Oklahoma,0.2,10.5,-105,fanduel,0.5122,0.0,0.0,,,,,Standard
3ad908e99942c191b72d855b6f1b508f,Week 6,2026-10-10T23:00:00Z,UCLA,Oregon,1,2026-09-28T20:35:26+00:00,2026-09-28T20:35:26+00:00,-12.5,-12.5,0.0,UCLA,2.06,12.5,-102,fanduel,0.505,0.0,0.0,,,,,Standard
