event_id,commence_time,week,display_week,week_label,game_type,schedule_match_status,edge_review_flag,betting_status,market_status,home_team,away_team,neutral_site,book_count,model_home_margin,model_home_spread,model_margin_std_dev,model_home_win_probability,market_home_spread,market_home_margin,edge_home_points,edge_side,absolute_edge_points,model_favorite,market_favorite,market_total,actual_home_points,actual_away_points,actual_home_margin,actual_winner,best_away_book,best_away_price,best_away_spread,best_home_book,best_home_price,best_home_spread,betmgm_away_moneyline,betmgm_away_spread,betmgm_away_spread_price,betmgm_home_moneyline,betmgm_home_spread,betmgm_home_spread_price,betmgm_over_price,betmgm_total,betmgm_under_price,betonlineag_away_moneyline,betonlineag_away_spread,betonlineag_away_spread_price,betonlineag_home_moneyline,betonlineag_home_spread,betonlineag_home_spread_price,betonlineag_over_price,betonlineag_total,betonlineag_under_price,betrivers_away_moneyline,betrivers_away_spread,betrivers_away_spread_price,betrivers_home_moneyline,betrivers_home_spread,betrivers_home_spread_price,betrivers_over_price,betrivers_total,betrivers_under_price,betus_away_moneyline,betus_away_spread,betus_away_spread_price,betus_home_moneyline,betus_home_spread,betus_home_spread_price,betus_over_price,betus_total,betus_under_price,bovada_away_moneyline,bovada_away_spread,bovada_away_spread_price,bovada_home_moneyline,bovada_home_spread,bovada_home_spread_price,bovada_over_price,bovada_total,bovada_under_price,break_even_probability,captured_at_utc,draftkings_away_moneyline,draftkings_away_spread,draftkings_away_spread_price,draftkings_home_moneyline,draftkings_home_spread,draftkings_home_spread_price,draftkings_over_price,draftkings_total,draftkings_under_price,fanduel_away_moneyline,fanduel_away_spread,fanduel_away_spread_price,fanduel_home_moneyline,fanduel_home_spread,fanduel_home_spread_price,fanduel_over_price,fanduel_total,fanduel_under_price,line_shopping_value,lowvig_away_moneyline,lowvig_away_spread,lowvig_away_spread_price,lowvig_home_moneyline,lowvig_home_spread,lowvig_home_spread_price,lowvig_over_price,lowvig_total,lowvig_under_price,mybookieag_away_moneyline,mybookieag_away_spread,mybookieag_away_spread_price,mybookieag_home_moneyline,mybookieag_home_spread,mybookieag_home_spread_price,mybookieag_over_price,mybookieag_total,mybookieag_under_price,selected_best_book,selected_best_price,selected_best_spread
cfbd-401856766,2026-08-29T16:00:00.000Z,1,0,Week 0,FBS vs FBS,cfbd_completed,Completed no current odds,No current market line,completed_no_current_odds,TCU,North Carolina,True,0,0.76,-0.76,16.0,0.5189,,,,,,TCU,,,10,15,-5.0,North Carolina,,,,,,,,,,,,,,,,,,,,,,,,,,,,,,,,,,,,,,,,,,,,,,,,,,,,,,,,,,,,,,,,,,,,,,,,,,,,,,,,,,,,,,,,,,,,,
cfbd-401864494,2026-08-29T19:00:00.000Z,1,0,Week 0,FBS vs FBS,cfbd_completed,Completed no current odds,No current market line,completed_no_current_odds,USC,San José State,False,0,22.22,-22.22,16.0,0.9175,,,,,,USC,,,42,26,16.0,USC,,,,,,,,,,,,,,,,,,,,,,,,,,,,,,,,,,,,,,,,,,,,,,,,,,,,,,,,,,,,,,,,,,,,,,,,,,,,,,,,,,,,,,,,,,,,,
cfbd-401858202,2026-08-29T19:30:00.000Z,1,0,Week 0,FBS vs FBS,cfbd_completed,Completed no current odds,No current market line,completed_no_current_odds,Virginia,NC State,False,0,6.21,-6.21,16.0,0.651,,,,,,Virginia,,,34,8,26.0,Virginia,,,,,,,,,,,,,,,,,,,,,,,,,,,,,,,,,,,,,,,,,,,,,,,,,,,,,,,,,,,,,,,,,,,,,,,,,,,,,,,,,,,,,,,,,,,,,
cfbd-401864577,2026-08-29T21:30:00.000Z,1,0,Week 0,FBS vs FBS,cfbd_completed,Completed no current odds,No current market line,completed_no_current_odds,North Dakota State,Jacksonville State,False,0,13.46,-13.46,16.0,0.7999,,,,,,North Dakota State,,,33,7,26.0,North Dakota State,,,,,,,,,,,,,,,,,,,,,,,,,,,,,,,,,,,,,,,,,,,,,,,,,,,,,,,,,,,,,,,,,,,,,,,,,,,,,,,,,,,,,,,,,,,,,
cfbd-401866408,2026-08-29T22:30:00.000Z,1,0,Week 0,FBS vs FBS,cfbd_completed,Completed no current odds,No current market line,completed_no_current_odds,Eastern Michigan,Sacramento State,False,0,11.67,-11.67,16.0,0.7671,,,,,,Eastern Michigan,,,28,17,11.0,Eastern Michigan,,,,,,,,,,,,,,,,,,,,,,,,,,,,,,,,,,,,,,,,,,,,,,,,,,,,,,,,,,,,,,,,,,,,,,,,,,,,,,,,,,,,,,,,,,,,,
cfbd-401864570,2026-08-29T23:00:00.000Z,1,0,Week 0,FBS vs FBS,cfbd_completed,Completed no current odds,No current market line,completed_no_current_odds,Florida State,New Mexico State,False,0,21.79,-21.79,16.0,0.9134,,,,,,Florida State,,,34,17,17.0,Florida State,,,,,,,,,,,,,,,,,,,,,,,,,,,,,,,,,,,,,,,,,,,,,,,,,,,,,,,,,,,,,,,,,,,,,,,,,,,,,,,,,,,,,,,,,,,,,
cfbd-401858201,2026-08-29T23:00:00.000Z,1,0,Week 0,FBS vs FBS,cfbd_completed,Completed no current odds,No current market line,completed_no_current_odds,Stanford,Hawai'i,False,0,3.61,-3.61,16.0,0.5893,,,,,,Stanford,,,37,27,10.0,Stanford,,,,,,,,,,,,,,,,,,,,,,,,,,,,,,,,,,,,,,,,,,,,,,,,,,,,,,,,,,,,,,,,,,,,,,,,,,,,,,,,,,,,,,,,,,,,,
cfbd-401862693,2026-08-30T02:00:00.000Z,1,0,Week 0,FBS vs FBS,cfbd_completed,Completed no current odds,No current market line,completed_no_current_odds,UNLV,Memphis,False,0,-2.82,2.82,16.0,0.43,,,,,,Memphis,,,21,27,-6.0,Memphis,,,,,,,,,,,,,,,,,,,,,,,,,,,,,,,,,,,,,,,,,,,,,,,,,,,,,,,,,,,,,,,,,,,,,,,,,,,,,,,,,,,,,,,,,,,,,
b274da111dc9826f36e5fa238998dd69,2026-10-08T23:00:00Z,6,6,Week 6,FBS vs FBS,exact,Standard,Standard,open_market,Liberty,Sam Houston,False,9,19.71,-19.71,16.0,0.891,-13.56,13.56,6.15,Liberty,6.15,Liberty,Liberty,52.5,,,,,bovada,-115,14.0,mybookieag,-110,-13.5,450,13.5,-105,-600,-13.5,-112,-110,52.5,-108,431,13.5,-103,-575,-13.5,-117,-110,52.5,-110,475,13.5,-108,-715,-13.5,-115,-108,52.5,-115,440,13.5,-110,-575,-13.5,-110,-110,52.5,-110,425,14.0,-115,-600,-14.0,-105,-110,52.5,-110,0.5238,2026-10-05T22:10:23+00:00,440,13.5,-105,-600,-13.5,-115,-110,52.5,-110,460,13.5,-102,-650,-13.5,-120,-110,52.5,-110,0.06,431,13.5,-101,-575,-13.5,-111,-108,52.5,-108,420,13.5,-110,-599,-13.5,-110,-110,52.5,-110,mybookieag,-110,-13.5
2168132b20b82bf78e08f1787b6f83cc,2026-10-10T19:30:00Z,6,6,Week 6,FBS vs FBS,exact,Standard,Standard,open_market,North Texas,Charlotte,False,9,22.69,-22.69,16.0,0.9219,-27.5,27.5,-4.81,Charlotte,4.81,North Texas,North Texas,58.22,,,,,fanduel,-105,27.5,lowvig,-106,-27.5,2000,27.5,-108,-5000,-27.5,-110,100,58.5,-120,,27.5,-110,,-27.5,-110,-120,57.5,100,,27.5,-109,,-27.5,-114,-103,60.5,-122,,27.5,-110,,-27.5,-110,-110,58.0,-110,1300,27.5,-110,-6500,-27.5,-110,-110,58.0,-110,0.5122,2026-10-05T22:10:23+00:00,1700,27.5,-110,-4500,-27.5,-110,-115,57.5,-105,2000,27.5,-105,-7000,-27.5,-115,-108,58.5,-112,0.0,,27.5,-106,,-27.5,-106,-119,57.5,102,1450,27.5,-110,-7692,-27.5,-110,-110,58.0,-110,fanduel,-105,27.5
2a637494f07611db6ba822fb84218d58,2026-10-08T23:30:00Z,6,6,Week 6,FBS vs FBS,exact,Standard,Standard,open_market,UTSA,South Florida,False,9,2.78,-2.78,16.0,0.569,-7.0,7.0,-4.22,South Florida,4.22,UTSA,UTSA,50.11,,,,,bovada,-115,7.5,fanduel,-122,-6.5,225,7.0,-105,-275,-7.0,-112,-108,50.5,-110,222,7.0,-110,-270,-7.0,-110,-110,50.0,-110,210,7.0,-110,-275,-7.0,-113,-120,50.5,-105,225,7.0,-110,-270,-7.0,-110,-110,50.0,-110,240,7.5,-115,-290,-7.5,-105,-110,50.0,-110,0.5349,2026-10-05T22:10:23+00:00,225,7.0,-105,-278,-7.0,-115,-115,49.5,-105,225,6.5,100,-280,-6.5,-122,-110,50.5,-110,0.5,222,7.0,-106,-270,-7.0,-106,-108,50.0,-108,232,7.0,-110,-295,-7.0,-110,-110,50.0,-110,bovada,-115,7.5
d9b77825d169fdd683f8efa7c1948a8e,2026-10-10T19:30:00Z,6,6,Week 6,FBS vs FBS,exact,Standard,Standard,open_market,Vanderbilt,Ole Miss,False,8,-5.28,5.28,16.0,0.3707,9.44,-9.44,4.16,Vanderbilt,4.16,Ole Miss,Ole Miss,58.81,,,,,fanduel,-114,-8.5,betrivers,-115,10.0,-350,-9.5,-110,280,9.5,-108,-108,58.5,-110,-370,-9.5,-110,296,9.5,-110,-110,59.0,-110,-385,-10.0,-108,285,10.0,-115,-110,59.0,-112,-370,-9.5,-110,295,9.5,-110,-110,59.0,-110,-380,-9.5,-110,290,9.5,-110,-110,59.0,-110,0.5349,2026-10-05T22:10:23+00:00,-360,-9.5,-112,285,9.5,-108,-118,58.5,-102,-345,-8.5,-114,270,8.5,-106,-108,58.5,-112,0.56,,,,,,,,,,-360,-9.5,-110,275,9.5,-110,-110,59.0,-110,betrivers,-115,10.0
9383cbbbb905d9ee50a3341f6945eae7,2026-10-10T16:45:00Z,6,6,Week 6,FBS vs FBS,exact,Standard,Standard,open_market,Florida,South Carolina,False,9,9.55,-9.55,16.0,0.7247,-13.44,13.44,-3.89,South Carolina,3.89,Florida,Florida,61.94,,,,,lowvig,-106,13.5,betmgm,-110,-13.0,400,13.0,-108,-500,-13.0,-110,-105,62.5,-112,415,13.5,-110,-550,-13.5,-110,-105,62.0,-115,360,13.5,-109,-530,-13.5,-114,-110,61.5,-113,425,13.5,-110,-550,-13.5,-110,-105,62.0,-115,410,13.5,-110,-585,-13.5,-110,-105,62.0,-115,0.5146,2026-10-05T22:10:23+00:00,410,13.5,-112,-550,-13.5,-108,-118,61.5,-102,390,13.5,-114,-530,-13.5,-106,-115,61.5,-105,0.06,415,13.5,-106,-550,-13.5,-106,-103,62.0,-114,370,,,-526,,,-110,62.5,-110,lowvig,-106,13.5
e2a6fcdae461277e7cc041ff631d1b0c,2026-10-10T19:30:00Z,6,6,Week 6,FBS vs FBS,exact,Standard,Standard,open_market,Toledo,Buffalo,False,9,15.78,-15.78,16.0,0.838,-19.67,19.67,-3.89,Buffalo,3.89,Toledo,Toledo,54.78,,,,,mybookieag,-110,20.5,betrivers,-132,-17.5,900,20.0,-110,-1400,-20.0,-108,-118,54.5,-102,945,20.0,-110,-1700,-20.0,-110,-110,55.0,-110,900,17.5,106,-2000,-17.5,-132,-118,54.5,-106,950,20.0,-110,-1700,-20.0,-110,-110,55.0,-110,725,20.0,-105,-1300,-20.0,-115,-110,55.0,-110,0.5238,2026-10-05T22:10:23+00:00,850,19.5,-105,-1450,-19.5,-115,-118,54.5,-102,920,19.5,-108,-1800,-19.5,-112,-115,54.5,-105,0.83,945,20.0,-106,-1700,-20.0,-106,-108,55.0,-108,710,20.5,-110,-1299,-20.5,-110,-110,55.0,-110,mybookieag,-110,20.5
71ed0e11bb0f2e5149ac4821fcde4599,2026-10-10T16:30:00Z,6,6,Week 6,FBS vs FBS,exact,Standard,Standard,open_market,Northwestern,Ball State,False,8,32.05,-32.05,16.0,0.9774,-35.81,35.81,-3.76,Ball State,3.76,Northwestern,Northwestern,52.62,,,,,draftkings,-112,36.5,betrivers,-124,-34.5,,36.0,-110,,-36.0,-108,-108,52.5,-110,,36.0,-110,,-36.0,-110,-110,53.0,-110,,34.5,100,,-34.5,-124,-113,51.5,-110,,36.0,-110,,-36.0,-110,-110,53.0,-110,,36.0,-110,,-36.0,-110,-110,53.0,-110,0.5283,2026-10-05T22:10:23+00:00,,36.5,-112,,-36.5,-108,-110,52.5,-110,,35.5,-104,,-35.5,-118,-108,52.5,-112,0.69,,36.0,-106,,-36.0,-106,-108,53.0,-108,,,,,,,,,,draftkings,-112,36.5
a168f1bed30ce7d56dc2b77dbfe37705,2026-10-10T01:00:00Z,6,6,Week 6,FBS vs FBS,exact,Standard,Standard,open_market,Washington,Iowa,False,9,-0.29,0.29,16.0,0.4928,-3.06,3.06,-3.35,Iowa,3.35,Iowa,Washington,41.39,,,,,fanduel,-122,3.5,mybookieag,-110,-3.0,135,3.0,-102,-160,-3.0,-115,-105,41.5,-112,145,3.0,100,-165,-3.0,-120,-115,41.0,-105,125,3.0,-112,-157,-3.0,-112,-110,41.5,-112,142,3.0,-110,-165,-3.0,-110,-110,41.0,-110,135,3.0,-105,-160,-3.0,-115,-110,42.0,-110,0.5495,2026-10-05T22:10:23+00:00,140,3.0,-108,-166,-3.0,-112,-105,41.5,-115,132,3.5,-122,-160,-3.5,100,-105,41.5,-115,0.44,145,3.0,104,-165,-3.0,-116,-114,41.0,-103,132,3.0,-110,-162,-3.0,-110,-110,41.5,-110,fanduel,-122,3.5
b067027cbaeaf86e6c9bb26becb97c94,2026-10-10T16:00:00Z,6,6,Week 6,FBS vs FBS,exact,Standard,Standard,open_market,Pittsburgh,North Carolina,False,9,6.82,-6.82,16.0,0.665,-4.06,4.06,2.76,Pittsburgh,2.76,Pittsburgh,Pittsburgh,47.06,,,,,fanduel,-122,4.5,lowvig,-106,-4.0,150,4.0,-110,-185,-4.0,-108,-102,47.5,-118,153,4.0,-110,-175,-4.0,-110,-110,47.0,-110,148,4.0,-113,-186,-4.0,-110,-109,47.0,-114,150,4.0,-110,-175,-4.0,-110,-110,47.0,-110,160,4.0,-110,-185,-4.0,-110,-110,47.0,-110,0.5146,2026-10-05T22:10:23+00:00,154,4.0,-110,-185,-4.0,-110,-102,47.5,-118,146,4.5,-122,-178,-4.5,100,-110,46.5,-110,0.06,153,4.0,-106,-175,-4.0,-106,-108,47.0,-108,159,4.0,-110,-198,-4.0,-110,-110,47.0,-110,lowvig,-106,-4.0
a3ce49a66d513b6bd1772b8696863ee1,2026-10-10T23:00:00Z,6,6,Week 6,FBS vs FBS,exact,Standard,Standard,open_market,UTEP,Nevada,False,9,-11.85,11.85,16.0,0.2295,9.11,-9.11,-2.74,Nevada,2.74,Nevada,Nevada,49.44,,,,,fanduel,-110,-8.5,lowvig,-109,9.5,-350,-8.5,-110,280,8.5,-110,-105,49.5,-112,-350,-9.5,-107,280,9.5,-113,-110,49.5,-110,-385,-9.5,-113,285,9.5,-110,-110,49.5,-113,-350,-9.0,-110,280,9.0,-110,-110,49.5,-110,-360,-9.5,-110,280,9.5,-110,-105,49.5,-115,0.5238,2026-10-05T22:10:23+00:00,-355,-8.5,-112,280,8.5,-108,-105,49.5,-115,-350,-8.5,-110,275,8.5,-110,-110,49.5,-110,0.61,-350,-9.5,-103,280,9.5,-109,-108,49.5,-108,-370,-9.5,-110,285,9.5,-110,-110,49.0,-110,fanduel,-110,-8.5
82b83ec87fc2be5faa2e9f26ac50edef,2026-10-10T19:30:00Z,6,6,Week 6,FBS vs FBS,exact,Standard,Standard,open_market,Oklahoma,Texas,True,9,-10.53,10.53,16.0,0.2552,8.0,-8.0,-2.53,Texas,2.53,Texas,Texas,39.44,,,,,draftkings,-115,-7.5,bovada,-110,8.5,-325,-8.0,-112,260,8.0,-105,-110,39.5,-110,-330,-8.0,-110,267,8.0,-110,-110,39.5,-110,-375,-8.5,-109,275,8.5,-114,-112,39.5,-112,-330,-8.0,-110,270,8.0,-110,-110,39.5,-110,-330,-8.5,-110,265,8.5,-110,-110,39.0,-110,0.5349,2026-10-05T22:10:23+00:00,-325,-7.5,-115,260,7.5,-105,-110,39.5,-110,-330,-7.5,-120,260,7.5,-102,-110,39.5,-110,0.5,-330,-8.0,-106,267,8.0,-106,-108,39.5,-108,-380,-8.0,-110,285,8.0,-110,-110,39.5,-110,draftkings,-115,-7.5
5d7901b0ad44ffe1b92e18fc8d511a7e,2026-10-10T16:00:00Z,6,6,Week 6,FBS vs FBS,exact,Standard,Standard,open_market,West Virginia,Arizona,False,9,-5.79,5.79,16.0,0.3587,3.33,-3.33,-2.46,Arizona,2.46,Arizona,Arizona,61.39,,,,,betmgm,-118,-3.0,mybookieag,-110,3.5,-165,-3.0,-118,138,3.0,-102,-108,61.5,-110,-161,-3.5,-104,141,3.5,-116,-115,61.5,-105,-167,-3.0,-120,133,3.0,-106,-113,61.0,-109,-160,-3.5,100,138,3.5,-120,-115,61.5,-105,-165,-3.0,-120,140,3.0,100,-110,61.0,-110,0.5413,2026-10-05T22:10:23+00:00,-166,-3.5,-105,140,3.5,-115,-110,61.5,-110,-154,-3.5,100,128,3.5,-122,-105,61.5,-115,0.33,-161,-3.5,100,141,3.5,-112,-114,61.5,-103,-166,-3.5,-110,135,3.5,-110,-110,61.5,-110,betmgm,-118,-3.0
f513c11a62ce92d74d70cf446e92e197,2026-10-10T20:00:00Z,6,6,Week 6,FBS vs FBS,exact,Standard,Standard,open_market,East Carolina,Rice,False,9,7.6,-7.6,16.0,0.6826,-9.94,9.94,-2.34,Rice,2.34,East Carolina,East Carolina,48.44,,,,,lowvig,-106,10.0,fanduel,-122,-9.5,310,10.0,-110,-375,-10.0,-108,-105,48.5,-112,299,10.0,-110,-375,-10.0,-110,-110,48.0,-110,300,10.0,-120,-400,-10.0,-105,-105,49.5,-120,300,10.0,-110,-375,-10.0,-110,-110,48.0,-110,300,10.0,-110,-400,-10.0,-110,-110,48.5,-110,0.5146,2026-10-05T22:10:23+00:00,300,10.0,-110,-380,-10.0,-110,-105,48.5,-115,330,9.5,100,-430,-9.5,-122,-110,48.5,-110,0.06,299,10.0,-106,-375,-10.0,-106,-108,48.0,-108,310,10.0,-110,-420,-10.0,-110,-110,48.5,-110,lowvig,-106,10.0
21a7dc0df1a77eb87cc985e844095cf0,2026-10-10T23:00:00Z,6,6,Week 6,FBS vs FBS,exact,Standard,Standard,open_market,Marshall,Coastal Carolina,False,8,5.22,-5.22,16.0,0.6279,-2.88,2.88,2.34,Marshall,2.34,Marshall,Marshall,57.75,,,,,lowvig,-101,3.0,fanduel,-118,-2.5,125,3.0,-110,-150,-3.0,-108,-108,58.5,-112,130,3.0,-105,-150,-3.0,-115,-130,57.0,110,125,2.5,-105,-157,-2.5,-120,-125,56.5,102,129,3.0,-105,-150,-3.0,-115,-110,58.0,-110,,,,,,,,,,0.5413,2026-10-05T22:10:23+00:00,130,3.0,-105,-155,-3.0,-115,-108,58.5,-112,118,2.5,-104,-142,-2.5,-118,-110,58.5,-110,0.38,130,3.0,-101,-150,-3.0,-111,-130,57.0,111,124,3.0,-110,-152,-3.0,-110,-110,58.0,-110,fanduel,-118,-2.5
3ad908e99942c191b72d855b6f1b508f,2026-10-10T19:30:00Z,6,6,Week 6,FBS vs FBS,exact,Standard,Standard,open_market,Oregon,UCLA,False,9,9.55,-9.55,16.0,0.7247,-11.83,11.83,-2.28,UCLA,2.28,Oregon,Oregon,59.44,,,,,betrivers,-112,12.5,fanduel,-110,-11.5,360,11.5,-108,-475,-11.5,-110,-108,59.5,-110,364,12.0,-110,-470,-12.0,-110,-110,59.0,-110,370,12.5,-112,-530,-12.5,-112,-112,59.5,-112,370,12.0,-110,-470,-12.0,-110,-110,59.0,-110,355,12.0,-110,-490,-12.0,-110,-110,60.0,-110,0.5283,2026-10-05T22:10:23+00:00,350,11.5,-110,-455,-11.5,-110,-108,59.5,-112,365,11.5,-110,-490,-11.5,-110,-110,60.5,-110,0.67,364,12.0,-106,-470,-12.0,-106,-108,59.0,-108,330,11.5,-110,-441,-11.5,-110,-110,59.0,-110,betrivers,-112,12.5
616eba68e65fe65023aa2335e81096c8,2026-10-11T02:15:00Z,6,6,Week 6,FBS vs FBS,exact,Standard,Standard,open_market,Utah,Kansas,False,8,17.39,-17.39,16.0,0.8615,-15.44,15.44,1.95,Utah,1.95,Utah,Utah,51.88,,,,,draftkings,-110,15.5,betmgm,-108,-15.0,525,15.0,-110,-700,-15.0,-108,-115,51.5,-105,505,15.5,-113,-700,-15.5,-107,-110,52.0,-110,500,15.5,-114,-770,-15.5,-109,-110,51.5,-112,500,15.5,-110,-700,-15.5,-110,-110,52.0,-110,500,15.5,-110,-750,-15.5,-110,-110,52.0,-110,0.5192,2026-10-05T22:10:23+00:00,500,15.5,-110,-700,-15.5,-110,-105,52.5,-115,520,15.5,-114,-750,-15.5,-106,-110,51.5,-110,0.44,,,,,,,,,,520,15.5,-110,-800,-15.5,-110,-110,52.0,-110,betmgm,-108,-15.0
59f8c98dee8ce77cc17c5b4958e4f325,2026-10-10T23:30:00Z,6,6,Week 6,FBS vs FBS,exact,Standard,Standard,open_market,Alabama,Georgia,False,9,3.26,-3.26,16.0,0.5807,-1.62,1.62,1.64,Alabama,1.64,Alabama,Alabama,55.5,,,,,lowvig,-101,2.0,betrivers,-112,-1.0,100,1.5,-108,-120,-1.5,-110,-105,55.5,-115,109,2.0,-105,-129,-2.0,-115,-105,55.5,-115,-105,1.0,-110,-120,-1.0,-112,-112,55.5,-110,110,2.0,-110,-130,-2.0,-110,-105,55.5,-115,100,1.5,-110,-120,-1.5,-110,-105,55.5,-115,0.5283,2026-10-05T22:10:23+00:00,102,1.5,-108,-122,-1.5,-112,-108,55.5,-112,-106,1.5,-115,-113,-1.5,-105,-105,55.5,-115,0.62,109,2.0,-101,-129,-2.0,-111,-103,55.5,-114,101,,,-124,,,-110,55.5,-110,betrivers,-112,-1.0
496f20b5a45e727fdc2d07915ab0f865,2026-10-10T19:30:00Z,6,6,Week 6,FBS vs FBS,exact,Standard,Standard,open_market,Notre Dame,Stanford,False,8,35.98,-35.98,16.0,0.9877,-37.56,37.56,-1.58,Stanford,1.58,Notre Dame,Notre Dame,54.12,,,,,bovada,-120,38.0,fanduel,-108,-37.5,,37.5,-108,,-37.5,-110,-105,54.5,-112,,37.5,-105,,-37.5,-115,-110,54.0,-110,,37.5,-112,,-37.5,-112,-113,54.0,-110,,37.5,-105,,-37.5,-115,-110,54.0,-110,,38.0,-120,,-38.0,100,100,54.5,-120,0.5455,2026-10-05T22:10:23+00:00,,37.5,-102,,-37.5,-118,-112,53.5,-108,,37.5,-112,,-37.5,-108,-114,54.5,-106,0.44,,37.5,-101,,-37.5,-111,-108,54.0,-108,,,,,,,,,,bovada,-120,38.0
6050a18b694eb1d661ee7fa571b7ddbb,2026-10-10T19:30:00Z,6,6,Week 6,FBS vs FBS,exact,Standard,Standard,open_market,Western Michigan,Kent State,False,9,15.04,-15.04,16.0,0.8264,-13.72,13.72,1.32,Western Michigan,1.32,Western Michigan,Western Michigan,43.5,,,,,mybookieag,-110,14.0,lowvig,-110,-13.5,450,14.0,-112,-600,-14.0,-105,-110,43.5,-108,421,13.5,-106,-560,-13.5,-114,-110,43.5,-110,475,13.5,-113,-715,-13.5,-110,-115,43.5,-108,430,14.0,-110,-560,-14.0,-110,-110,43.5,-110,425,14.0,-120,-600,-14.0,100,-110,43.5,-110,0.5238,2026-10-05T22:10:23+00:00,425,13.5,-108,-575,-13.5,-112,-115,43.5,-105,480,13.5,-104,-690,-13.5,-118,-110,43.5,-110,0.22,421,13.5,-102,-560,-13.5,-110,-108,43.5,-108,490,14.0,-110,-725,-14.0,-110,-110,43.5,-110,lowvig,-110,-13.5
7cc5cec6dac13487c15b70d0f4411ca6,2026-10-10T23:00:00Z,6,6,Week 6,FBS vs FBS,exact,Standard,Standard,open_market,Memphis,UAB,False,9,15.31,-15.31,16.0,0.8307,-14.11,14.11,1.2,Memphis,1.2,Memphis,Memphis,57.56,,,,,betrivers,-107,14.5,lowvig,-108,-14.0,475,14.0,-105,-625,-14.0,-112,-108,57.5,-110,446,14.0,-108,-600,-14.0,-112,-105,57.5,-115,600,14.5,-107,-1000,-14.5,-117,-103,58.5,-122,450,14.0,-110,-600,-14.0,-110,-110,57.5,-110,450,14.0,-110,-650,-14.0,-110,-115,57.0,-105,0.5192,2026-10-05T22:10:23+00:00,440,14.0,-110,-600,-14.0,-110,-108,57.5,-112,480,14.5,-110,-690,-14.5,-110,-110,57.5,-110,0.11,446,14.0,-104,-600,-14.0,-108,-103,57.5,-114,444,14.0,-110,-631,-14.0,-110,-110,57.5,-110,lowvig,-108,-14.0
23614f055733537fb79ab73e68040eca,2026-10-10T01:00:00Z,6,6,Week 6,FBS vs FBS,exact,Standard,Standard,open_market,San José State,Wyoming,False,9,7.59,-7.59,16.0,0.6824,-6.44,6.44,1.15,San José State,1.15,San José State,San José State,43.28,,,,,betrivers,-106,6.5,betmgm,-110,-6.0,195,6.0,-108,-235,-6.0,-110,-105,43.5,-112,189,6.5,-115,-225,-6.5,-105,-110,43.0,-110,200,6.5,-106,-250,-6.5,-118,-109,43.5,-114,190,6.5,-115,-225,-6.5,-105,-110,43.0,-110,195,6.5,-115,-235,-6.5,-105,-110,43.5,-110,0.5238,2026-10-05T22:10:23+00:00,195,6.5,-115,-238,-6.5,-105,-108,43.5,-112,195,6.5,-112,-240,-6.5,-108,-105,43.5,-115,0.44,189,6.5,-111,-225,-6.5,-101,-108,43.0,-108,208,6.5,-110,-265,-6.5,-110,-110,43.0,-110,betmgm,-110,-6.0
416ce0307b7b9d97f5365a29c1729339,2026-10-10T16:00:00Z,6,6,Week 6,FBS vs FBS,exact,Standard,Standard,open_market,NC State,Wake Forest,False,9,-2.59,2.59,16.0,0.4357,3.67,-3.67,1.08,NC State,1.08,Wake Forest,Wake Forest,60.0,,,,,bovada,-105,-3.5,betus,-110,4.0,-175,-3.5,-108,140,3.5,-110,-112,59.5,-105,-170,-4.0,-105,149,4.0,-115,-105,60.0,-115,-175,-3.5,-109,138,3.5,-114,-110,60.5,-113,-170,-4.0,-110,146,4.0,-110,-105,60.0,-115,-170,-3.5,-105,145,3.5,-115,-110,60.0,-110,0.5238,2026-10-05T22:10:23+00:00,-175,-3.5,-108,145,3.5,-112,-105,60.5,-115,-162,-3.5,-108,134,3.5,-112,-110,59.5,-112,0.33,-170,-4.0,-101,149,4.0,-111,-103,60.0,-114,-182,-3.5,-110,147,3.5,-110,-110,60.0,-110,betus,-110,4.0
80fbdc19285ed9bab284269273562eb9,2026-10-10T19:45:00Z,6,6,Week 6,FBS vs FBS,exact,Standard,Standard,open_market,Temple,UConn,False,9,5.01,-5.01,16.0,0.6229,-3.94,3.94,1.07,Temple,1.07,Temple,Temple,54.44,,,,,draftkings,-112,4.5,betrivers,-114,-3.5,155,4.0,-108,-190,-4.0,-110,-108,54.5,-110,165,4.0,-105,-190,-4.0,-115,-110,54.5,-110,148,3.5,-109,-186,-3.5,-114,-114,54.5,-109,163,4.0,-105,-190,-4.0,-115,-110,54.0,-110,165,4.0,-110,-195,-4.0,-110,-110,54.5,-110,0.5327,2026-10-05T22:10:23+00:00,154,4.5,-112,-185,-4.5,-108,-105,54.5,-115,155,3.5,-105,-188,-3.5,-115,-110,54.5,-110,0.44,165,4.0,-101,-190,-4.0,-111,-108,54.5,-108,160,4.0,-110,-199,-4.0,-110,-110,54.5,-110,betrivers,-114,-3.5
0dd06b09349f56ce8dfc2d61d5fcd042,2026-10-10T20:15:00Z,6,6,Week 6,FBS vs FBS,exact,Standard,Standard,open_market,Arkansas,Tennessee,False,9,-12.58,12.58,16.0,0.2159,13.5,-13.5,0.92,Arkansas,0.92,Tennessee,Tennessee,50.61,,,,,lowvig,-109,-13.5,lowvig,-103,13.5,-525,-13.5,-110,400,13.5,-108,-110,50.5,-108,-570,-13.5,-113,428,13.5,-107,-109,50.5,-111,-590,-13.5,-113,390,13.5,-110,-112,51.0,-112,-570,-13.5,-110,435,13.5,-110,-115,50.5,-105,-575,-13.5,-110,400,13.5,-110,-115,50.5,-105,0.5074,2026-10-05T22:10:23+00:00,-550,-13.5,-115,410,13.5,-105,-112,50.5,-108,-550,-13.5,-110,400,13.5,-110,-106,50.5,-114,0.0,-570,-13.5,-109,428,13.5,-103,-107,50.5,-109,-625,-13.5,-110,430,13.5,-110,-110,51.0,-110,lowvig,-103,13.5
b009edde78bdd184c039f774c1795f95,2026-10-10T23:30:00Z,6,6,Week 6,FBS vs FBS,exact,Standard,Standard,open_market,Northern Illinois,Air Force,False,8,-8.25,8.25,16.0,0.3031,7.38,-7.38,-0.88,Air Force,0.88,Air Force,Air Force,47.12,,,,,lowvig,-110,-7.0,mybookieag,-110,7.5,-325,-7.5,-105,260,7.5,-112,-102,47.5,-118,-330,-7.0,-114,267,7.0,-106,-110,47.0,-110,-305,-7.5,-113,235,7.5,-110,100,48.5,-125,,,,,,,,,,-340,-7.5,-105,270,7.5,-115,-115,47.0,-105,0.5238,2026-10-05T22:10:23+00:00,-325,-7.5,-108,260,7.5,-112,-115,46.5,-105,-285,-7.5,-104,230,7.5,-118,-115,46.5,-105,0.38,-330,-7.0,-110,267,7.0,-102,-108,47.0,-108,-319,-7.5,-110,246,7.5,-110,-110,47.0,-110,lowvig,-110,-7.0
4462f1fa168ab2a5a25fe2807ebec8ac,2026-10-10T23:30:00Z,6,6,Week 6,FBS vs FBS,exact,Standard,Standard,open_market,Penn State,USC,False,9,2.25,-2.25,16.0,0.5559,-1.5,1.5,0.75,Penn State,0.75,Penn State,Penn State,54.56,,,,,betmgm,-110,2.0,bovada,-110,-1.0,100,2.0,-110,-120,-2.0,-108,-110,54.5,-108,106,1.5,-105,-126,-1.5,-115,-105,55.0,-115,-104,1.0,-109,-121,-1.0,-114,-113,54.5,-110,105,2.0,-110,-125,-2.0,-110,-110,54.5,-110,-110,1.0,-110,-110,-1.0,-110,-115,54.0,-105,0.5238,2026-10-05T22:10:23+00:00,102,1.5,-108,-122,-1.5,-112,-112,54.5,-108,100,1.5,-110,-118,-1.5,-110,-118,54.5,-104,0.5,106,1.5,-101,-126,-1.5,-111,-103,55.0,-114,101,1.5,-110,-124,-1.5,-110,-110,54.5,-110,bovada,-110,-1.0
bdfaffbf5873812f3e04de2cbd273aa6,2026-10-10T23:00:00Z,6,6,Week 6,FBS vs FBS,exact,Standard,Standard,open_market,Kentucky,LSU,False,9,-8.5,8.5,16.0,0.2976,9.22,-9.22,0.72,Kentucky,0.72,LSU,LSU,54.33,,,,,betmgm,-108,-8.5,bovada,-110,9.5,-350,-8.5,-108,275,8.5,-110,-108,54.5,-110,-350,-9.5,-105,280,9.5,-115,-110,54.0,-110,-385,-9.5,-112,290,9.5,-112,-113,54.0,-110,-350,-9.0,-110,280,9.0,-110,-110,54.5,-110,-370,-9.5,-110,285,9.5,-110,-110,54.5,-110,0.5238,2026-10-05T22:10:23+00:00,-360,-9.5,-108,285,9.5,-112,-110,54.5,-110,-335,-9.5,-108,265,9.5,-112,-112,54.5,-108,0.28,-350,-9.5,-101,280,9.5,-111,-108,54.0,-108,-340,-8.5,-110,260,8.5,-110,-110,54.5,-110,bovada,-110,9.5
c4db3412210ed8e1045807c73f69b377,2026-10-11T02:30:00Z,6,6,Week 6,FBS vs FBS,exact,Standard,Standard,open_market,Fresno State,Boise State,False,9,-5.68,5.68,16.0,0.3613,6.39,-6.39,0.71,Fresno State,0.71,Boise State,Boise State,48.56,,,,,lowvig,-112,-6.0,betrivers,-110,7.0,-235,-6.5,-108,195,6.5,-110,-110,48.5,-110,-235,-6.0,-116,195,6.0,-104,-110,48.5,-110,-295,-7.0,-113,225,7.0,-110,-112,48.5,-112,-235,-6.0,-115,200,6.0,-105,-110,48.5,-110,-240,-6.5,-105,200,6.5,-115,-110,48.5,-110,0.5238,2026-10-05T22:10:23+00:00,-238,-6.5,-110,195,6.5,-110,-110,48.5,-110,-240,-6.5,-110,195,6.5,-110,-110,48.5,-110,0.61,-235,-6.0,-112,195,6.0,100,-108,48.5,-108,-260,-6.5,-110,206,6.5,-110,-110,49.0,-110,betrivers,-110,7.0
5a88faaeb5fcbb11e975498eca213c27,2026-10-10T16:00:00Z,6,6,Week 6,FBS vs FBS,exact,Standard,Standard,open_market,Bowling Green,Sacramento State,False,9,7.79,-7.79,16.0,0.6868,-7.17,7.17,0.62,Bowling Green,0.62,Bowling Green,Bowling Green,43.94,,,,,fanduel,-110,7.5,betrivers,-132,-6.5,230,7.5,-110,-285,-7.5,-108,-105,44.5,-112,237,7.0,-104,-290,-7.0,-116,-115,44.0,-105,270,6.5,106,-360,-6.5,-132,-118,42.5,-106,240,7.0,100,-290,-7.0,-120,-115,44.0,-105,230,7.5,-115,-280,-7.5,-105,-110,44.5,-110,0.569,2026-10-05T22:10:23+00:00,240,7.0,100,-298,-7.0,-120,-110,44.5,-110,235,7.5,-110,-295,-7.5,-110,-112,43.5,-108,0.67,237,7.0,104,-290,-7.0,-116,-114,44.0,-103,250,7.5,-110,-324,-7.5,-110,-110,44.0,-110,betrivers,-132,-6.5
6c0ea3fe653989dd0d695482738232c3,2026-10-10T19:30:00Z,6,6,Week 6,FBS vs FBS,exact,Standard,Standard,open_market,Ohio,Central Michigan,False,9,3.5,-3.5,16.0,0.5866,-2.89,2.89,0.61,Ohio,0.61,Ohio,Ohio,46.67,,,,,lowvig,-108,3.0,betrivers,-115,-2.5,125,3.0,-110,-150,-3.0,-108,-110,46.5,-108,128,3.0,-110,-148,-3.0,-110,-115,46.5,-105,118,2.5,-108,-148,-2.5,-115,-115,47.5,-108,129,3.0,-110,-150,-3.0,-110,-115,46.5,-105,130,3.0,-115,-150,-3.0,-105,-105,47.0,-115,0.5349,2026-10-05T22:10:23+00:00,124,3.0,-112,-148,-3.0,-108,-115,46.5,-105,118,2.5,-102,-142,-2.5,-120,-112,46.5,-108,0.39,128,3.0,-108,-148,-3.0,-104,-114,46.5,-103,122,3.0,-110,-150,-3.0,-110,-110,46.5,-110,betrivers,-115,-2.5
234d9123fdc010716a5a844efaf7ab43,2026-10-11T00:00:00Z,6,6,Week 6,FBS vs FBS,exact,Standard,Standard,open_market,Purdue,Minnesota,False,9,-1.84,1.84,16.0,0.4542,2.39,-2.39,0.55,Purdue,0.55,Minnesota,Minnesota,50.83,,,,,lowvig,-111,-2.0,betus,-105,2.5,-135,-2.5,-110,110,2.5,-108,-112,50.5,-105,-131,-2.0,-115,111,2.0,-105,-105,51.0,-115,-141,-2.5,-113,114,2.5,-110,-112,51.0,-110,-130,-2.5,-115,110,2.5,-105,-110,51.0,-110,-130,-2.5,-110,110,2.5,-110,-110,51.0,-110,0.5122,2026-10-05T22:10:23+00:00,-135,-2.5,-110,114,2.5,-110,-118,50.5,-102,-137,-2.5,-114,114,2.5,-106,-115,50.5,-105,0.11,-131,-2.0,-111,111,2.0,-101,-103,51.0,-114,-137,-2.5,-110,112,2.5,-110,-110,51.0,-110,betus,-105,2.5
3350fb5023fd4b47b86d34fcc5f47c17,2026-10-10T16:00:00Z,6,6,Week 6,FBS vs FBS,exact,Standard,Standard,open_market,Army,Tulane,False,9,2.55,-2.55,16.0,0.5633,-3.06,3.06,-0.51,Tulane,0.51,Army,Army,47.83,,,,,fanduel,-115,3.5,mybookieag,-110,-3.0,135,3.0,-102,-160,-3.0,-118,-102,48.5,-115,135,3.0,-105,-155,-3.0,-115,-112,48.0,-108,135,3.0,-106,-167,-3.0,-118,-130,45.5,105,134,3.0,-105,-155,-3.0,-115,-110,48.0,-110,135,3.0,-105,-160,-3.0,-115,-110,48.5,-110,0.5349,2026-10-05T22:10:23+00:00,140,3.0,-105,-166,-3.0,-115,-105,48.5,-115,136,3.5,-115,-164,-3.5,-105,-114,47.5,-106,0.44,135,3.0,-101,-155,-3.0,-111,-110,48.0,-106,135,3.0,-110,-166,-3.0,-110,-110,48.0,-110,fanduel,-115,3.5
f7b49f43b10f581d991954dae86b9aa5,2026-10-10T23:30:00Z,6,6,Week 6,FBS vs FBS,exact,Standard,Standard,open_market,Virginia,Syracuse,False,9,9.76,-9.76,16.0,0.7291,-9.28,9.28,0.48,Virginia,0.48,Virginia,Virginia,50.22,,,,,mybookieag,-110,10.0,fanduel,-115,-8.5,280,9.5,-108,-350,-9.5,-110,-108,50.5,-110,280,9.0,-110,-350,-9.0,-110,-110,50.0,-110,270,9.5,-112,-375,-9.5,-112,-113,50.0,-110,280,9.5,-110,-350,-9.5,-110,-110,50.5,-110,280,9.0,-110,-360,-9.0,-110,-110,49.5,-110,0.5349,2026-10-05T22:10:23+00:00,275,9.5,-110,-345,-9.5,-110,-110,50.5,-110,275,8.5,-105,-350,-8.5,-115,-110,50.5,-110,0.78,280,9.0,-106,-350,-9.0,-106,-108,50.0,-108,295,10.0,-110,-391,-10.0,-110,-110,50.5,-110,fanduel,-115,-8.5
c89488b9c83038e85e02e92481d093fe,2026-10-07T23:00:00Z,6,6,Week 6,FBS vs FBS,exact,Standard,Standard,open_market,Kennesaw State,Jacksonville State,False,9,-2.6,2.6,16.0,0.4355,3.06,-3.06,0.46,Kennesaw State,0.46,Jacksonville State,Jacksonville State,50.67,,,,,bovada,-105,-3.0,fanduel,-124,3.5,-150,-3.0,-108,125,3.0,-110,-115,50.5,-105,-145,-3.0,-110,125,3.0,-110,-115,50.5,-105,-150,-3.0,-109,123,3.0,-114,-109,50.5,-113,-145,-3.0,-110,125,3.0,-110,-110,51.0,-110,-145,-3.0,-105,125,3.0,-115,-110,51.0,-110,0.5536,2026-10-05T22:10:23+00:00,-148,-3.0,-110,124,3.0,-110,-118,50.5,-102,-152,-3.5,102,126,3.5,-124,-115,50.5,-105,0.44,-145,-3.0,-106,125,3.0,-106,-114,50.5,-103,-151,-3.0,-110,123,3.0,-110,-110,51.0,-110,fanduel,-124,3.5
979fefd620ed804180ef3fed873d61c2,2026-10-10T19:30:00Z,6,6,Week 6,FBS vs FBS,exact,Standard,Standard,open_market,Navy,Tulsa,False,9,2.89,-2.89,16.0,0.5717,-2.44,2.44,0.45,Navy,0.45,Navy,Navy,48.67,,,,,lowvig,-106,2.5,betus,-110,-2.0,110,2.5,-110,-135,-2.5,-108,-110,48.5,-108,115,2.5,-110,-135,-2.5,-110,-110,48.5,-110,120,2.5,-109,-148,-2.5,-114,-115,49.5,-108,115,2.0,-110,-135,-2.0,-110,-110,48.5,-110,115,2.5,-110,-135,-2.5,-110,-110,49.0,-110,0.5238,2026-10-05T22:10:23+00:00,110,2.5,-115,-130,-2.5,-105,-115,48.5,-105,104,2.5,-110,-125,-2.5,-110,-110,48.5,-110,0.44,115,2.5,-106,-135,-2.5,-106,-108,48.5,-108,111,2.5,-110,-135,-2.5,-110,-110,48.5,-110,betus,-110,-2.0
3e691b53c660a64495a44816768176e8,2026-10-10T16:00:00Z,6,6,Week 6,FBS vs FBS,exact,Standard,Standard,open_market,Nebraska,Indiana,False,9,-7.0,7.0,16.0,0.3309,7.44,-7.44,0.44,Nebraska,0.44,Indiana,Indiana,51.83,,,,,lowvig,-115,-7.0,betrivers,-113,8.0,-300,-7.5,-108,240,7.5,-110,-105,52.5,-112,-305,-7.0,-119,249,7.0,-101,-107,52.0,-113,-335,-8.0,-109,255,8.0,-113,-109,52.0,-114,-305,-7.5,-110,253,7.5,-110,-110,51.5,-110,-300,-7.5,100,250,7.5,-120,-110,52.0,-110,0.5305,2026-10-05T22:10:23+00:00,-305,-7.5,-105,245,7.5,-115,-118,51.5,-102,-310,-7.5,-110,245,7.5,-110,-115,51.5,-105,0.56,-305,-7.0,-115,249,7.0,103,-105,52.0,-112,-319,,,248,,,-110,51.5,-110,betrivers,-113,8.0
