event_id,captured_at_utc,commence_time,week,display_week,week_label,game_type,home_team,away_team,book_count,model_home_spread,market_home_spread,edge_side,absolute_edge_points,betting_status,best_home_spread,best_home_price,best_home_book,best_away_spread,best_away_price,best_away_book,selected_best_spread,selected_best_price,selected_best_book,break_even_probability,line_shopping_value
008dd61e19c2456760593773da6a88ef,2026-09-21T00:31:51+00:00,2026-09-26T22:00:00Z,4,4,Week 4,FBS vs FBS,Old Dominion,James Madison,8,11.8,5.12,James Madison,6.68,Standard,5.5,-110,fanduel,-4.5,-106,lowvig,-4.5,-106,lowvig,0.5146,0.62
008dd61e19c2456760593773da6a88ef,2026-09-21T21:56:06+00:00,2026-09-26T22:00:00Z,4,4,Week 4,FBS vs FBS,Old Dominion,James Madison,9,11.9,5.83,James Madison,6.07,Standard,6.0,-108,betmgm,-5.5,-111,lowvig,-5.5,-111,lowvig,0.5261,0.33
10078e86207d952986707c1ad7dc9331,2026-09-21T00:31:51+00:00,2026-09-26T21:00:00Z,4,4,Week 4,FBS vs FBS,Bowling Green,South Florida,8,16.86,17.69,Bowling Green,0.83,Standard,18.5,-110,mybookieag,-17.5,-106,lowvig,18.5,-110,mybookieag,0.5238,0.81
10078e86207d952986707c1ad7dc9331,2026-09-21T21:56:06+00:00,2026-09-26T21:00:00Z,4,4,Week 4,FBS vs FBS,Bowling Green,South Florida,9,16.82,17.44,Bowling Green,0.62,Standard,17.5,-106,lowvig,-17.0,-114,betrivers,17.5,-106,lowvig,0.5146,0.06
11c5e9c2cf899388abd0dae30ea71db9,2026-09-21T00:31:51+00:00,2026-09-26T16:45:00Z,4,4,Week 4,FBS vs FBS,Kentucky,South Alabama,8,-12.32,-20.62,South Alabama,8.3,Standard,-20.5,-110,betus,21.0,-108,betrivers,21.0,-108,betrivers,0.5192,0.38
11c5e9c2cf899388abd0dae30ea71db9,2026-09-21T21:56:06+00:00,2026-09-26T16:45:00Z,4,4,Week 4,FBS vs FBS,Kentucky,South Alabama,9,-12.34,-20.5,South Alabama,8.16,Standard,-20.5,-103,lowvig,20.5,-109,lowvig,20.5,-109,lowvig,0.5215,0.0
11ea90adf014a268d12caa9978b05bd8,2026-09-21T00:31:51+00:00,2026-09-26T16:00:00Z,4,4,Week 4,FBS vs FBS,Akron,UNLV,8,13.95,13.56,UNLV,0.39,Standard,14.0,-110,mybookieag,-13.5,-103,lowvig,-13.5,-103,lowvig,0.5074,0.06
11ea90adf014a268d12caa9978b05bd8,2026-09-21T21:56:06+00:00,2026-09-26T16:00:00Z,4,4,Week 4,FBS vs FBS,Akron,UNLV,9,13.99,13.61,UNLV,0.38,Standard,14.0,-110,mybookieag,-13.5,-110,lowvig,-13.5,-110,lowvig,0.5238,0.11
1f0c9cd1941cbfe5c5ca28fa42e387d8,2026-09-21T00:31:51+00:00,2026-09-26T22:30:00Z,4,4,Week 4,FBS vs FBS,Miami,Central Michigan,7,-32.22,-40.79,Central Michigan,8.57,Standard,-40.5,-101,lowvig,41.5,-105,fanduel,41.5,-105,fanduel,0.5122,0.71
1f0c9cd1941cbfe5c5ca28fa42e387d8,2026-09-21T21:56:06+00:00,2026-09-26T22:30:00Z,4,4,Week 4,FBS vs FBS,Miami,Central Michigan,8,-32.25,-41.19,Central Michigan,8.94,Standard,-41.0,-111,lowvig,41.5,-105,fanduel,41.5,-105,fanduel,0.5122,0.31
271438149d3f0afb2ff01736101b5e20,2026-09-21T00:31:51+00:00,2026-09-27T02:00:00Z,4,4,Week 4,FBS vs FBS,Fresno State,Rice,8,-15.11,-13.81,Fresno State,1.3,Standard,-12.5,-112,betrivers,14.5,-110,fanduel,-12.5,-112,betrivers,0.5283,1.31
271438149d3f0afb2ff01736101b5e20,2026-09-21T21:56:06+00:00,2026-09-27T02:00:00Z,4,4,Week 4,FBS vs FBS,Fresno State,Rice,9,-15.09,-13.5,Fresno State,1.59,Standard,-13.0,-110,betus,14.0,-114,betrivers,-13.0,-110,betus,0.5238,0.5
2e454a12c5301843ab7ec1a1eaf4f237,2026-09-21T00:31:51+00:00,2026-09-25T23:00:00Z,4,4,Week 4,FBS vs FBS,UAB,Navy,8,0.88,7.5,UAB,6.62,Standard,7.5,-110,fanduel,-7.5,101,lowvig,7.5,-110,fanduel,0.5238,0.0
2e454a12c5301843ab7ec1a1eaf4f237,2026-09-21T21:56:06+00:00,2026-09-25T23:00:00Z,4,4,Week 4,FBS vs FBS,UAB,Navy,9,0.8,7.06,UAB,6.26,Standard,7.5,-120,fanduel,-7.0,-105,bovada,7.5,-120,fanduel,0.5455,0.44
32171e03f5df71b5c9057bcba40030a7,2026-09-21T00:31:51+00:00,2026-09-26T19:30:00Z,4,4,Week 4,FBS vs FBS,UCF,TCU,8,-0.37,3.29,UCF,3.66,Standard,3.5,-111,lowvig,-3.0,-109,betrivers,3.5,-111,lowvig,0.5261,0.21
32171e03f5df71b5c9057bcba40030a7,2026-09-21T21:56:06+00:00,2026-09-26T19:30:00Z,4,4,Week 4,FBS vs FBS,UCF,TCU,9,-0.29,3.11,UCF,3.4,Standard,3.5,-115,bovada,-3.0,-110,mybookieag,3.5,-115,bovada,0.5349,0.39
3848eaee7484034f3604aed922649c4e,2026-09-21T00:31:51+00:00,2026-09-26T19:30:00Z,4,4,Week 4,FBS vs FBS,Georgia,Oklahoma,8,-11.38,-13.94,Oklahoma,2.56,Standard,-13.5,-120,fanduel,14.0,100,betus,14.0,100,betus,0.5,0.06
3848eaee7484034f3604aed922649c4e,2026-09-21T21:56:06+00:00,2026-09-26T19:30:00Z,4,4,Week 4,FBS vs FBS,Georgia,Oklahoma,9,-11.3,-13.78,Oklahoma,2.48,Standard,-13.5,-110,bovada,14.0,-108,lowvig,14.0,-108,lowvig,0.5192,0.22
39a3d3075172036a2b3f7d47913779b8,2026-09-21T00:31:51+00:00,2026-09-26T19:30:00Z,4,4,Week 4,FBS vs FBS,Michigan,Iowa,8,-2.36,-4.38,Iowa,2.02,Standard,-4.0,-110,mybookieag,5.0,-110,betus,5.0,-110,betus,0.5238,0.62
39a3d3075172036a2b3f7d47913779b8,2026-09-21T21:56:06+00:00,2026-09-26T19:30:00Z,4,4,Week 4,FBS vs FBS,Michigan,Iowa,9,-2.48,-5.5,Iowa,3.02,Standard,-5.5,-106,lowvig,5.5,-106,lowvig,5.5,-106,lowvig,0.5146,0.0
48683523200ecdbeb09a2e6eb0d0a1f7,2026-09-21T00:31:51+00:00,2026-09-26T02:30:00Z,4,4,Week 4,FBS vs FBS,California,Clemson,8,4.22,-0.75,Clemson,4.97,Standard,0.0,-106,lowvig,1.5,-112,draftkings,1.5,-112,draftkings,0.5283,0.75
48683523200ecdbeb09a2e6eb0d0a1f7,2026-09-21T21:56:06+00:00,2026-09-26T02:30:00Z,4,4,Week 4,FBS vs FBS,California,Clemson,9,4.67,0.61,Clemson,4.06,Standard,1.5,-110,bovada,1.0,-113,betrivers,1.0,-113,betrivers,0.5305,1.61
69b1a0ff5fb2c67c6627b5c8cf8368cb,2026-09-21T00:31:51+00:00,2026-09-26T16:00:00Z,4,4,Week 4,FBS vs FBS,Tennessee,Texas,8,3.85,3.86,Tennessee,0.01,Standard,4.5,-109,betrivers,-3.5,-109,lowvig,4.5,-109,betrivers,0.5215,0.64
69b1a0ff5fb2c67c6627b5c8cf8368cb,2026-09-21T21:56:06+00:00,2026-09-26T16:00:00Z,4,4,Week 4,FBS vs FBS,Tennessee,Texas,9,4.05,5.56,Tennessee,1.51,Standard,6.0,-115,bovada,-5.5,-106,lowvig,6.0,-115,bovada,0.5349,0.44
775ad63a769838c1e1da423293c9c60d,2026-09-21T00:31:51+00:00,2026-09-26T00:00:00Z,4,4,Week 4,FBS vs FBS,Indiana,Northwestern,8,-18.48,-21.81,Northwestern,3.33,Standard,-21.5,-106,lowvig,22.5,-110,fanduel,22.5,-110,fanduel,0.5238,0.69
775ad63a769838c1e1da423293c9c60d,2026-09-21T21:56:06+00:00,2026-09-26T00:00:00Z,4,4,Week 4,FBS vs FBS,Indiana,Northwestern,9,-18.38,-21.0,Northwestern,2.62,Standard,-20.5,-115,bovada,21.5,-110,mybookieag,21.5,-110,mybookieag,0.5238,0.5
83516ad7ba3e8ef9f90498cfcaf10eb5,2026-09-21T00:31:51+00:00,2026-09-26T23:30:00Z,4,4,Week 4,FBS vs FBS,USC,Oregon,8,-3.66,2.5,USC,6.16,Standard,2.5,-102,draftkings,-2.5,-108,lowvig,2.5,-102,draftkings,0.505,0.0
83516ad7ba3e8ef9f90498cfcaf10eb5,2026-09-21T21:56:06+00:00,2026-09-26T23:30:00Z,4,4,Week 4,FBS vs FBS,USC,Oregon,9,-3.58,2.94,USC,6.52,Standard,3.0,-104,lowvig,-2.5,-124,fanduel,3.0,-104,lowvig,0.5098,0.06
886538e98f0884df3d655d9d2d2ca567,2026-09-21T00:31:51+00:00,2026-09-26T19:30:00Z,4,4,Week 4,FBS vs FBS,Florida,Ole Miss,7,-1.02,-2.86,Ole Miss,1.84,Standard,-2.5,-112,betrivers,3.0,-105,draftkings,3.0,-105,draftkings,0.5122,0.14
886538e98f0884df3d655d9d2d2ca567,2026-09-21T21:56:06+00:00,2026-09-26T19:30:00Z,4,4,Week 4,FBS vs FBS,Florida,Ole Miss,8,-1.04,-3.19,Ole Miss,2.15,Standard,-2.5,-124,fanduel,3.5,-110,mybookieag,3.5,-110,mybookieag,0.5238,0.31
891673ae39457f51a701ca482c2f7280,2026-09-21T00:31:51+00:00,2026-09-27T00:00:00Z,4,4,Week 4,FBS vs FBS,Arkansas,Tulsa,8,-3.05,-7.31,Tulsa,4.26,Standard,-7.0,-110,betus,7.5,-110,mybookieag,7.5,-110,mybookieag,0.5238,0.19
891673ae39457f51a701ca482c2f7280,2026-09-21T21:56:06+00:00,2026-09-27T00:00:00Z,4,4,Week 4,FBS vs FBS,Arkansas,Tulsa,9,-2.92,-7.11,Tulsa,4.19,Standard,-6.5,-115,betrivers,7.5,-116,lowvig,7.5,-116,lowvig,0.537,0.39
90cacdc25f25e1f13b13e031a7fee9b7,2026-09-21T00:31:51+00:00,2026-09-26T16:00:00Z,4,4,Week 4,FBS vs FBS,Baylor,Colorado,8,-11.29,-9.56,Baylor,1.73,Standard,-9.0,-112,betrivers,10.0,-110,mybookieag,-9.0,-112,betrivers,0.5283,0.56
90cacdc25f25e1f13b13e031a7fee9b7,2026-09-21T21:56:06+00:00,2026-09-26T16:00:00Z,4,4,Week 4,FBS vs FBS,Baylor,Colorado,9,-11.38,-9.94,Baylor,1.44,Standard,-9.5,-118,fanduel,10.0,-106,lowvig,-9.5,-118,fanduel,0.5413,0.44
9c5cf55e5371dd6178da97dcaef2bff5,2026-09-21T00:31:51+00:00,2026-09-26T21:00:00Z,4,4,Week 4,FBS vs FBS,Penn State,Wisconsin,8,-13.73,-10.0,Penn State,3.73,Standard,-9.5,-122,fanduel,10.5,-110,mybookieag,-9.5,-122,fanduel,0.5495,0.5
9c5cf55e5371dd6178da97dcaef2bff5,2026-09-21T21:56:06+00:00,2026-09-26T21:00:00Z,4,4,Week 4,FBS vs FBS,Penn State,Wisconsin,9,-13.65,-9.72,Penn State,3.93,Standard,-9.5,-108,fanduel,10.0,-110,mybookieag,-9.5,-108,fanduel,0.5192,0.22
9e0eaa3fed3125ec9629a777bf077185,2026-09-21T00:31:51+00:00,2026-09-24T23:30:00Z,4,4,Week 4,FBS vs FBS,Coastal Carolina,Liberty,8,9.33,2.12,Liberty,7.21,Standard,2.5,-110,betmgm,-1.5,-115,fanduel,-1.5,-115,fanduel,0.5349,0.62
9e0eaa3fed3125ec9629a777bf077185,2026-09-21T21:56:06+00:00,2026-09-24T23:30:00Z,4,4,Week 4,FBS vs FBS,Coastal Carolina,Liberty,9,9.34,2.44,Liberty,6.9,Standard,2.5,-101,lowvig,-2.0,-110,mybookieag,-2.0,-110,mybookieag,0.5238,0.44
a14ae60e9aac7b91d0acbdae745873b4,2026-09-21T00:31:51+00:00,2026-09-26T16:00:00Z,4,4,Week 4,FBS vs FBS,Kent State,Ball State,8,-0.53,-3.25,Ball State,2.72,Standard,-3.0,-110,mybookieag,3.5,-110,betrivers,3.5,-110,betrivers,0.5238,0.25
a14ae60e9aac7b91d0acbdae745873b4,2026-09-21T21:56:06+00:00,2026-09-26T16:00:00Z,4,4,Week 4,FBS vs FBS,Kent State,Ball State,9,-0.46,-3.06,Ball State,2.6,Standard,-3.0,-110,mybookieag,3.5,-122,fanduel,3.5,-122,fanduel,0.5495,0.44
bf2cffa30d89eb2ce1b4d0f91561f66d,2026-09-21T00:31:51+00:00,2026-09-26T18:00:00Z,4,4,Week 4,FBS vs FBS,Purdue,Notre Dame,8,24.45,27.31,Purdue,2.86,Standard,27.5,-109,betrivers,-26.5,-110,fanduel,27.5,-109,betrivers,0.5215,0.19
bf2cffa30d89eb2ce1b4d0f91561f66d,2026-09-21T21:56:06+00:00,2026-09-26T18:00:00Z,4,4,Week 4,FBS vs FBS,Purdue,Notre Dame,9,24.52,27.89,Purdue,3.37,Standard,28.0,-109,lowvig,-27.5,-118,fanduel,28.0,-109,lowvig,0.5215,0.11
c48f042c91328d4d0c6351fc82286879,2026-09-21T00:31:51+00:00,2026-09-26T17:30:00Z,4,4,Week 4,FBS vs FBS,Maryland,UCLA,8,0.58,2.12,Maryland,1.55,Standard,2.5,-111,lowvig,-1.5,-115,fanduel,2.5,-111,lowvig,0.5261,0.38
c48f042c91328d4d0c6351fc82286879,2026-09-21T21:56:06+00:00,2026-09-26T17:30:00Z,4,4,Week 4,FBS vs FBS,Maryland,UCLA,9,0.46,2.17,Maryland,1.71,Standard,2.5,-111,lowvig,-1.5,-112,betrivers,2.5,-111,lowvig,0.5261,0.33
c80f5f34b99b9346f4e40cf5304d941d,2026-09-21T00:31:51+00:00,2026-09-26T22:30:00Z,4,4,Week 4,FBS vs FBS,Charlotte,Louisiana,8,6.18,11.25,Charlotte,5.07,Standard,12.5,-114,betrivers,-10.5,-108,betmgm,12.5,-114,betrivers,0.5327,1.25
c80f5f34b99b9346f4e40cf5304d941d,2026-09-21T21:56:06+00:00,2026-09-26T22:30:00Z,4,4,Week 4,FBS vs FBS,Charlotte,Louisiana,9,6.11,10.22,Charlotte,4.11,Standard,10.5,-110,fanduel,-10.0,-111,lowvig,10.5,-110,fanduel,0.5238,0.28
c843a3f97a410eedafcfbad440774ad2,2026-09-21T00:31:51+00:00,2026-09-26T23:00:00Z,4,4,Week 4,FBS vs FBS,Alabama,South Carolina,8,-12.73,-12.93,South Carolina,0.2,Standard,-12.5,-110,fanduel,13.5,-112,draftkings,13.5,-112,draftkings,0.5283,0.57
c843a3f97a410eedafcfbad440774ad2,2026-09-21T21:56:06+00:00,2026-09-26T23:00:00Z,4,4,Week 4,FBS vs FBS,Alabama,South Carolina,9,-12.58,-12.0,Alabama,0.58,Standard,-11.5,-106,lowvig,13.0,-113,betrivers,-11.5,-106,lowvig,0.5146,0.5
ce4578738432ad6327f4e3a4909ddcb5,2026-09-21T00:31:51+00:00,2026-09-26T22:00:00Z,4,4,Week 4,FBS vs FBS,Virginia,Delaware,8,-12.67,-20.38,Delaware,7.71,Standard,-20.0,-110,betmgm,20.5,-110,fanduel,20.5,-110,fanduel,0.5238,0.12
ce4578738432ad6327f4e3a4909ddcb5,2026-09-21T21:56:06+00:00,2026-09-26T22:00:00Z,4,4,Week 4,FBS vs FBS,Virginia,Delaware,9,-12.53,-19.44,Delaware,6.91,Standard,-19.0,-110,betus,20.0,-110,betmgm,20.0,-110,betmgm,0.5238,0.56
d9a781a64fc2c4b45290db32b5ec3f20,2026-09-21T00:31:51+00:00,2026-09-25T20:00:00Z,4,4,Week 4,FBS vs FBS,Temple,Army,8,-1.05,3.06,Temple,4.11,Standard,3.5,-120,fanduel,-3.0,-106,lowvig,3.5,-120,fanduel,0.5455,0.44
d9a781a64fc2c4b45290db32b5ec3f20,2026-09-21T21:56:06+00:00,2026-09-25T20:00:00Z,4,4,Week 4,FBS vs FBS,Temple,Army,9,-1.06,3.06,Temple,4.12,Standard,3.5,-120,fanduel,-3.0,-110,mybookieag,3.5,-120,fanduel,0.5455,0.44
e497e36c59bded468da11878568e7c80,2026-09-21T00:31:51+00:00,2026-09-27T03:00:00Z,4,4,Week 4,FBS vs FBS,Washington,Minnesota,8,-9.0,-8.81,Washington,0.19,Standard,-8.5,-112,draftkings,9.0,-101,lowvig,-8.5,-112,draftkings,0.5283,0.31
e497e36c59bded468da11878568e7c80,2026-09-21T21:56:06+00:00,2026-09-27T03:00:00Z,4,4,Week 4,FBS vs FBS,Washington,Minnesota,9,-9.28,-9.89,Minnesota,0.61,Standard,-9.5,-113,betrivers,10.0,-110,mybookieag,10.0,-110,mybookieag,0.5238,0.11
e972bb2c0291b991de32cc0188c9d338,2026-09-21T00:31:51+00:00,2026-09-27T02:30:00Z,4,4,Week 4,FBS vs FBS,Nevada,Air Force,8,-5.45,4.44,Nevada,9.89,Standard,4.5,-106,lowvig,-4.0,-112,draftkings,4.5,-106,lowvig,0.5146,0.06
e972bb2c0291b991de32cc0188c9d338,2026-09-21T21:56:06+00:00,2026-09-27T02:30:00Z,4,4,Week 4,FBS vs FBS,Nevada,Air Force,9,-5.17,5.28,Nevada,10.45,Standard,5.5,-110,fanduel,-4.5,-109,betrivers,5.5,-110,fanduel,0.5238,0.22
edf8d3e3699aa5cb34c50ac7de992d37,2026-09-21T00:31:51+00:00,2026-09-26T20:15:00Z,4,4,Week 4,FBS vs FBS,Auburn,Vanderbilt,8,-5.52,-9.25,Vanderbilt,3.73,Standard,-8.5,-108,betmgm,9.5,-109,betrivers,9.5,-109,betrivers,0.5215,0.25
edf8d3e3699aa5cb34c50ac7de992d37,2026-09-21T21:56:06+00:00,2026-09-26T20:15:00Z,4,4,Week 4,FBS vs FBS,Auburn,Vanderbilt,9,-5.53,-9.44,Vanderbilt,3.91,Standard,-9.0,-110,betmgm,9.5,-110,draftkings,9.5,-110,draftkings,0.5238,0.06
f0985218c2ed146bb0295c4e9c4a0dd7,2026-09-21T00:31:51+00:00,2026-09-26T19:30:00Z,4,4,Week 4,FBS vs FBS,Western Michigan,Boise State,8,2.76,7.5,Western Michigan,4.74,Standard,7.5,-106,lowvig,-7.5,-106,lowvig,7.5,-106,lowvig,0.5146,0.0
f0985218c2ed146bb0295c4e9c4a0dd7,2026-09-21T21:56:06+00:00,2026-09-26T19:30:00Z,4,4,Week 4,FBS vs FBS,Western Michigan,Boise State,9,2.68,7.11,Western Michigan,4.43,Standard,7.5,-113,betrivers,-7.0,-110,mybookieag,7.5,-113,betrivers,0.5305,0.39
f154381c89953d3b0bd409a6bc4e28a6,2026-09-21T00:31:51+00:00,2026-09-26T23:45:00Z,4,4,Week 4,FBS vs FBS,Mississippi State,Missouri,8,-6.25,-5.88,Mississippi State,0.38,Standard,-5.5,-110,betrivers,6.0,-106,lowvig,-5.5,-110,betrivers,0.5238,0.38
f154381c89953d3b0bd409a6bc4e28a6,2026-09-21T21:56:06+00:00,2026-09-26T23:45:00Z,4,4,Week 4,FBS vs FBS,Mississippi State,Missouri,9,-6.34,-6.22,Mississippi State,0.12,Standard,-5.5,-115,fanduel,6.5,-110,betus,-5.5,-115,fanduel,0.5349,0.72
f6b6590d0b66bbb4fcbb391289794963,2026-09-21T00:31:51+00:00,2026-09-26T16:00:00Z,4,4,Week 4,FBS vs FBS,Louisville,Wake Forest,8,-11.7,-13.12,Wake Forest,1.43,Standard,-12.5,-115,draftkings,13.5,-110,mybookieag,13.5,-110,mybookieag,0.5238,0.38
f6b6590d0b66bbb4fcbb391289794963,2026-09-21T21:56:06+00:00,2026-09-26T16:00:00Z,4,4,Week 4,FBS vs FBS,Louisville,Wake Forest,9,-11.71,-12.72,Wake Forest,1.01,Standard,-12.5,-110,betrivers,13.0,-110,mybookieag,13.0,-110,mybookieag,0.5238,0.28
fc7c77e060e8ba29a61de994be1497c0,2026-09-21T00:31:51+00:00,2026-09-26T19:00:00Z,4,4,Week 4,FBS vs FBS,Wyoming,Hawai'i,8,1.09,3.19,Wyoming,2.1,Standard,3.5,-110,mybookieag,-3.0,-101,lowvig,3.5,-110,mybookieag,0.5238,0.31
fc7c77e060e8ba29a61de994be1497c0,2026-09-21T21:56:06+00:00,2026-09-26T19:00:00Z,4,4,Week 4,FBS vs FBS,Wyoming,Hawai'i,9,1.14,3.11,Wyoming,1.97,Standard,3.5,-114,betrivers,-3.0,-110,mybookieag,3.5,-114,betrivers,0.5327,0.39
fe0fb2e29062d93898ebdd583329194d,2026-09-21T00:31:51+00:00,2026-09-26T23:00:00Z,4,4,Week 4,FBS vs FBS,Jacksonville State,Middle Tennessee,8,-3.46,-8.75,Middle Tennessee,5.29,Standard,-8.5,-110,fanduel,9.0,-106,lowvig,9.0,-106,lowvig,0.5146,0.25
fe0fb2e29062d93898ebdd583329194d,2026-09-21T21:56:06+00:00,2026-09-26T23:00:00Z,4,4,Week 4,FBS vs FBS,Jacksonville State,Middle Tennessee,9,-3.24,-7.22,Middle Tennessee,3.98,Standard,-7.0,-110,mybookieag,7.5,-116,lowvig,7.5,-116,lowvig,0.537,0.28
