season,week,display_week,week_label,rating_source,start_date,away_team,home_team,game_type,away_classification,home_classification,neutral_site,away_points,home_points,actual_home_margin,model_home_margin,model_home_spread,model_margin_std_dev,model_home_win_probability,market_home_spread,market_home_margin,model_margin_error,market_margin_error,absolute_model_error,absolute_market_error,winner_model_result,winner_market_result,model_edge_home_points,model_edge_side,edge_result,betting_status
2026,1,0,Week 0,current_retrospective,2026-08-29T16:00:00.000Z,North Carolina,TCU,FBS vs FBS,fbs,fbs,True,15,10,-5.0,1.74,-1.74,16.0,0.5433,-7.5,7.5,6.74,12.5,6.74,12.5,wrong,wrong,-5.76,North Carolina,right_side,Standard
2026,1,0,Week 0,current_retrospective,2026-08-29T19:00:00.000Z,San José State,USC,FBS vs FBS,fbs,fbs,False,26,42,16.0,23.97,-23.97,16.0,0.9329,-37.25,37.25,7.97,21.25,7.97,21.25,correct,correct,-13.28,San José State,right_side,Standard
2026,1,0,Week 0,current_retrospective,2026-08-29T19:30:00.000Z,NC State,Virginia,FBS vs FBS,fbs,fbs,False,8,34,26.0,9.15,-9.15,16.0,0.7163,-4.0,4.0,-16.85,-22.0,16.85,22.0,correct,correct,5.15,Virginia,right_side,Standard
2026,1,0,Week 0,current_retrospective,2026-08-29T21:30:00.000Z,Jacksonville State,North Dakota State,FBS vs FBS,fbs,fbs,False,7,33,26.0,12.23,-12.23,16.0,0.7777,-6.75,6.75,-13.77,-19.25,13.77,19.25,correct,correct,5.48,North Dakota State,right_side,Standard
2026,1,0,Week 0,current_retrospective,2026-08-29T22:30:00.000Z,Sacramento State,Eastern Michigan,FBS vs FBS,fbs,fbs,False,17,28,11.0,8.04,-8.04,16.0,0.6923,-9.25,9.25,-2.96,-1.75,2.96,1.75,correct,correct,-1.21,Sacramento State,wrong_side,Standard
2026,1,0,Week 0,current_retrospective,2026-08-29T23:00:00.000Z,Hawai'i,Stanford,FBS vs FBS,fbs,fbs,False,27,37,10.0,5.73,-5.73,16.0,0.6399,-4.75,4.75,-4.27,-5.25,4.27,5.25,correct,correct,0.98,Stanford,right_side,Standard
2026,1,0,Week 0,current_retrospective,2026-08-29T23:00:00.000Z,New Mexico State,Florida State,FBS vs FBS,fbs,fbs,False,17,34,17.0,20.33,-20.33,16.0,0.8981,-30.75,30.75,3.33,13.75,3.33,13.75,correct,correct,-10.42,New Mexico State,right_side,Standard
2026,1,0,Week 0,current_retrospective,2026-08-30T02:00:00.000Z,Memphis,UNLV,FBS vs FBS,fbs,fbs,False,27,21,-6.0,-0.55,0.55,16.0,0.4863,-4.75,4.75,5.45,10.75,5.45,10.75,correct,wrong,-5.3,Memphis,right_side,Standard
2026,1,1,Week 1,current_retrospective,2026-09-03T22:00:00.000Z,Massachusetts,Rutgers,FBS vs FBS,fbs,fbs,False,37,21,-16.0,4.06,-4.06,16.0,0.6002,-29.25,29.25,20.06,45.25,20.06,45.25,wrong,wrong,-25.19,Massachusetts,right_side,Review - extreme edge
2026,1,1,Week 1,current_retrospective,2026-09-03T23:00:00.000Z,Akron,Wake Forest,FBS vs FBS,fbs,fbs,False,16,38,22.0,25.38,-25.38,16.0,0.9437,-27.5,27.5,3.38,5.5,3.38,5.5,correct,correct,-2.12,Akron,right_side,Standard
2026,1,1,Week 1,current_retrospective,2026-09-03T23:00:00.000Z,Bethune-Cookman,UCF,FCS involved,fcs,fbs,False,6,73,67.0,41.13,-41.13,20.0,0.9801,-43.5,43.5,-25.87,-23.5,25.87,23.5,correct,correct,-2.37,Bethune-Cookman,wrong_side,Pass - FCS underdog
2026,1,1,Week 1,current_retrospective,2026-09-03T23:00:00.000Z,Merrimack,Delaware,FCS involved,fcs,fbs,False,7,42,35.0,29.29,-29.29,20.0,0.9285,-31.5,31.5,-5.71,-3.5,5.71,3.5,correct,correct,-2.21,Merrimack,wrong_side,Pass - FCS underdog
2026,1,1,Week 1,current_retrospective,2026-09-03T23:00:00.000Z,UAlbany,Buffalo,FCS involved,fcs,fbs,False,17,21,4.0,25.46,-25.46,20.0,0.8985,-18.5,18.5,21.46,14.5,21.46,14.5,correct,correct,6.96,Buffalo,wrong_side,Qualified FCS favorite
2026,1,1,Week 1,current_retrospective,2026-09-03T23:00:00.000Z,West Georgia,Kennesaw State,FCS involved,fcs,fbs,False,0,47,47.0,26.91,-26.91,20.0,0.9108,-22.5,22.5,-20.09,-24.5,20.09,24.5,correct,correct,4.41,Kennesaw State,right_side,Pass - FCS low edge
2026,1,1,Week 1,current_retrospective,2026-09-04T00:00:00.000Z,Arkansas-Pine Bluff,Missouri,FCS involved,fcs,fbs,False,14,54,40.0,46.63,-46.63,20.0,0.9901,-55.5,55.5,6.63,15.5,6.63,15.5,correct,correct,-8.87,Arkansas-Pine Bluff,right_side,Pass - FCS underdog
2026,1,1,Week 1,current_retrospective,2026-09-04T00:00:00.000Z,Colorado,Georgia Tech,FBS vs FBS,fbs,fbs,False,14,13,-1.0,3.17,-3.17,16.0,0.5785,-6.5,6.5,4.17,7.5,4.17,7.5,wrong,wrong,-3.33,Colorado,right_side,Standard
2026,1,1,Week 1,current_retrospective,2026-09-04T00:00:00.000Z,Eastern Illinois,Minnesota,FCS involved,fcs,fbs,False,7,59,52.0,40.17,-40.17,20.0,0.9777,-42.5,42.5,-11.83,-9.5,11.83,9.5,correct,correct,-2.33,Eastern Illinois,wrong_side,Pass - FCS underdog
2026,1,1,Week 1,current_retrospective,2026-09-04T01:00:00.000Z,Idaho,Utah,FCS involved,fcs,fbs,False,14,66,52.0,55.16,-55.16,20.0,0.9971,-38.5,38.5,3.16,-13.5,3.16,13.5,correct,correct,16.66,Utah,right_side,Pass - FCS extreme edge
2026,1,1,Week 1,current_retrospective,2026-09-04T01:00:00.000Z,UAB,Illinois,FBS vs FBS,fbs,fbs,False,23,42,19.0,15.2,-15.2,16.0,0.8289,-26.0,26.0,-3.8,7.0,3.8,7.0,correct,correct,-10.8,UAB,right_side,Standard
2026,1,1,Week 1,current_retrospective,2026-09-04T22:30:00.000Z,San José State,Eastern Michigan,FBS vs FBS,fbs,fbs,False,27,21,-6.0,-3.76,3.76,16.0,0.4071,-1.5,1.5,2.24,7.5,2.24,7.5,correct,wrong,-5.26,San José State,right_side,Standard
2026,1,1,Week 1,current_retrospective,2026-09-04T23:00:00.000Z,Indiana State,Purdue,FCS involved,fcs,fbs,False,19,44,25.0,33.88,-33.88,20.0,0.9549,-35.5,35.5,8.88,10.5,8.88,10.5,correct,correct,-1.62,Indiana State,right_side,Pass - FCS underdog
2026,1,1,Week 1,current_retrospective,2026-09-04T23:00:00.000Z,North Carolina A&T,Georgia State,FCS involved,fcs,fbs,False,10,59,49.0,32.63,-32.63,20.0,0.9486,-28.25,28.25,-16.37,-20.75,16.37,20.75,correct,correct,4.38,Georgia State,right_side,Pass - FCS low edge
2026,1,1,Week 1,current_retrospective,2026-09-05T00:00:00.000Z,Long Island University,Kansas,FCS involved,fcs,fbs,False,6,51,45.0,35.67,-35.67,20.0,0.9627,-43.25,43.25,-9.33,-1.75,9.33,1.75,correct,correct,-7.58,Long Island University,wrong_side,Pass - FCS underdog
2026,1,1,Week 1,current_retrospective,2026-09-05T00:00:00.000Z,Toledo,Michigan State,FBS vs FBS,fbs,fbs,False,20,30,10.0,4.76,-4.76,16.0,0.617,-10.0,10.0,-5.24,0.0,5.24,0.0,correct,correct,-5.24,Toledo,push,Standard
2026,1,1,Week 1,current_retrospective,2026-09-05T00:00:00.000Z,UTEP,Oklahoma,FBS vs FBS,fbs,fbs,False,0,51,51.0,32.52,-32.52,16.0,0.9789,-40.75,40.75,-18.48,-10.25,18.48,10.25,correct,correct,-8.23,UTEP,wrong_side,Standard
2026,1,1,Week 1,current_retrospective,2026-09-05T01:00:00.000Z,Fresno State,USC,FBS vs FBS,fbs,fbs,False,0,39,39.0,16.41,-16.41,16.0,0.8475,-22.0,22.0,-22.59,-17.0,22.59,17.0,correct,correct,-5.59,Fresno State,wrong_side,Standard
2026,1,1,Week 1,current_retrospective,2026-09-05T01:00:00.000Z,Miami,Stanford,FBS vs FBS,fbs,fbs,False,45,6,-39.0,-24.89,24.89,16.0,0.0599,24.5,-24.5,14.11,14.5,14.11,14.5,correct,correct,-0.39,Miami,right_side,Standard
2026,1,1,Week 1,current_retrospective,2026-09-05T16:00:00.000Z,Bryant,Army,FCS involved,fcs,fbs,False,3,59,56.0,35.55,-35.55,20.0,0.9623,-37.25,37.25,-20.45,-18.75,20.45,18.75,correct,correct,-1.7,Bryant,wrong_side,Pass - FCS underdog
2026,1,1,Week 1,current_retrospective,2026-09-05T16:00:00.000Z,Coastal Carolina,West Virginia,FBS vs FBS,fbs,fbs,False,24,31,7.0,11.5,-11.5,16.0,0.7639,-21.0,21.0,4.5,14.0,4.5,14.0,correct,correct,-9.5,Coastal Carolina,right_side,Standard
2026,1,1,Week 1,current_retrospective,2026-09-05T16:00:00.000Z,East Carolina,Alabama,FBS vs FBS,fbs,fbs,False,10,48,38.0,28.6,-28.6,16.0,0.9631,-28.25,28.25,-9.4,-9.75,9.4,9.75,correct,correct,0.35,Alabama,right_side,Standard
2026,1,1,Week 1,current_retrospective,2026-09-05T16:00:00.000Z,Lafayette,UConn,FCS involved,fcs,fbs,False,7,56,49.0,32.51,-32.51,20.0,0.948,-20.5,20.5,-16.49,-28.5,16.49,28.5,correct,correct,12.01,UConn,right_side,Qualified FCS favorite
2026,1,1,Week 1,current_retrospective,2026-09-05T16:00:00.000Z,Liberty,James Madison,FBS vs FBS,fbs,fbs,False,13,20,7.0,5.35,-5.35,16.0,0.631,-6.0,6.0,-1.65,-1.0,1.65,1.0,correct,correct,-0.65,Liberty,wrong_side,Standard
2026,1,1,Week 1,current_retrospective,2026-09-05T16:00:00.000Z,New Hampshire,Syracuse,FCS involved,fcs,fbs,False,3,66,63.0,34.68,-34.68,20.0,0.9585,-35.0,35.0,-28.32,-28.0,28.32,28.0,correct,correct,-0.32,New Hampshire,wrong_side,Pass - FCS underdog
2026,1,1,Week 1,current_retrospective,2026-09-05T16:00:00.000Z,North Texas,Indiana,FBS vs FBS,fbs,fbs,False,16,52,36.0,24.51,-24.51,16.0,0.9372,-40.0,40.0,-11.49,4.0,11.49,4.0,correct,correct,-15.49,North Texas,right_side,Review - extreme edge
2026,1,1,Week 1,current_retrospective,2026-09-05T16:00:00.000Z,Ohio,Nebraska,FBS vs FBS,fbs,fbs,False,21,49,28.0,23.44,-23.44,16.0,0.9285,-23.75,23.75,-4.56,-4.25,4.56,4.25,correct,correct,-0.31,Ohio,wrong_side,Standard
2026,1,1,Week 1,current_retrospective,2026-09-05T16:00:00.000Z,Oregon State,Houston,FBS vs FBS,fbs,fbs,False,20,33,13.0,13.34,-13.34,16.0,0.7978,-20.75,20.75,0.34,7.75,0.34,7.75,correct,correct,-7.41,Oregon State,right_side,Standard
2026,1,1,Week 1,current_retrospective,2026-09-05T16:00:00.000Z,Tarleton State,Bowling Green,FCS involved,fcs,fbs,False,20,13,-7.0,23.63,-23.63,20.0,0.8813,-1.75,1.75,30.63,8.75,30.63,8.75,wrong,wrong,21.88,Bowling Green,wrong_side,Pass - FCS extreme edge
2026,1,1,Week 1,current_retrospective,2026-09-05T16:30:00.000Z,Ball State,Ohio State,FBS vs FBS,fbs,fbs,False,3,56,53.0,41.56,-41.56,16.0,0.9953,-50.75,50.75,-11.44,-2.25,11.44,2.25,correct,correct,-9.19,Ball State,wrong_side,Standard
2026,1,1,Week 1,current_retrospective,2026-09-05T16:30:00.000Z,Miami (OH),Pittsburgh,FBS vs FBS,fbs,fbs,False,14,59,45.0,17.65,-17.65,16.0,0.865,-16.25,16.25,-27.35,-28.75,27.35,28.75,correct,correct,1.4,Pittsburgh,right_side,Standard
2026,1,1,Week 1,current_retrospective,2026-09-05T16:45:00.000Z,Kent State,South Carolina,FBS vs FBS,fbs,fbs,False,0,57,57.0,25.64,-25.64,16.0,0.9455,-36.0,36.0,-31.36,-21.0,31.36,21.0,correct,correct,-10.36,Kent State,wrong_side,Standard
2026,1,1,Week 1,current_retrospective,2026-09-05T17:00:00.000Z,Duquesne,Air Force,FCS involved,fcs,fbs,False,0,34,34.0,34.89,-34.89,20.0,0.9595,-30.0,30.0,0.89,-4.0,0.89,4.0,correct,correct,4.89,Air Force,right_side,Pass - FCS low edge
2026,1,1,Week 1,current_retrospective,2026-09-05T17:00:00.000Z,Southeast Missouri State,Iowa State,FCS involved,fcs,fbs,False,10,38,28.0,43.92,-43.92,20.0,0.986,-29.5,29.5,15.92,1.5,15.92,1.5,correct,correct,14.42,Iowa State,wrong_side,Qualified FCS favorite
2026,1,1,Week 1,current_retrospective,2026-09-05T17:00:00.000Z,Youngstown State,Kentucky,FCS involved,fcs,fbs,False,13,45,32.0,44.76,-44.76,20.0,0.9874,-22.25,22.25,12.76,-9.75,12.76,9.75,correct,correct,22.51,Kentucky,right_side,Pass - FCS extreme edge
2026,1,1,Week 1,current_retrospective,2026-09-05T18:00:00.000Z,Rhode Island,Temple,FCS involved,fcs,fbs,False,14,38,24.0,33.11,-33.11,20.0,0.9511,-14.5,14.5,9.11,-9.5,9.11,9.5,correct,correct,18.61,Temple,right_side,Pass - FCS extreme edge
2026,1,1,Week 1,current_retrospective,2026-09-05T19:00:00.000Z,Tennessee State,Georgia,FCS involved,fcs,fbs,False,3,63,60.0,62.1,-62.1,20.0,0.999,-49.25,49.25,2.1,-10.75,2.1,10.75,correct,correct,12.85,Georgia,right_side,Qualified FCS favorite
2026,1,1,Week 1,current_retrospective,2026-09-05T19:30:00.000Z,Baylor,Auburn,FBS vs FBS,fbs,fbs,True,16,17,1.0,4.35,-4.35,16.0,0.6071,-6.5,6.5,3.35,5.5,3.35,5.5,correct,correct,-2.15,Baylor,right_side,Standard
2026,1,1,Week 1,current_retrospective,2026-09-05T19:30:00.000Z,Boise State,Oregon,FBS vs FBS,fbs,fbs,False,27,34,7.0,11.34,-11.34,16.0,0.7608,-24.75,24.75,4.34,17.75,4.34,17.75,correct,correct,-13.41,Boise State,right_side,Standard
2026,1,1,Week 1,current_retrospective,2026-09-05T19:30:00.000Z,Boston College,Cincinnati,FBS vs FBS,fbs,fbs,False,15,34,19.0,9.53,-9.53,16.0,0.7243,-7.0,7.0,-9.47,-12.0,9.47,12.0,correct,correct,2.53,Cincinnati,right_side,Standard
2026,1,1,Week 1,current_retrospective,2026-09-05T19:30:00.000Z,Fordham,North Dakota State,FCS involved,fcs,fbs,False,0,38,38.0,42.77,-42.77,20.0,0.9838,-41.5,41.5,4.77,3.5,4.77,3.5,correct,correct,1.27,North Dakota State,wrong_side,Pass - FCS low edge
2026,1,1,Week 1,current_retrospective,2026-09-05T19:30:00.000Z,Furman,Tennessee,FCS involved,fcs,fbs,False,9,56,47.0,52.34,-52.34,20.0,0.9956,-49.25,49.25,5.34,2.25,5.34,2.25,correct,correct,3.09,Tennessee,wrong_side,Pass - FCS low edge
2026,1,1,Week 1,current_retrospective,2026-09-05T19:30:00.000Z,Maine,App State,FCS involved,fcs,fbs,False,3,55,52.0,32.29,-32.29,20.0,0.9468,-21.0,21.0,-19.71,-31.0,19.71,31.0,correct,correct,11.29,App State,right_side,Qualified FCS favorite
2026,1,1,Week 1,current_retrospective,2026-09-05T19:30:00.000Z,Marshall,Penn State,FBS vs FBS,fbs,fbs,False,0,45,45.0,23.3,-23.3,16.0,0.9273,-23.25,23.25,-21.7,-21.75,21.7,21.75,correct,correct,0.05,Penn State,right_side,Standard
2026,1,1,Week 1,current_retrospective,2026-09-05T19:30:00.000Z,Texas State,Texas,FBS vs FBS,fbs,fbs,False,7,59,52.0,25.0,-25.0,16.0,0.9409,-29.5,29.5,-27.0,-22.5,27.0,22.5,correct,correct,-4.5,Texas State,wrong_side,Standard
2026,1,1,Week 1,current_retrospective,2026-09-05T19:30:00.000Z,The Citadel,Charlotte,FCS involved,fcs,fbs,False,43,41,-2.0,21.56,-21.56,20.0,0.8595,-20.5,20.5,23.56,22.5,23.56,22.5,wrong,wrong,1.06,Charlotte,wrong_side,Pass - FCS low edge
2026,1,1,Week 1,current_retrospective,2026-09-05T19:30:00.000Z,Towson,Navy,FCS involved,fcs,fbs,False,15,42,27.0,33.67,-33.67,20.0,0.9539,-31.0,31.0,6.67,4.0,6.67,4.0,correct,correct,2.67,Navy,wrong_side,Pass - FCS low edge
2026,1,1,Week 1,current_retrospective,2026-09-05T19:30:00.000Z,Tulane,Duke,FBS vs FBS,fbs,fbs,False,3,17,14.0,11.8,-11.8,16.0,0.7696,-8.75,8.75,-2.2,-5.25,2.2,5.25,correct,correct,3.05,Duke,right_side,Standard
2026,1,1,Week 1,current_retrospective,2026-09-05T19:30:00.000Z,UT Rio Grande Valley,UTSA,FCS involved,fcs,fbs,False,16,45,29.0,39.81,-39.81,20.0,0.9767,-28.5,28.5,10.81,-0.5,10.81,0.5,correct,correct,11.31,UTSA,right_side,Qualified FCS favorite
2026,1,1,Week 1,current_retrospective,2026-09-05T19:45:00.000Z,Oklahoma State,Tulsa,FBS vs FBS,fbs,fbs,False,10,24,14.0,-5.17,5.17,16.0,0.3733,13.25,-13.25,-19.17,-27.25,19.17,27.25,wrong,wrong,8.08,Tulsa,right_side,Standard
2026,1,1,Week 1,current_retrospective,2026-09-05T20:15:00.000Z,North Alabama,Arkansas,FCS involved,fcs,fbs,False,14,31,17.0,39.18,-39.18,20.0,0.9749,-40.5,40.5,22.18,23.5,22.18,23.5,correct,correct,-1.32,North Alabama,right_side,Pass - FCS underdog
2026,1,1,Week 1,current_retrospective,2026-09-05T20:15:00.000Z,Northern Illinois,Iowa,FBS vs FBS,fbs,fbs,False,0,40,40.0,29.07,-29.07,16.0,0.9654,-31.75,31.75,-10.93,-8.25,10.93,8.25,correct,correct,-2.68,Northern Illinois,wrong_side,Standard
2026,1,1,Week 1,current_retrospective,2026-09-05T21:00:00.000Z,Alcorn State,Southern Miss,FCS involved,fcs,fbs,False,3,49,46.0,23.6,-23.6,20.0,0.881,-20.0,20.0,-22.4,-26.0,22.4,26.0,correct,correct,3.6,Southern Miss,right_side,Pass - FCS low edge
2026,1,1,Week 1,current_retrospective,2026-09-05T22:00:00.000Z,Norfolk State,Old Dominion,FCS involved,fcs,fbs,False,10,31,21.0,28.45,-28.45,20.0,0.9226,-41.25,41.25,7.45,20.25,7.45,20.25,correct,correct,-12.8,Norfolk State,right_side,Pass - FCS underdog
2026,1,1,Week 1,current_retrospective,2026-09-05T22:00:00.000Z,Wyoming,Colorado State,FBS vs FBS,fbs,fbs,False,13,35,22.0,5.93,-5.93,16.0,0.6445,-2.75,2.75,-16.07,-19.25,16.07,19.25,correct,correct,3.18,Colorado State,right_side,Standard
2026,1,1,Week 1,current_retrospective,2026-09-05T23:00:00.000Z,Abilene Christian,Texas Tech,FCS involved,fcs,fbs,False,10,33,23.0,52.01,-52.01,20.0,0.9953,-45.0,45.0,29.01,22.0,29.01,22.0,correct,correct,7.01,Texas Tech,wrong_side,Qualified FCS favorite
2026,1,1,Week 1,current_retrospective,2026-09-05T23:00:00.000Z,Arkansas State,Memphis,FBS vs FBS,fbs,fbs,False,24,42,18.0,13.14,-13.14,16.0,0.7942,-10.5,10.5,-4.86,-7.5,4.86,7.5,correct,correct,2.64,Memphis,right_side,Standard
2026,1,1,Week 1,current_retrospective,2026-09-05T23:00:00.000Z,Austin Peay,Vanderbilt,FCS involved,fcs,fbs,False,9,28,19.0,42.66,-42.66,20.0,0.9835,-29.25,29.25,23.66,10.25,23.66,10.25,correct,correct,13.41,Vanderbilt,wrong_side,Qualified FCS favorite
2026,1,1,Week 1,current_retrospective,2026-09-05T23:00:00.000Z,Charleston Southern,Georgia Southern,FCS involved,fcs,fbs,False,0,31,31.0,31.53,-31.53,20.0,0.9425,-28.25,28.25,0.53,-2.75,0.53,2.75,correct,correct,3.28,Georgia Southern,right_side,Pass - FCS low edge
2026,1,1,Week 1,current_retrospective,2026-09-05T23:00:00.000Z,Eastern Kentucky,Jacksonville State,FCS involved,fcs,fbs,False,7,49,42.0,33.04,-33.04,20.0,0.9507,-22.25,22.25,-8.96,-19.75,8.96,19.75,correct,correct,10.79,Jacksonville State,right_side,Qualified FCS favorite
2026,1,1,Week 1,current_retrospective,2026-09-05T23:00:00.000Z,Florida International,South Florida,FBS vs FBS,fbs,fbs,False,9,19,10.0,10.11,-10.11,16.0,0.7363,-14.5,14.5,0.11,4.5,0.11,4.5,correct,correct,-4.39,Florida International,right_side,Standard
2026,1,1,Week 1,current_retrospective,2026-09-05T23:00:00.000Z,Houston Christian,Rice,FCS involved,fcs,fbs,False,3,31,28.0,27.22,-27.22,20.0,0.9132,-22.75,22.75,-0.78,-5.25,0.78,5.25,correct,correct,4.47,Rice,right_side,Pass - FCS low edge
2026,1,1,Week 1,current_retrospective,2026-09-05T23:00:00.000Z,Idaho State,Utah State,FCS involved,fcs,fbs,False,29,17,-12.0,32.81,-32.81,20.0,0.9495,-15.0,15.0,44.81,27.0,44.81,27.0,wrong,wrong,17.81,Utah State,wrong_side,Pass - FCS extreme edge
2026,1,1,Week 1,current_retrospective,2026-09-05T23:00:00.000Z,Missouri State,Texas A&M,FBS vs FBS,fbs,fbs,False,0,50,50.0,26.42,-26.42,16.0,0.9507,-39.5,39.5,-23.58,-10.5,23.58,10.5,correct,correct,-13.08,Missouri State,wrong_side,Standard
2026,1,1,Week 1,current_retrospective,2026-09-05T23:00:00.000Z,Murray State,Middle Tennessee,FCS involved,fcs,fbs,False,14,38,24.0,30.11,-30.11,20.0,0.9339,-22.5,22.5,6.11,-1.5,6.11,1.5,correct,correct,7.61,Middle Tennessee,right_side,Qualified FCS favorite
2026,1,1,Week 1,current_retrospective,2026-09-05T23:00:00.000Z,Nicholls,Kansas State,FCS involved,fcs,fbs,False,3,71,68.0,46.02,-46.02,20.0,0.9893,-41.25,41.25,-21.98,-26.75,21.98,26.75,correct,correct,4.77,Kansas State,right_side,Pass - FCS low edge
2026,1,1,Week 1,current_retrospective,2026-09-05T23:00:00.000Z,SE Louisiana,South Alabama,FCS involved,fcs,fbs,False,14,39,25.0,31.31,-31.31,20.0,0.9413,-13.75,13.75,6.31,-11.25,6.31,11.25,correct,correct,17.56,South Alabama,right_side,Pass - FCS extreme edge
2026,1,1,Week 1,current_retrospective,2026-09-05T23:00:00.000Z,Sam Houston,Troy,FBS vs FBS,fbs,fbs,False,21,24,3.0,10.1,-10.1,16.0,0.7361,-16.0,16.0,7.1,13.0,7.1,13.0,correct,correct,-5.9,Sam Houston,right_side,Standard
2026,1,1,Week 1,current_retrospective,2026-09-05T23:30:00.000Z,Clemson,LSU,FBS vs FBS,fbs,fbs,False,10,51,41.0,17.05,-17.05,16.0,0.8567,-10.0,10.0,-23.95,-31.0,23.95,31.0,correct,correct,7.05,LSU,right_side,Standard
2026,1,1,Week 1,current_retrospective,2026-09-05T23:30:00.000Z,Northwestern State,Louisiana Tech,FCS involved,fcs,fbs,False,6,80,74.0,30.69,-30.69,20.0,0.9375,-44.5,44.5,-43.31,-29.5,43.31,29.5,correct,correct,-13.81,Northwestern State,wrong_side,Pass - FCS underdog
2026,1,1,Week 1,current_retrospective,2026-09-05T23:30:00.000Z,UL Monroe,Mississippi State,FBS vs FBS,fbs,fbs,False,13,62,49.0,31.25,-31.25,16.0,0.9746,-28.5,28.5,-17.75,-20.5,17.75,20.5,correct,correct,2.75,Mississippi State,right_side,Standard
2026,1,1,Week 1,current_retrospective,2026-09-05T23:30:00.000Z,VMI,Virginia Tech,FCS involved,fcs,fbs,False,3,73,70.0,43.88,-43.88,20.0,0.9859,-54.5,54.5,-26.12,-15.5,26.12,15.5,correct,correct,-10.62,VMI,wrong_side,Pass - FCS underdog
2026,1,1,Week 1,current_retrospective,2026-09-05T23:30:00.000Z,Western Michigan,Michigan,FBS vs FBS,fbs,fbs,False,12,13,1.0,15.45,-15.45,16.0,0.8329,-27.5,27.5,14.45,26.5,14.45,26.5,correct,correct,-12.05,Western Michigan,right_side,Standard
2026,1,1,Week 1,current_retrospective,2026-09-05T23:45:00.000Z,Florida Atlantic,Florida,FBS vs FBS,fbs,fbs,False,21,66,45.0,23.69,-23.69,16.0,0.9306,-26.5,26.5,-21.31,-18.5,21.31,18.5,correct,correct,-2.81,Florida Atlantic,wrong_side,Standard
2026,1,1,Week 1,current_retrospective,2026-09-06T00:00:00.000Z,Hampton,Maryland,FCS involved,fcs,fbs,False,0,62,62.0,36.38,-36.38,20.0,0.9655,-45.5,45.5,-25.62,-16.5,25.62,16.5,correct,correct,-9.12,Hampton,wrong_side,Pass - FCS underdog
2026,1,1,Week 1,current_retrospective,2026-09-06T00:00:00.000Z,Lamar,Louisiana,FCS involved,fcs,fbs,False,7,38,31.0,36.14,-36.14,20.0,0.9646,-20.25,20.25,5.14,-10.75,5.14,10.75,correct,correct,15.89,Louisiana,right_side,Pass - FCS extreme edge
2026,1,1,Week 1,current_retrospective,2026-09-06T00:00:00.000Z,South Dakota State,Northwestern,FCS involved,fcs,fbs,False,18,34,16.0,46.99,-46.99,20.0,0.9906,-13.25,13.25,30.99,-2.75,30.99,2.75,correct,correct,33.74,Northwestern,right_side,Pass - FCS extreme edge
2026,1,1,Week 1,current_retrospective,2026-09-06T00:00:00.000Z,Utah Tech,BYU,FCS involved,fcs,fbs,False,7,63,56.0,48.49,-48.49,20.0,0.9923,-50.0,50.0,-7.51,-6.0,7.51,6.0,correct,correct,-1.51,Utah Tech,wrong_side,Pass - FCS underdog
2026,1,1,Week 1,current_retrospective,2026-09-06T01:00:00.000Z,Mercyhurst,New Mexico State,FCS involved,fcs,fbs,False,14,51,37.0,24.67,-24.67,20.0,0.8913,-29.0,29.0,-12.33,-8.0,12.33,8.0,correct,correct,-4.33,Mercyhurst,wrong_side,Pass - FCS underdog
2026,1,1,Week 1,current_retrospective,2026-09-06T01:30:00.000Z,Northern Arizona,Arizona,FCS involved,fcs,fbs,False,7,35,28.0,44.62,-44.62,20.0,0.9872,-32.5,32.5,16.62,4.5,16.62,4.5,correct,correct,12.12,Arizona,wrong_side,Qualified FCS favorite
2026,1,1,Week 1,current_retrospective,2026-09-06T01:30:00.000Z,Portland State,San Diego State,FCS involved,fcs,fbs,False,20,53,33.0,33.44,-33.44,20.0,0.9527,-39.5,39.5,0.44,6.5,0.44,6.5,correct,correct,-6.06,Portland State,right_side,Pass - FCS underdog
2026,1,1,Week 1,current_retrospective,2026-09-06T02:00:00.000Z,Central Michigan,New Mexico,FBS vs FBS,fbs,fbs,False,7,38,31.0,17.14,-17.14,16.0,0.858,-11.25,11.25,-13.86,-19.75,13.86,19.75,correct,correct,5.89,New Mexico,right_side,Standard
2026,1,1,Week 1,current_retrospective,2026-09-06T02:00:00.000Z,Mississippi Valley State,Sacramento State,FCS involved,fcs,fbs,False,0,52,52.0,19.14,-19.14,20.0,0.8307,-38.5,38.5,-32.86,-13.5,32.86,13.5,correct,correct,-19.36,Mississippi Valley State,wrong_side,Pass - FCS extreme edge
2026,1,1,Week 1,current_retrospective,2026-09-06T02:00:00.000Z,Morgan State,Arizona State,FCS involved,fcs,fbs,False,7,70,63.0,39.9,-39.9,20.0,0.977,-44.25,44.25,-23.1,-18.75,23.1,18.75,correct,correct,-4.35,Morgan State,wrong_side,Pass - FCS underdog
2026,1,1,Week 1,current_retrospective,2026-09-06T02:00:00.000Z,UNLV,Hawai'i,FBS vs FBS,fbs,fbs,False,21,6,-15.0,-5.64,5.64,16.0,0.3622,2.75,-2.75,9.36,12.25,9.36,12.25,correct,correct,-2.89,UNLV,right_side,Standard
2026,1,1,Week 1,current_retrospective,2026-09-06T02:30:00.000Z,UCLA,California,FBS vs FBS,fbs,fbs,False,45,24,-21.0,-11.13,11.13,16.0,0.2433,2.5,-2.5,9.87,18.5,9.87,18.5,correct,correct,-8.63,UCLA,right_side,Standard
2026,1,1,Week 1,current_retrospective,2026-09-06T02:30:00.000Z,Western Kentucky,Nevada,FBS vs FBS,fbs,fbs,False,14,49,35.0,10.57,-10.57,16.0,0.7456,0.25,-0.25,-24.43,-35.25,24.43,35.25,correct,wrong,10.82,Nevada,right_side,Standard
2026,1,1,Week 1,current_retrospective,2026-09-06T20:00:00.000Z,Washington State,Washington,FBS vs FBS,fbs,fbs,False,10,24,14.0,14.44,-14.44,16.0,0.8166,-23.25,23.25,0.44,9.25,0.44,9.25,correct,correct,-8.81,Washington State,right_side,Standard
2026,1,1,Week 1,current_retrospective,2026-09-06T23:30:00.000Z,Louisville,Ole Miss,FBS vs FBS,fbs,fbs,True,38,41,3.0,4.86,-4.86,16.0,0.6193,-6.5,6.5,1.86,3.5,1.86,3.5,correct,correct,-1.64,Louisville,right_side,Standard
2026,1,1,Week 1,current_retrospective,2026-09-06T23:30:00.000Z,Wisconsin,Notre Dame,FBS vs FBS,fbs,fbs,True,13,41,28.0,15.95,-15.95,16.0,0.8406,-20.75,20.75,-12.05,-7.25,12.05,7.25,correct,correct,-4.8,Wisconsin,wrong_side,Standard
2026,1,1,Week 1,current_retrospective,2026-09-07T23:30:00.000Z,SMU,Florida State,FBS vs FBS,fbs,fbs,False,27,24,-3.0,-0.06,0.06,16.0,0.4985,3.0,-3.0,2.94,0.0,2.94,0.0,correct,correct,2.94,Florida State,push,Standard
2026,2,2,Week 2,current_retrospective,2026-09-11T00:00:00.000Z,Florida A&M,Miami,FCS involved,fcs,fbs,False,7,77,70.0,59.04,-59.04,20.0,0.9984,-59.5,59.5,-10.96,-10.5,10.96,10.5,correct,correct,-0.46,Florida A&M,wrong_side,Pass - FCS underdog
2026,2,2,Week 2,current_retrospective,2026-09-11T23:00:00.000Z,Norfolk State,Virginia,FCS involved,fcs,fbs,False,3,59,56.0,45.95,-45.95,20.0,0.9892,-47.25,47.25,-10.05,-8.75,10.05,8.75,correct,correct,-1.3,Norfolk State,wrong_side,Pass - FCS underdog
2026,2,2,Week 2,current_retrospective,2026-09-11T23:00:00.000Z,Richmond,NC State,FCS involved,fcs,fbs,False,0,73,73.0,39.3,-39.3,20.0,0.9753,-33.25,33.25,-33.7,-39.75,33.7,39.75,correct,correct,6.05,NC State,right_side,Qualified FCS favorite
2026,2,2,Week 2,current_retrospective,2026-09-11T23:00:00.000Z,Villanova,Louisville,FCS involved,fcs,fbs,False,13,59,46.0,45.94,-45.94,20.0,0.9892,-39.0,39.0,-0.06,-7.0,0.06,7.0,correct,correct,6.94,Louisville,right_side,Qualified FCS favorite
2026,2,2,Week 2,current_retrospective,2026-09-11T23:30:00.000Z,Rutgers,Boston College,FBS vs FBS,fbs,fbs,False,21,28,7.0,1.29,-1.29,16.0,0.5321,-3.0,3.0,-5.71,-4.0,5.71,4.0,correct,correct,-1.71,Rutgers,wrong_side,Standard
2026,2,2,Week 2,current_retrospective,2026-09-12T00:00:00.000Z,Missouri,Kansas,FBS vs FBS,fbs,fbs,False,38,21,-17.0,-8.46,8.46,16.0,0.2985,4.0,-4.0,8.54,13.0,8.54,13.0,correct,correct,-4.46,Missouri,right_side,Standard
2026,2,2,Week 2,current_retrospective,2026-09-12T16:00:00.000Z,App State,East Carolina,FBS vs FBS,fbs,fbs,False,27,24,-3.0,3.52,-3.52,16.0,0.5871,-6.5,6.5,6.52,9.5,6.52,9.5,wrong,wrong,-2.98,App State,right_side,Standard
2026,2,2,Week 2,current_retrospective,2026-09-12T16:00:00.000Z,Arizona State,Texas A&M,FBS vs FBS,fbs,fbs,False,20,48,28.0,12.91,-12.91,16.0,0.7901,-15.25,15.25,-15.09,-12.75,15.09,12.75,correct,correct,-2.34,Arizona State,wrong_side,Standard
2026,2,2,Week 2,current_retrospective,2026-09-12T16:00:00.000Z,East Tennessee State,North Carolina,FCS involved,fcs,fbs,False,3,35,32.0,39.93,-39.93,20.0,0.9771,-36.0,36.0,7.93,4.0,7.93,4.0,correct,correct,3.93,North Carolina,wrong_side,Pass - FCS low edge
2026,2,2,Week 2,current_retrospective,2026-09-12T16:00:00.000Z,Gardner-Webb,Liberty,FCS involved,fcs,fbs,False,23,24,1.0,43.03,-43.03,20.0,0.9843,-28.5,28.5,42.03,27.5,42.03,27.5,correct,correct,14.53,Liberty,wrong_side,Qualified FCS favorite
2026,2,2,Week 2,current_retrospective,2026-09-12T16:00:00.000Z,Howard,Indiana,FCS involved,fcs,fbs,False,0,55,55.0,60.15,-60.15,20.0,0.9987,-57.5,57.5,5.15,2.5,5.15,2.5,correct,correct,2.65,Indiana,wrong_side,Pass - FCS low edge
2026,2,2,Week 2,current_retrospective,2026-09-12T16:00:00.000Z,Oklahoma,Michigan,FBS vs FBS,fbs,fbs,False,10,17,7.0,1.68,-1.68,16.0,0.5418,5.0,-5.0,-5.32,-12.0,5.32,12.0,correct,wrong,6.68,Michigan,right_side,Standard
2026,2,2,Week 2,current_retrospective,2026-09-12T16:00:00.000Z,Old Dominion,Virginia Tech,FBS vs FBS,fbs,fbs,False,21,44,23.0,17.93,-17.93,16.0,0.8688,-17.75,17.75,-5.07,-5.25,5.07,5.25,correct,correct,0.18,Virginia Tech,right_side,Standard
2026,2,2,Week 2,current_retrospective,2026-09-12T16:00:00.000Z,Oregon,Oklahoma State,FBS vs FBS,fbs,fbs,False,31,39,8.0,-14.08,14.08,16.0,0.1894,24.25,-24.25,-22.08,-32.25,22.08,32.25,wrong,wrong,10.17,Oklahoma State,right_side,Standard
2026,2,2,Week 2,current_retrospective,2026-09-12T16:00:00.000Z,Penn State,Temple,FBS vs FBS,fbs,fbs,False,27,9,-18.0,-17.39,17.39,16.0,0.1385,24.25,-24.25,0.61,-6.25,0.61,6.25,correct,correct,6.86,Temple,right_side,Standard
2026,2,2,Week 2,current_retrospective,2026-09-12T16:00:00.000Z,South Florida,Army,FBS vs FBS,fbs,fbs,False,28,24,-4.0,-2.67,2.67,16.0,0.4337,-3.0,3.0,1.33,7.0,1.33,7.0,correct,wrong,-5.67,South Florida,right_side,Standard
2026,2,2,Week 2,current_retrospective,2026-09-12T16:00:00.000Z,Wagner,James Madison,FCS involved,fcs,fbs,False,3,87,84.0,45.88,-45.88,20.0,0.9891,-46.5,46.5,-38.12,-37.5,38.12,37.5,correct,correct,-0.62,Wagner,wrong_side,Pass - FCS underdog
2026,2,2,Week 2,current_retrospective,2026-09-12T16:00:00.000Z,Wake Forest,Purdue,FBS vs FBS,fbs,fbs,False,38,36,-2.0,-4.37,4.37,16.0,0.3924,2.5,-2.5,-2.37,-0.5,2.37,0.5,correct,correct,-1.87,Wake Forest,wrong_side,Standard
2026,2,2,Week 2,current_retrospective,2026-09-12T16:00:00.000Z,Washington State,Kansas State,FBS vs FBS,fbs,fbs,False,7,34,27.0,15.54,-15.54,16.0,0.8343,-17.75,17.75,-11.46,-9.25,11.46,9.25,correct,correct,-2.21,Washington State,wrong_side,Standard
2026,2,2,Week 2,current_retrospective,2026-09-12T16:00:00.000Z,Wofford,Kent State,FCS involved,fcs,fbs,False,15,36,21.0,22.07,-22.07,20.0,0.8651,-10.5,10.5,1.07,-10.5,1.07,10.5,correct,correct,11.57,Kent State,right_side,Qualified FCS favorite
2026,2,2,Week 2,current_retrospective,2026-09-12T16:45:00.000Z,Western Kentucky,Georgia,FBS vs FBS,fbs,fbs,False,20,70,50.0,38.79,-38.79,16.0,0.9923,-40.25,40.25,-11.21,-9.75,11.21,9.75,correct,correct,-1.46,Western Kentucky,wrong_side,Standard
2026,2,2,Week 2,current_retrospective,2026-09-12T17:00:00.000Z,Colgate,Central Michigan,FCS involved,fcs,fbs,False,10,13,3.0,27.46,-27.46,20.0,0.9151,-18.5,18.5,24.46,15.5,24.46,15.5,correct,correct,8.96,Central Michigan,wrong_side,Qualified FCS favorite
2026,2,2,Week 2,current_retrospective,2026-09-12T17:00:00.000Z,Holy Cross,Miami (OH),FCS involved,fcs,fbs,False,7,45,38.0,30.62,-30.62,20.0,0.9371,-30.5,30.5,-7.38,-7.5,7.38,7.5,correct,correct,0.12,Miami (OH),right_side,Pass - FCS low edge
2026,2,2,Week 2,current_retrospective,2026-09-12T17:00:00.000Z,UT Martin,West Virginia,FCS involved,fcs,fbs,False,7,52,45.0,37.68,-37.68,20.0,0.9702,-41.5,41.5,-7.32,-3.5,7.32,3.5,correct,correct,-3.82,UT Martin,wrong_side,Pass - FCS underdog
2026,2,2,Week 2,current_retrospective,2026-09-12T18:00:00.000Z,Stony Brook,Ball State,FCS involved,fcs,fbs,False,17,41,24.0,21.28,-21.28,20.0,0.8563,-13.5,13.5,-2.72,-10.5,2.72,10.5,correct,correct,7.78,Ball State,right_side,Qualified FCS favorite
2026,2,2,Week 2,current_retrospective,2026-09-12T19:30:00.000Z,Alabama,Kentucky,FBS vs FBS,fbs,fbs,False,45,17,-28.0,-12.15,12.15,16.0,0.2238,8.75,-8.75,15.85,19.25,15.85,19.25,correct,correct,-3.4,Alabama,right_side,Standard
2026,2,2,Week 2,current_retrospective,2026-09-12T19:30:00.000Z,Arizona,BYU,FBS vs FBS,fbs,fbs,False,17,28,11.0,6.37,-6.37,16.0,0.6547,-6.75,6.75,-4.63,-4.25,4.63,4.25,correct,correct,-0.38,Arizona,wrong_side,Standard
2026,2,2,Week 2,current_retrospective,2026-09-12T19:30:00.000Z,California,Syracuse,FBS vs FBS,fbs,fbs,False,21,18,-3.0,2.49,-2.49,16.0,0.5618,-4.0,4.0,5.49,7.0,5.49,7.0,wrong,wrong,-1.51,California,right_side,Standard
2026,2,2,Week 2,current_retrospective,2026-09-12T19:30:00.000Z,Central Connecticut,Toledo,FCS involved,fcs,fbs,False,10,63,53.0,38.7,-38.7,20.0,0.9735,-36.5,36.5,-14.3,-16.5,14.3,16.5,correct,correct,2.2,Toledo,right_side,Pass - FCS low edge
2026,2,2,Week 2,current_retrospective,2026-09-12T19:30:00.000Z,Duke,Illinois,FBS vs FBS,fbs,fbs,False,31,27,-4.0,0.55,-0.55,16.0,0.5137,-6.25,6.25,4.55,10.25,4.55,10.25,wrong,wrong,-5.7,Duke,right_side,Standard
2026,2,2,Week 2,current_retrospective,2026-09-12T19:30:00.000Z,Eastern Michigan,Michigan State,FBS vs FBS,fbs,fbs,False,7,35,28.0,18.78,-18.78,16.0,0.8798,-17.5,17.5,-9.22,-10.5,9.22,10.5,correct,correct,1.28,Michigan State,right_side,Standard
2026,2,2,Week 2,current_retrospective,2026-09-12T19:30:00.000Z,Maryland,UConn,FBS vs FBS,fbs,fbs,False,38,14,-24.0,-1.37,1.37,16.0,0.4659,11.5,-11.5,22.63,12.5,22.63,12.5,correct,correct,10.13,UConn,wrong_side,Standard
2026,2,2,Week 2,current_retrospective,2026-09-12T19:30:00.000Z,Mississippi State,Minnesota,FBS vs FBS,fbs,fbs,False,38,13,-25.0,-6.7,6.7,16.0,0.3377,0.25,-0.25,18.3,24.75,18.3,24.75,correct,correct,-6.45,Mississippi State,right_side,Standard
2026,2,2,Week 2,current_retrospective,2026-09-12T19:30:00.000Z,Rice,Notre Dame,FBS vs FBS,fbs,fbs,False,0,52,52.0,37.91,-37.91,16.0,0.9911,-44.75,44.75,-14.09,-7.25,14.09,7.25,correct,correct,-6.84,Rice,wrong_side,Standard
2026,2,2,Week 2,current_retrospective,2026-09-12T19:30:00.000Z,Robert Morris,Akron,FCS involved,fcs,fbs,False,10,45,35.0,17.87,-17.87,20.0,0.8142,-26.5,26.5,-17.13,-8.5,17.13,8.5,correct,correct,-8.63,Robert Morris,wrong_side,Pass - FCS underdog
2026,2,2,Week 2,current_retrospective,2026-09-12T19:30:00.000Z,Sacred Heart,Massachusetts,FCS involved,fcs,fbs,False,10,37,27.0,32.84,-32.84,20.0,0.9497,-23.5,23.5,5.84,-3.5,5.84,3.5,correct,correct,9.34,Massachusetts,right_side,Qualified FCS favorite
2026,2,2,Week 2,current_retrospective,2026-09-12T19:30:00.000Z,UCF,Pittsburgh,FBS vs FBS,fbs,fbs,False,7,12,5.0,7.14,-7.14,16.0,0.6723,-7.25,7.25,2.14,2.25,2.14,2.25,correct,correct,-0.11,UCF,right_side,Standard
2026,2,2,Week 2,current_retrospective,2026-09-12T19:30:00.000Z,UL Monroe,UAB,FBS vs FBS,fbs,fbs,False,20,26,6.0,11.85,-11.85,16.0,0.7705,-9.25,9.25,5.85,3.25,5.85,3.25,correct,correct,2.6,UAB,wrong_side,Standard
2026,2,2,Week 2,current_retrospective,2026-09-12T19:30:00.000Z,UTSA,Texas State,FBS vs FBS,fbs,fbs,False,31,26,-5.0,-0.24,0.24,16.0,0.494,-1.5,1.5,4.76,6.5,4.76,6.5,correct,wrong,-1.74,UTSA,right_side,Standard
2026,2,2,Week 2,current_retrospective,2026-09-12T19:30:00.000Z,Utah State,Washington,FBS vs FBS,fbs,fbs,False,14,16,2.0,14.61,-14.61,16.0,0.8194,-28.5,28.5,12.61,26.5,12.61,26.5,correct,correct,-13.89,Utah State,right_side,Standard
2026,2,2,Week 2,current_retrospective,2026-09-12T19:30:00.000Z,Weber State,Colorado,FCS involved,fcs,fbs,False,21,52,31.0,34.9,-34.9,20.0,0.9595,-38.5,38.5,3.9,7.5,3.9,7.5,correct,correct,-3.6,Weber State,right_side,Pass - FCS underdog
2026,2,2,Week 2,current_retrospective,2026-09-12T19:45:00.000Z,UNLV,North Texas,FBS vs FBS,fbs,fbs,False,6,44,38.0,4.08,-4.08,16.0,0.6006,2.75,-2.75,-33.92,-40.75,33.92,40.75,correct,wrong,6.83,North Texas,right_side,Standard
2026,2,2,Week 2,current_retrospective,2026-09-12T20:00:00.000Z,Alabama State,Troy,FCS involved,fcs,fbs,False,17,34,17.0,31.83,-31.83,20.0,0.9443,-23.75,23.75,14.83,6.75,14.83,6.75,correct,correct,8.08,Troy,wrong_side,Qualified FCS favorite
2026,2,2,Week 2,current_retrospective,2026-09-12T20:00:00.000Z,Mercyhurst,New Mexico,FCS involved,fcs,fbs,False,7,70,63.0,42.1,-42.1,20.0,0.9824,-42.25,42.25,-20.9,-20.75,20.9,20.75,correct,correct,-0.15,Mercyhurst,wrong_side,Pass - FCS underdog
2026,2,2,Week 2,current_retrospective,2026-09-12T20:00:00.000Z,Northern Colorado,Wyoming,FCS involved,fcs,fbs,False,13,21,8.0,28.2,-28.2,20.0,0.9207,-23.5,23.5,20.2,15.5,20.2,15.5,correct,correct,4.7,Wyoming,wrong_side,Pass - FCS low edge
2026,2,2,Week 2,current_retrospective,2026-09-12T20:00:00.000Z,UC Davis,SMU,FCS involved,fcs,fbs,False,10,56,46.0,45.06,-45.06,20.0,0.9879,-32.5,32.5,-0.94,-13.5,0.94,13.5,correct,correct,12.56,SMU,right_side,Qualified FCS favorite
2026,2,2,Week 2,current_retrospective,2026-09-12T20:15:00.000Z,Delaware,Vanderbilt,FBS vs FBS,fbs,fbs,False,26,35,9.0,15.87,-15.87,16.0,0.8394,-20.75,20.75,6.87,11.75,6.87,11.75,correct,correct,-4.88,Delaware,right_side,Standard
2026,2,2,Week 2,current_retrospective,2026-09-12T21:30:00.000Z,Campbell,Florida,FCS involved,fcs,fbs,False,3,52,49.0,55.3,-55.3,20.0,0.9972,-51.5,51.5,6.3,2.5,6.3,2.5,correct,correct,3.8,Florida,wrong_side,Pass - FCS low edge
2026,2,2,Week 2,current_retrospective,2026-09-12T22:00:00.000Z,Buffalo,Florida International,FBS vs FBS,fbs,fbs,False,20,33,13.0,10.15,-10.15,16.0,0.7371,-8.75,8.75,-2.85,-4.25,2.85,4.25,correct,correct,1.4,Florida International,right_side,Standard
2026,2,2,Week 2,current_retrospective,2026-09-12T22:00:00.000Z,Jacksonville State,Ohio,FBS vs FBS,fbs,fbs,False,27,29,2.0,-0.61,0.61,16.0,0.4848,-1.75,1.75,-2.61,-0.25,2.61,0.25,wrong,correct,-2.36,Jacksonville State,wrong_side,Standard
2026,2,2,Week 2,current_retrospective,2026-09-12T22:00:00.000Z,Memphis,Boise State,FBS vs FBS,fbs,fbs,False,20,38,18.0,10.31,-10.31,16.0,0.7403,-9.25,9.25,-7.69,-8.75,7.69,8.75,correct,correct,1.06,Boise State,right_side,Standard
2026,2,2,Week 2,current_retrospective,2026-09-12T22:30:00.000Z,Monmouth,Western Michigan,FCS involved,fcs,fbs,False,14,49,35.0,35.5,-35.5,20.0,0.9621,-29.0,29.0,0.5,-6.0,0.5,6.0,correct,correct,6.5,Western Michigan,right_side,Qualified FCS favorite
2026,2,2,Week 2,current_retrospective,2026-09-12T23:00:00.000Z,Bowling Green,Nebraska,FBS vs FBS,fbs,fbs,False,7,56,49.0,29.74,-29.74,16.0,0.9685,-30.5,30.5,-19.26,-18.5,19.26,18.5,correct,correct,-0.76,Bowling Green,wrong_side,Standard
2026,2,2,Week 2,current_retrospective,2026-09-12T23:00:00.000Z,Georgia State,Kennesaw State,FBS vs FBS,fbs,fbs,False,31,17,-14.0,-3.22,3.22,16.0,0.4203,-7.5,7.5,10.78,21.5,10.78,21.5,correct,wrong,-10.72,Georgia State,right_side,Standard
2026,2,2,Week 2,current_retrospective,2026-09-12T23:00:00.000Z,Illinois State,Northern Illinois,FCS involved,fcs,fbs,False,28,24,-4.0,22.91,-22.91,20.0,0.874,2.5,-2.5,26.91,1.5,26.91,1.5,wrong,correct,25.41,Northern Illinois,wrong_side,Pass - FCS extreme edge
2026,2,2,Week 2,current_retrospective,2026-09-12T23:00:00.000Z,Lindenwood,Missouri State,FCS involved,fcs,fbs,False,14,48,34.0,26.39,-26.39,20.0,0.9065,-16.75,16.75,-7.61,-17.25,7.61,17.25,correct,correct,9.64,Missouri State,right_side,Qualified FCS favorite
2026,2,2,Week 2,current_retrospective,2026-09-12T23:00:00.000Z,Middle Tennessee,Marshall,FBS vs FBS,fbs,fbs,False,26,28,2.0,4.59,-4.59,16.0,0.6129,-12.25,12.25,2.59,10.25,2.59,10.25,correct,correct,-7.66,Middle Tennessee,right_side,Standard
2026,2,2,Week 2,current_retrospective,2026-09-12T23:00:00.000Z,South Alabama,Tulane,FBS vs FBS,fbs,fbs,False,24,28,4.0,6.51,-6.51,16.0,0.658,-9.5,9.5,2.51,5.5,2.51,5.5,correct,correct,-2.99,South Alabama,right_side,Standard
2026,2,2,Week 2,current_retrospective,2026-09-12T23:00:00.000Z,Southern,Houston,FCS involved,fcs,fbs,False,6,77,71.0,46.06,-46.06,20.0,0.9894,-51.75,51.75,-24.94,-19.25,24.94,19.25,correct,correct,-5.69,Southern,wrong_side,Pass - FCS underdog
2026,2,2,Week 2,current_retrospective,2026-09-12T23:00:00.000Z,Southern Utah,Colorado State,FCS involved,fcs,fbs,False,24,58,34.0,31.63,-31.63,20.0,0.9431,-19.75,19.75,-2.37,-14.25,2.37,14.25,correct,correct,11.88,Colorado State,right_side,Qualified FCS favorite
2026,2,2,Week 2,current_retrospective,2026-09-12T23:00:00.000Z,Tennessee,Georgia Tech,FBS vs FBS,fbs,fbs,False,45,24,-21.0,-14.27,14.27,16.0,0.1862,12.5,-12.5,6.73,8.5,6.73,8.5,correct,correct,-1.77,Tennessee,right_side,Standard
2026,2,2,Week 2,current_retrospective,2026-09-12T23:00:00.000Z,Towson,South Carolina,FCS involved,fcs,fbs,False,9,45,36.0,45.21,-45.21,20.0,0.9881,-44.5,44.5,9.21,8.5,9.21,8.5,correct,correct,0.71,South Carolina,wrong_side,Pass - FCS low edge
2026,2,2,Week 2,current_retrospective,2026-09-12T23:00:00.000Z,Tulsa,Sam Houston,FBS vs FBS,fbs,fbs,False,23,17,-6.0,-5.28,5.28,16.0,0.3707,12.0,-12.0,0.72,-6.0,0.72,6.0,correct,correct,6.72,Sam Houston,right_side,Standard
2026,2,2,Week 2,current_retrospective,2026-09-12T23:00:00.000Z,West Georgia,Arkansas State,FCS involved,fcs,fbs,False,7,52,45.0,28.97,-28.97,20.0,0.9263,-31.5,31.5,-16.03,-13.5,16.03,13.5,correct,correct,-2.53,West Georgia,wrong_side,Pass - FCS underdog
2026,2,2,Week 2,current_retrospective,2026-09-12T23:00:00.000Z,Western Carolina,Cincinnati,FCS involved,fcs,fbs,False,10,62,52.0,40.22,-40.22,20.0,0.9778,-36.5,36.5,-11.78,-15.5,11.78,15.5,correct,correct,3.72,Cincinnati,right_side,Pass - FCS low edge
2026,2,2,Week 2,current_retrospective,2026-09-12T23:15:00.000Z,San Diego State,UCLA,FBS vs FBS,fbs,fbs,False,10,28,18.0,17.38,-17.38,16.0,0.8613,-13.5,13.5,-0.62,-4.5,0.62,4.5,correct,correct,3.88,UCLA,right_side,Standard
2026,2,2,Week 2,current_retrospective,2026-09-12T23:15:00.000Z,Western Illinois,Wisconsin,FCS involved,fcs,fbs,False,9,36,27.0,46.68,-46.68,20.0,0.9902,-43.25,43.25,19.68,16.25,19.68,16.25,correct,correct,3.43,Wisconsin,wrong_side,Pass - FCS low edge
2026,2,2,Week 2,current_retrospective,2026-09-12T23:30:00.000Z,Fordham,Coastal Carolina,FCS involved,fcs,fbs,False,7,45,38.0,28.68,-28.68,20.0,0.9242,-37.0,37.0,-9.32,-1.0,9.32,1.0,correct,correct,-8.32,Fordham,wrong_side,Pass - FCS underdog
2026,2,2,Week 2,current_retrospective,2026-09-12T23:30:00.000Z,Georgia Southern,Clemson,FBS vs FBS,fbs,fbs,False,7,22,15.0,14.1,-14.1,16.0,0.8109,-20.0,20.0,-0.9,5.0,0.9,5.0,correct,correct,-5.9,Georgia Southern,right_side,Standard
2026,2,2,Week 2,current_retrospective,2026-09-12T23:30:00.000Z,Iowa State,Iowa,FBS vs FBS,fbs,fbs,False,13,16,3.0,8.06,-8.06,16.0,0.6928,-14.0,14.0,5.06,11.0,5.06,11.0,correct,correct,-5.94,Iowa State,right_side,Standard
2026,2,2,Week 2,current_retrospective,2026-09-12T23:30:00.000Z,Louisiana Tech,LSU,FBS vs FBS,fbs,fbs,False,14,45,31.0,29.49,-29.49,16.0,0.9673,-34.75,34.75,-1.51,3.75,1.51,3.75,correct,correct,-5.26,Louisiana Tech,right_side,Standard
2026,2,2,Week 2,current_retrospective,2026-09-12T23:30:00.000Z,Navy,Florida Atlantic,FBS vs FBS,fbs,fbs,False,30,38,8.0,2.94,-2.94,16.0,0.5729,4.5,-4.5,-5.06,-12.5,5.06,12.5,correct,wrong,7.44,Florida Atlantic,right_side,Standard
2026,2,2,Week 2,current_retrospective,2026-09-12T23:30:00.000Z,Ohio State,Texas,FBS vs FBS,fbs,fbs,False,23,24,1.0,1.73,-1.73,16.0,0.5431,-2.25,2.25,0.73,1.25,0.73,1.25,correct,correct,-0.52,Ohio State,right_side,Standard
2026,2,2,Week 2,current_retrospective,2026-09-12T23:30:00.000Z,Texas Tech,Oregon State,FBS vs FBS,fbs,fbs,False,35,24,-11.0,-14.29,14.29,16.0,0.1859,25.5,-25.5,-3.29,-14.5,3.29,14.5,correct,correct,11.21,Oregon State,right_side,Standard
2026,2,2,Week 2,current_retrospective,2026-09-12T23:45:00.000Z,Charlotte,Ole Miss,FBS vs FBS,fbs,fbs,False,9,41,32.0,31.74,-31.74,16.0,0.9764,-44.5,44.5,-0.26,12.5,0.26,12.5,correct,correct,-12.76,Charlotte,right_side,Standard
2026,2,2,Week 2,current_retrospective,2026-09-12T23:45:00.000Z,Southern Miss,Auburn,FBS vs FBS,fbs,fbs,False,8,43,35.0,26.28,-26.28,16.0,0.9498,-32.75,32.75,-8.72,-2.25,8.72,2.25,correct,correct,-6.47,Southern Miss,wrong_side,Standard
2026,2,2,Week 2,current_retrospective,2026-09-13T00:00:00.000Z,Grambling,TCU,FCS involved,fcs,fbs,False,7,63,56.0,41.67,-41.67,20.0,0.9814,-44.5,44.5,-14.33,-11.5,14.33,11.5,correct,correct,-2.83,Grambling,wrong_side,Pass - FCS underdog
2026,2,2,Week 2,current_retrospective,2026-09-13T00:08:00.000Z,Prairie View A&M,Baylor,FCS involved,fcs,fbs,False,3,44,41.0,43.03,-43.03,20.0,0.9843,-37.5,37.5,2.03,-3.5,2.03,3.5,correct,correct,5.53,Baylor,right_side,Qualified FCS favorite
2026,2,2,Week 2,current_retrospective,2026-09-13T01:00:00.000Z,Cal Poly,San José State,FCS involved,fcs,fbs,False,20,30,10.0,30.94,-30.94,20.0,0.9391,-21.5,21.5,20.94,11.5,20.94,11.5,correct,correct,9.44,San José State,wrong_side,Qualified FCS favorite
2026,2,2,Week 2,current_retrospective,2026-09-13T01:00:00.000Z,Texas Southern,UTEP,FCS involved,fcs,fbs,False,10,51,41.0,19.25,-19.25,20.0,0.8321,-27.25,27.25,-21.75,-13.75,21.75,13.75,correct,correct,-8.0,Texas Southern,wrong_side,Pass - FCS underdog
2026,2,2,Week 2,current_retrospective,2026-09-13T02:00:00.000Z,North Dakota State,Air Force,FBS vs FBS,fbs,fbs,False,38,32,-6.0,-5.38,5.38,16.0,0.3683,1.75,-1.75,0.62,4.25,0.62,4.25,correct,correct,-3.63,North Dakota State,right_side,Standard
2026,2,2,Week 2,current_retrospective,2026-09-13T02:15:00.000Z,Arkansas,Utah,FBS vs FBS,fbs,fbs,False,10,43,33.0,18.48,-18.48,16.0,0.876,-13.0,13.0,-14.52,-20.0,14.52,20.0,correct,correct,5.48,Utah,right_side,Standard
2026,2,2,Week 2,current_retrospective,2026-09-13T02:30:00.000Z,Montana State,Nevada,FCS involved,fcs,fbs,False,20,7,-13.0,33.88,-33.88,20.0,0.9549,5.0,-5.0,46.88,8.0,46.88,8.0,wrong,correct,38.88,Nevada,wrong_side,Pass - FCS extreme edge
2026,2,2,Week 2,current_retrospective,2026-09-13T02:30:00.000Z,Sacramento State,Fresno State,FBS vs FBS,fbs,fbs,False,3,49,46.0,21.86,-21.86,16.0,0.9141,-18.0,18.0,-24.14,-28.0,24.14,28.0,correct,correct,3.86,Fresno State,right_side,Standard
2026,2,2,Week 2,current_retrospective,2026-09-13T03:00:00.000Z,Louisiana,USC,FBS vs FBS,fbs,fbs,False,30,49,19.0,18.77,-18.77,16.0,0.8796,-30.75,30.75,-0.23,11.75,0.23,11.75,correct,correct,-11.98,Louisiana,right_side,Standard
2026,2,2,Week 2,current_retrospective,2026-09-13T03:59:00.000Z,New Mexico State,Hawai'i,FBS vs FBS,fbs,fbs,False,19,29,10.0,6.25,-6.25,16.0,0.652,-7.5,7.5,-3.75,-2.5,3.75,2.5,correct,correct,-1.25,New Mexico State,wrong_side,Standard
2026,3,3,Week 3,current_retrospective,2026-09-17T23:30:00.000Z,Syracuse,Pittsburgh,FBS vs FBS,fbs,fbs,False,13,27,14.0,13.59,-13.59,16.0,0.8022,-10.75,10.75,-0.41,-3.25,0.41,3.25,correct,correct,2.84,Pittsburgh,right_side,Standard
2026,3,3,Week 3,current_retrospective,2026-09-18T23:30:00.000Z,Miami,Wake Forest,FBS vs FBS,fbs,fbs,False,33,20,-13.0,-15.79,15.79,16.0,0.1619,20.25,-20.25,-2.79,-7.25,2.79,7.25,correct,correct,4.46,Wake Forest,right_side,Standard
2026,3,3,Week 3,current_retrospective,2026-09-19T00:00:00.000Z,Houston,Texas Tech,FBS vs FBS,fbs,fbs,False,26,28,2.0,8.45,-8.45,16.0,0.7013,-8.0,8.0,6.45,6.0,6.45,6.0,correct,correct,0.45,Texas Tech,wrong_side,Standard
2026,3,3,Week 3,current_retrospective,2026-09-19T02:30:00.000Z,Portland State,Oregon,FCS involved,fcs,fbs,False,0,84,84.0,56.26,-56.26,20.0,0.9975,-58.5,58.5,-27.74,-25.5,27.74,25.5,correct,correct,-2.24,Portland State,wrong_side,Pass - FCS underdog
2026,3,3,Week 3,current_retrospective,2026-09-19T15:30:00.000Z,Coastal Carolina,Delaware,FBS vs FBS,fbs,fbs,False,14,22,8.0,3.11,-3.11,16.0,0.5771,-5.0,5.0,-4.89,-3.0,4.89,3.0,correct,correct,-1.89,Coastal Carolina,wrong_side,Standard
2026,3,3,Week 3,current_retrospective,2026-09-19T16:00:00.000Z,Akron,Minnesota,FBS vs FBS,fbs,fbs,False,7,41,34.0,24.8,-24.8,16.0,0.9394,-22.5,22.5,-9.2,-11.5,9.2,11.5,correct,correct,2.3,Minnesota,right_side,Standard
2026,3,3,Week 3,current_retrospective,2026-09-19T16:00:00.000Z,Arizona State,Kansas,FBS vs FBS,fbs,fbs,True,24,17,-7.0,-4.23,4.23,16.0,0.3957,5.25,-5.25,2.77,1.75,2.77,1.75,correct,correct,1.02,Kansas,wrong_side,Standard
2026,3,3,Week 3,current_retrospective,2026-09-19T16:00:00.000Z,Bowling Green,Iowa State,FBS vs FBS,fbs,fbs,False,7,55,48.0,22.79,-22.79,16.0,0.9228,-22.75,22.75,-25.21,-25.25,25.21,25.25,correct,correct,0.04,Iowa State,right_side,Standard
2026,3,3,Week 3,current_retrospective,2026-09-19T16:00:00.000Z,Buffalo,Penn State,FBS vs FBS,fbs,fbs,False,13,55,42.0,30.04,-30.04,16.0,0.9698,-39.75,39.75,-11.96,-2.25,11.96,2.25,correct,correct,-9.71,Buffalo,wrong_side,Standard
2026,3,3,Week 3,current_retrospective,2026-09-19T16:00:00.000Z,Georgia,Arkansas,FBS vs FBS,fbs,fbs,False,45,17,-28.0,-20.42,20.42,16.0,0.1009,24.5,-24.5,7.58,3.5,7.58,3.5,correct,correct,4.08,Arkansas,wrong_side,Standard
2026,3,3,Week 3,current_retrospective,2026-09-19T16:00:00.000Z,Kent State,Ohio State,FBS vs FBS,fbs,fbs,False,3,59,56.0,40.77,-40.77,16.0,0.9946,-52.25,52.25,-15.23,-3.75,15.23,3.75,correct,correct,-11.48,Kent State,wrong_side,Standard
2026,3,3,Week 3,current_retrospective,2026-09-19T16:00:00.000Z,Mercer,Georgia Tech,FCS involved,fcs,fbs,False,11,44,33.0,35.57,-35.57,20.0,0.9623,-38.5,38.5,2.57,5.5,2.57,5.5,correct,correct,-2.93,Mercer,right_side,Pass - FCS underdog
2026,3,3,Week 3,current_retrospective,2026-09-19T16:00:00.000Z,North Carolina,Clemson,FBS vs FBS,fbs,fbs,False,20,28,8.0,5.7,-5.7,16.0,0.6392,-3.0,3.0,-2.3,-5.0,2.3,5.0,correct,correct,2.7,Clemson,right_side,Standard
2026,3,3,Week 3,current_retrospective,2026-09-19T16:00:00.000Z,North Texas,Texas State,FBS vs FBS,fbs,fbs,False,35,49,14.0,1.43,-1.43,16.0,0.5356,-3.0,3.0,-12.57,-11.0,12.57,11.0,correct,correct,-1.57,North Texas,wrong_side,Standard
2026,3,3,Week 3,current_retrospective,2026-09-19T16:00:00.000Z,Tulane,Kansas State,FBS vs FBS,fbs,fbs,False,20,31,11.0,13.2,-13.2,16.0,0.7953,-20.5,20.5,2.2,9.5,2.2,9.5,correct,correct,-7.3,Tulane,right_side,Standard
2026,3,3,Week 3,current_retrospective,2026-09-19T16:30:00.000Z,Eastern Michigan,Wisconsin,FBS vs FBS,fbs,fbs,False,10,54,44.0,24.5,-24.5,16.0,0.9371,-23.5,23.5,-19.5,-20.5,19.5,20.5,correct,correct,1.0,Wisconsin,right_side,Standard
2026,3,3,Week 3,current_retrospective,2026-09-19T16:45:00.000Z,NC State,Vanderbilt,FBS vs FBS,fbs,fbs,False,31,35,4.0,5.86,-5.86,16.0,0.6429,-3.0,3.0,1.86,-1.0,1.86,1.0,correct,correct,2.86,Vanderbilt,right_side,Standard
2026,3,3,Week 3,current_retrospective,2026-09-19T17:00:00.000Z,Wyoming,Central Michigan,FBS vs FBS,fbs,fbs,False,10,24,14.0,1.76,-1.76,16.0,0.5438,1.75,-1.75,-12.24,-15.75,12.24,15.75,correct,wrong,3.51,Central Michigan,right_side,Standard
2026,3,3,Week 3,current_retrospective,2026-09-19T18:00:00.000Z,Maine,Boston College,FCS involved,fcs,fbs,False,16,22,6.0,33.19,-33.19,20.0,0.9515,-37.5,37.5,27.19,31.5,27.19,31.5,correct,correct,-4.31,Maine,right_side,Pass - FCS underdog
2026,3,3,Week 3,current_retrospective,2026-09-19T18:00:00.000Z,Southern Illinois,Illinois,FCS involved,fcs,fbs,False,10,48,38.0,42.67,-42.67,20.0,0.9836,-34.75,34.75,4.67,-3.25,4.67,3.25,correct,correct,7.92,Illinois,right_side,Qualified FCS favorite
2026,3,3,Week 3,current_retrospective,2026-09-19T19:00:00.000Z,Temple,Toledo,FBS vs FBS,fbs,fbs,False,48,49,1.0,8.09,-8.09,16.0,0.6934,-4.75,4.75,7.09,3.75,7.09,3.75,correct,correct,3.34,Toledo,wrong_side,Standard
2026,3,3,Week 3,current_retrospective,2026-09-19T19:30:00.000Z,Duquesne,Washington State,FCS involved,fcs,fbs,False,7,48,41.0,32.98,-32.98,20.0,0.9504,-38.5,38.5,-8.02,-2.5,8.02,2.5,correct,correct,-5.52,Duquesne,wrong_side,Pass - FCS underdog
2026,3,3,Week 3,current_retrospective,2026-09-19T19:30:00.000Z,Florida State,Alabama,FBS vs FBS,fbs,fbs,False,36,50,14.0,19.41,-19.41,16.0,0.8875,-18.5,18.5,5.41,4.5,5.41,4.5,correct,correct,0.91,Alabama,wrong_side,Standard
2026,3,3,Week 3,current_retrospective,2026-09-19T19:30:00.000Z,Kentucky,Texas A&M,FBS vs FBS,fbs,fbs,False,31,21,-10.0,8.05,-8.05,16.0,0.6926,-16.5,16.5,18.05,26.5,18.05,26.5,wrong,wrong,-8.45,Kentucky,right_side,Standard
2026,3,3,Week 3,current_retrospective,2026-09-19T19:30:00.000Z,Miami (OH),Cincinnati,FBS vs FBS,fbs,fbs,False,31,35,4.0,12.1,-12.1,16.0,0.7753,-14.5,14.5,8.1,10.5,8.1,10.5,correct,correct,-2.4,Miami (OH),right_side,Standard
2026,3,3,Week 3,current_retrospective,2026-09-19T19:30:00.000Z,SMU,Louisville,FBS vs FBS,fbs,fbs,False,31,41,10.0,3.38,-3.38,16.0,0.5837,-3.0,3.0,-6.62,-7.0,6.62,7.0,correct,correct,0.38,Louisville,right_side,Standard
2026,3,3,Week 3,current_retrospective,2026-09-19T19:30:00.000Z,Stonehill,Massachusetts,FCS involved,fcs,fbs,False,14,36,22.0,32.84,-32.84,20.0,0.9497,-30.75,30.75,10.84,8.75,10.84,8.75,correct,correct,2.09,Massachusetts,wrong_side,Pass - FCS low edge
2026,3,3,Week 3,current_retrospective,2026-09-19T19:30:00.000Z,USC,Rutgers,FBS vs FBS,fbs,fbs,False,42,35,-7.0,-15.51,15.51,16.0,0.1662,21.0,-21.0,-8.51,-14.0,8.51,14.0,correct,correct,5.49,Rutgers,right_side,Standard
2026,3,3,Week 3,current_retrospective,2026-09-19T19:30:00.000Z,UTEP,Michigan,FBS vs FBS,fbs,fbs,False,17,52,35.0,31.7,-31.7,16.0,0.9762,-34.5,34.5,-3.3,-0.5,3.3,0.5,correct,correct,-2.8,UTEP,wrong_side,Standard
2026,3,3,Week 3,current_retrospective,2026-09-19T19:30:00.000Z,Utah State,Utah,FBS vs FBS,fbs,fbs,False,0,33,33.0,24.85,-24.85,16.0,0.9398,-26.25,26.25,-8.15,-6.75,8.15,6.75,correct,correct,-1.4,Utah State,wrong_side,Standard
2026,3,3,Week 3,current_retrospective,2026-09-19T19:30:00.000Z,Wagner,California,FCS involved,fcs,fbs,False,7,49,42.0,34.69,-34.69,20.0,0.9586,-58.0,58.0,-7.31,16.0,7.31,16.0,correct,correct,-23.31,Wagner,right_side,Pass - FCS extreme edge
2026,3,3,Week 3,current_retrospective,2026-09-19T20:00:00.000Z,Ball State,Liberty,FBS vs FBS,fbs,fbs,False,15,51,36.0,24.25,-24.25,16.0,0.9352,-14.5,14.5,-11.75,-21.5,11.75,21.5,correct,correct,9.75,Liberty,right_side,Standard
2026,3,3,Week 3,current_retrospective,2026-09-19T20:00:00.000Z,Louisiana Tech,Baylor,FBS vs FBS,fbs,fbs,False,19,36,17.0,14.84,-14.84,16.0,0.8232,-20.25,20.25,-2.16,3.25,2.16,3.25,correct,correct,-5.41,Louisiana Tech,right_side,Standard
2026,3,3,Week 3,current_retrospective,2026-09-19T20:00:00.000Z,Northern Iowa,Iowa,FCS involved,fcs,fbs,False,0,55,55.0,49.48,-49.48,20.0,0.9933,-37.5,37.5,-5.52,-17.5,5.52,17.5,correct,correct,11.98,Iowa,right_side,Qualified FCS favorite
2026,3,3,Week 3,current_retrospective,2026-09-19T20:00:00.000Z,Stanford,Duke,FBS vs FBS,fbs,fbs,False,7,35,28.0,15.47,-15.47,16.0,0.8332,-9.75,9.75,-12.53,-18.25,12.53,18.25,correct,correct,5.72,Duke,right_side,Standard
2026,3,3,Week 3,current_retrospective,2026-09-19T20:00:00.000Z,Western Kentucky,Indiana,FBS vs FBS,fbs,fbs,False,0,38,38.0,36.84,-36.84,16.0,0.9893,-44.75,44.75,-1.16,6.75,1.16,6.75,correct,correct,-7.91,Western Kentucky,right_side,Standard
2026,3,3,Week 3,current_retrospective,2026-09-19T20:15:00.000Z,Mississippi State,South Carolina,FBS vs FBS,fbs,fbs,False,41,34,-7.0,-1.66,1.66,16.0,0.4587,-3.0,3.0,5.34,10.0,5.34,10.0,correct,wrong,-4.66,Mississippi State,right_side,Standard
2026,3,3,Week 3,current_retrospective,2026-09-19T20:30:00.000Z,SE Louisiana,UL Monroe,FCS involved,fcs,fbs,False,38,35,-3.0,20.62,-20.62,20.0,0.8487,-9.75,9.75,23.62,12.75,23.62,12.75,wrong,wrong,10.87,UL Monroe,wrong_side,Qualified FCS favorite
2026,3,3,Week 3,current_retrospective,2026-09-19T22:00:00.000Z,Charlotte,App State,FBS vs FBS,fbs,fbs,False,21,26,5.0,13.23,-13.23,16.0,0.7958,-16.25,16.25,8.23,11.25,8.23,11.25,correct,correct,-3.02,Charlotte,right_side,Standard
2026,3,3,Week 3,current_retrospective,2026-09-19T22:00:00.000Z,East Carolina,Old Dominion,FBS vs FBS,fbs,fbs,False,20,17,-3.0,-2.36,2.36,16.0,0.4414,-2.5,2.5,0.64,5.5,0.64,5.5,correct,wrong,-4.86,East Carolina,right_side,Standard
2026,3,3,Week 3,current_retrospective,2026-09-19T22:00:00.000Z,Florida International,Florida Atlantic,FBS vs FBS,fbs,fbs,False,10,16,6.0,3.5,-3.5,16.0,0.5866,-5.25,5.25,-2.5,-0.75,2.5,0.75,correct,correct,-1.75,Florida International,wrong_side,Standard
2026,3,3,Week 3,current_retrospective,2026-09-19T22:30:00.000Z,Marshall,Missouri State,FBS vs FBS,fbs,fbs,False,30,24,-6.0,-3.31,3.31,16.0,0.4181,4.0,-4.0,2.69,2.0,2.69,2.0,correct,correct,0.69,Missouri State,wrong_side,Standard
2026,3,3,Week 3,current_retrospective,2026-09-19T23:00:00.000Z,Delaware State,South Florida,FCS involved,fcs,fbs,False,17,59,42.0,40.72,-40.72,20.0,0.9791,-37.5,37.5,-1.28,-4.5,1.28,4.5,correct,correct,3.22,South Florida,right_side,Pass - FCS low edge
2026,3,3,Week 3,current_retrospective,2026-09-19T23:00:00.000Z,Florida,Auburn,FBS vs FBS,fbs,fbs,False,44,39,-5.0,-5.42,5.42,16.0,0.3674,2.5,-2.5,-0.42,2.5,0.42,2.5,correct,correct,-2.92,Florida,right_side,Standard
2026,3,3,Week 3,current_retrospective,2026-09-19T23:00:00.000Z,Georgia Southern,Jacksonville State,FBS vs FBS,fbs,fbs,False,27,31,4.0,4.01,-4.01,16.0,0.5989,-3.5,3.5,0.01,-0.5,0.01,0.5,correct,correct,0.51,Jacksonville State,right_side,Standard
2026,3,3,Week 3,current_retrospective,2026-09-19T23:00:00.000Z,Georgia State,UCF,FBS vs FBS,fbs,fbs,False,30,44,14.0,11.0,-11.0,16.0,0.7541,-17.5,17.5,-3.0,3.5,3.0,3.5,correct,correct,-6.5,Georgia State,right_side,Standard
2026,3,3,Week 3,current_retrospective,2026-09-19T23:00:00.000Z,Murray State,Oklahoma State,FCS involved,fcs,fbs,False,0,59,59.0,39.68,-39.68,20.0,0.9764,-56.0,56.0,-19.32,-3.0,19.32,3.0,correct,correct,-16.32,Murray State,wrong_side,Pass - FCS extreme edge
2026,3,3,Week 3,current_retrospective,2026-09-19T23:00:00.000Z,Nevada,Middle Tennessee,FBS vs FBS,fbs,fbs,False,20,27,7.0,-1.27,1.27,16.0,0.4684,3.75,-3.75,-8.27,-10.75,8.27,10.75,wrong,wrong,2.48,Middle Tennessee,right_side,Standard
2026,3,3,Week 3,current_retrospective,2026-09-19T23:00:00.000Z,Nicholls,Sam Houston,FCS involved,fcs,fbs,False,0,59,59.0,24.23,-24.23,20.0,0.8871,-21.0,21.0,-34.77,-38.0,34.77,38.0,correct,correct,3.23,Sam Houston,right_side,Pass - FCS low edge
2026,3,3,Week 3,current_retrospective,2026-09-19T23:00:00.000Z,Ohio,South Alabama,FBS vs FBS,fbs,fbs,False,36,41,5.0,3.88,-3.88,16.0,0.5958,-7.0,7.0,-1.12,2.0,1.12,2.0,correct,correct,-3.12,Ohio,right_side,Standard
2026,3,3,Week 3,current_retrospective,2026-09-19T23:00:00.000Z,Troy,Missouri,FBS vs FBS,fbs,fbs,False,17,27,10.0,17.3,-17.3,16.0,0.8602,-26.75,26.75,7.3,16.75,7.3,16.75,correct,correct,-9.45,Troy,right_side,Standard
2026,3,3,Week 3,current_retrospective,2026-09-19T23:00:00.000Z,UConn,Southern Miss,FBS vs FBS,fbs,fbs,False,48,20,-28.0,-6.41,6.41,16.0,0.3443,3.5,-3.5,21.59,24.5,21.59,24.5,correct,correct,-2.91,UConn,right_side,Standard
2026,3,3,Week 3,current_retrospective,2026-09-19T23:00:00.000Z,UT Martin,Memphis,FCS involved,fcs,fbs,False,21,45,24.0,39.61,-39.61,20.0,0.9762,-33.5,33.5,15.61,9.5,15.61,9.5,correct,correct,6.11,Memphis,wrong_side,Qualified FCS favorite
2026,3,3,Week 3,current_retrospective,2026-09-19T23:00:00.000Z,Western Michigan,Rice,FBS vs FBS,fbs,fbs,False,28,21,-7.0,-5.78,5.78,16.0,0.359,8.5,-8.5,1.22,-1.5,1.22,1.5,correct,correct,2.72,Rice,right_side,Standard
2026,3,3,Week 3,current_retrospective,2026-09-19T23:15:00.000Z,Eastern Washington,Washington,FCS involved,fcs,fbs,False,16,48,32.0,44.92,-44.92,20.0,0.9876,-43.0,43.0,12.92,11.0,12.92,11.0,correct,correct,1.92,Washington,wrong_side,Pass - FCS low edge
2026,3,3,Week 3,current_retrospective,2026-09-19T23:15:00.000Z,North Dakota,Nebraska,FCS involved,fcs,fbs,False,7,34,27.0,50.87,-50.87,20.0,0.9945,-27.25,27.25,23.87,0.25,23.87,0.25,correct,correct,23.62,Nebraska,wrong_side,Pass - FCS extreme edge
2026,3,3,Week 3,current_retrospective,2026-09-19T23:30:00.000Z,BYU,Colorado State,FBS vs FBS,fbs,fbs,False,41,23,-18.0,-14.36,14.36,16.0,0.1847,17.5,-17.5,3.64,0.5,3.64,0.5,correct,correct,3.14,Colorado State,wrong_side,Standard
2026,3,3,Week 3,current_retrospective,2026-09-19T23:30:00.000Z,Colorado,Northwestern,FBS vs FBS,fbs,fbs,False,7,41,34.0,14.59,-14.59,16.0,0.8191,-3.5,3.5,-19.41,-30.5,19.41,30.5,correct,correct,11.09,Northwestern,right_side,Standard
2026,3,3,Week 3,current_retrospective,2026-09-19T23:30:00.000Z,LSU,Ole Miss,FBS vs FBS,fbs,fbs,False,24,32,8.0,-4.38,4.38,16.0,0.3921,2.75,-2.75,-12.38,-10.75,12.38,10.75,wrong,wrong,-1.63,LSU,wrong_side,Standard
2026,3,3,Week 3,current_retrospective,2026-09-19T23:30:00.000Z,Michigan State,Notre Dame,FBS vs FBS,fbs,fbs,False,10,27,17.0,24.17,-24.17,16.0,0.9346,-28.75,28.75,7.17,11.75,7.17,11.75,correct,correct,-4.58,Michigan State,right_side,Standard
2026,3,3,Week 3,current_retrospective,2026-09-19T23:30:00.000Z,New Mexico,Oklahoma,FBS vs FBS,fbs,fbs,False,6,14,8.0,9.67,-9.67,16.0,0.7272,-21.25,21.25,1.67,13.25,1.67,13.25,correct,correct,-11.58,New Mexico,right_side,Standard
2026,3,3,Week 3,current_retrospective,2026-09-19T23:30:00.000Z,Virginia Tech,Maryland,FBS vs FBS,fbs,fbs,False,35,26,-9.0,-5.0,5.0,16.0,0.3773,2.5,-2.5,4.0,6.5,4.0,6.5,correct,correct,-2.5,Virginia Tech,right_side,Standard
2026,3,3,Week 3,current_retrospective,2026-09-19T23:30:00.000Z,West Virginia,Virginia,FBS vs FBS,fbs,fbs,True,38,27,-11.0,8.27,-8.27,16.0,0.6974,-10.75,10.75,19.27,21.75,19.27,21.75,wrong,wrong,-2.48,West Virginia,right_side,Standard
2026,3,3,Week 3,current_retrospective,2026-09-19T23:45:00.000Z,Kennesaw State,Tennessee,FBS vs FBS,fbs,fbs,False,9,42,33.0,27.93,-27.93,16.0,0.9596,-35.5,35.5,-5.07,2.5,5.07,2.5,correct,correct,-7.57,Kennesaw State,right_side,Standard
2026,3,3,Week 3,current_retrospective,2026-09-20T00:00:00.000Z,Arkansas State,TCU,FBS vs FBS,fbs,fbs,False,7,31,24.0,15.2,-15.2,16.0,0.8289,-19.0,19.0,-8.8,-5.0,8.8,5.0,correct,correct,-3.8,Arkansas State,wrong_side,Standard
2026,3,3,Week 3,current_retrospective,2026-09-20T00:00:00.000Z,East Texas A&M,Tulsa,FCS involved,fcs,fbs,False,0,42,42.0,32.01,-32.01,20.0,0.9453,-41.25,41.25,-9.99,-0.75,9.99,0.75,correct,correct,-9.24,East Texas A&M,wrong_side,Pass - FCS underdog
2026,3,3,Week 3,current_retrospective,2026-09-20T00:00:00.000Z,UAB,Louisiana,FBS vs FBS,fbs,fbs,False,14,21,7.0,8.67,-8.67,16.0,0.706,-7.0,7.0,1.67,0.0,1.67,0.0,correct,correct,1.67,Louisiana,push,Standard
2026,3,3,Week 3,current_retrospective,2026-09-20T00:00:00.000Z,UTSA,Texas,FBS vs FBS,fbs,fbs,False,6,30,24.0,22.26,-22.26,16.0,0.9179,-29.75,29.75,-1.74,5.75,1.74,5.75,correct,correct,-7.49,UTSA,right_side,Standard
2026,3,3,Week 3,current_retrospective,2026-09-20T02:00:00.000Z,James Madison,San Diego State,FBS vs FBS,fbs,fbs,False,26,13,-13.0,-9.94,9.94,16.0,0.2672,-3.0,3.0,3.06,16.0,3.06,16.0,correct,wrong,-12.94,James Madison,right_side,Standard
2026,3,3,Week 3,current_retrospective,2026-09-20T02:00:00.000Z,South Dakota,Boise State,FCS involved,fcs,fbs,False,24,38,14.0,47.42,-47.42,20.0,0.9911,-28.25,28.25,33.42,14.25,33.42,14.25,correct,correct,19.17,Boise State,wrong_side,Pass - FCS extreme edge
2026,3,3,Week 3,current_retrospective,2026-09-20T02:30:00.000Z,North Dakota State,Sacramento State,FBS vs FBS,fbs,fbs,False,31,10,-21.0,-21.13,21.13,16.0,0.0933,25.5,-25.5,-0.13,-4.5,0.13,4.5,correct,correct,4.37,Sacramento State,right_side,Standard
2026,3,3,Week 3,current_retrospective,2026-09-20T02:30:00.000Z,Northern Illinois,Arizona,FBS vs FBS,fbs,fbs,False,17,42,25.0,24.21,-24.21,16.0,0.9349,-34.5,34.5,-0.79,9.5,0.79,9.5,correct,correct,-10.29,Northern Illinois,right_side,Standard
2026,3,3,Week 3,current_retrospective,2026-09-20T03:00:00.000Z,Fresno State,San José State,FBS vs FBS,fbs,fbs,False,26,10,-16.0,-5.06,5.06,16.0,0.3759,4.0,-4.0,10.94,12.0,10.94,12.0,correct,correct,-1.06,Fresno State,right_side,Standard
2026,3,3,Week 3,current_retrospective,2026-09-20T03:00:00.000Z,Montana,Oregon State,FCS involved,fcs,fbs,False,17,52,35.0,35.22,-35.22,20.0,0.9609,-17.5,17.5,0.22,-17.5,0.22,17.5,correct,correct,17.72,Oregon State,right_side,Pass - FCS extreme edge
2026,3,3,Week 3,current_retrospective,2026-09-20T03:00:00.000Z,Purdue,UCLA,FBS vs FBS,fbs,fbs,False,38,52,14.0,16.94,-16.94,16.0,0.8551,-13.5,13.5,2.94,-0.5,2.94,0.5,correct,correct,3.44,UCLA,right_side,Standard
2026,4,4,Week 4,week_04_snapshot,2026-09-24T23:30:00.000Z,Liberty,Coastal Carolina,FBS vs FBS,fbs,fbs,False,34,17,-17.0,-9.33,9.33,16.0,0.2799,2.5,-2.5,7.67,14.5,7.67,14.5,correct,correct,-6.83,Liberty,right_side,Standard
2026,4,4,Week 4,week_04_snapshot,2026-09-25T20:00:00.000Z,Army,Temple,FBS vs FBS,fbs,fbs,False,21,17,-4.0,1.05,-1.05,16.0,0.5262,4.0,-4.0,5.05,0.0,5.05,0.0,wrong,correct,5.05,Temple,push,Standard
2026,4,4,Week 4,week_04_snapshot,2026-09-25T23:00:00.000Z,Howard,Rutgers,FCS involved,fcs,fbs,False,7,58,51.0,33.92,-33.92,20.0,0.9551,-42.25,42.25,-17.08,-8.75,17.08,8.75,correct,correct,-8.33,Howard,wrong_side,Pass - FCS underdog
2026,4,4,Week 4,week_04_snapshot,2026-09-25T23:00:00.000Z,Navy,UAB,FBS vs FBS,fbs,fbs,False,20,24,4.0,-0.88,0.88,16.0,0.4781,6.5,-6.5,-4.88,-10.5,4.88,10.5,wrong,wrong,5.62,UAB,right_side,Standard
2026,4,4,Week 4,week_04_snapshot,2026-09-26T00:00:00.000Z,Northwestern,Indiana,FBS vs FBS,fbs,fbs,False,23,29,6.0,18.48,-18.48,16.0,0.876,-20.25,20.25,12.48,14.25,12.48,14.25,correct,correct,-1.77,Northwestern,right_side,Standard
2026,4,4,Week 4,week_04_snapshot,2026-09-26T02:30:00.000Z,Clemson,California,FBS vs FBS,fbs,fbs,False,24,10,-14.0,-4.22,4.22,16.0,0.396,2.5,-2.5,9.78,11.5,9.78,11.5,correct,correct,-1.72,Clemson,right_side,Standard
2026,4,4,Week 4,week_04_snapshot,2026-09-26T16:00:00.000Z,Ball State,Kent State,FBS vs FBS,fbs,fbs,False,13,26,13.0,0.53,-0.53,16.0,0.5132,-2.5,2.5,-12.47,-10.5,12.47,10.5,correct,correct,-1.97,Ball State,wrong_side,Standard
2026,4,4,Week 4,week_04_snapshot,2026-09-26T16:00:00.000Z,Bucknell,Pittsburgh,FCS involved,fcs,fbs,False,0,59,59.0,44.67,-44.67,20.0,0.9872,-54.5,54.5,-14.33,-4.5,14.33,4.5,correct,correct,-9.83,Bucknell,wrong_side,Pass - FCS underdog
2026,4,4,Week 4,week_04_snapshot,2026-09-26T16:00:00.000Z,Colorado,Baylor,FBS vs FBS,fbs,fbs,False,13,23,10.0,11.29,-11.29,16.0,0.7598,-8.5,8.5,1.29,-1.5,1.29,1.5,correct,correct,2.79,Baylor,right_side,Standard
2026,4,4,Week 4,week_04_snapshot,2026-09-26T16:00:00.000Z,Colorado State,UTSA,FBS vs FBS,fbs,fbs,False,45,59,14.0,9.42,-9.42,16.0,0.722,-14.25,14.25,-4.58,0.25,4.58,0.25,correct,correct,-4.83,Colorado State,right_side,Standard
2026,4,4,Week 4,week_04_snapshot,2026-09-26T16:00:00.000Z,Illinois,Ohio State,FBS vs FBS,fbs,fbs,False,19,42,23.0,19.41,-19.41,16.0,0.8875,-25.5,25.5,-3.59,2.5,3.59,2.5,correct,correct,-6.09,Illinois,right_side,Standard
2026,4,4,Week 4,week_04_snapshot,2026-09-26T16:00:00.000Z,Sam Houston,Texas Tech,FBS vs FBS,fbs,fbs,False,14,49,35.0,26.21,-26.21,16.0,0.9493,-34.5,34.5,-8.79,-0.5,8.79,0.5,correct,correct,-8.29,Sam Houston,wrong_side,Standard
2026,4,4,Week 4,week_04_snapshot,2026-09-26T16:00:00.000Z,San Diego State,Toledo,FBS vs FBS,fbs,fbs,False,16,41,25.0,3.3,-3.3,16.0,0.5817,-2.75,2.75,-21.7,-22.25,21.7,22.25,correct,correct,0.55,Toledo,right_side,Standard
2026,4,4,Week 4,week_04_snapshot,2026-09-26T16:00:00.000Z,Texas,Tennessee,FBS vs FBS,fbs,fbs,False,20,17,-3.0,-3.85,3.85,16.0,0.4049,5.5,-5.5,-0.85,-2.5,0.85,2.5,correct,correct,1.65,Tennessee,right_side,Standard
2026,4,4,Week 4,week_04_snapshot,2026-09-26T16:00:00.000Z,UNLV,Akron,FBS vs FBS,fbs,fbs,False,38,10,-28.0,-13.95,13.95,16.0,0.1916,13.5,-13.5,14.05,14.5,14.05,14.5,correct,correct,-0.45,UNLV,right_side,Standard
2026,4,4,Week 4,week_04_snapshot,2026-09-26T16:00:00.000Z,Virginia Tech,Boston College,FBS vs FBS,fbs,fbs,False,21,14,-7.0,-9.8,9.8,16.0,0.2701,14.5,-14.5,-2.8,-7.5,2.8,7.5,correct,correct,4.7,Boston College,right_side,Standard
2026,4,4,Week 4,week_04_snapshot,2026-09-26T16:00:00.000Z,Wake Forest,Louisville,FBS vs FBS,fbs,fbs,False,30,27,-3.0,11.7,-11.7,16.0,0.7677,-11.25,11.25,14.7,14.25,14.7,14.25,wrong,wrong,0.45,Louisville,wrong_side,Standard
2026,4,4,Week 4,week_04_snapshot,2026-09-26T16:45:00.000Z,South Alabama,Kentucky,FBS vs FBS,fbs,fbs,False,21,45,24.0,12.32,-12.32,16.0,0.7794,-20.5,20.5,-11.68,-3.5,11.68,3.5,correct,correct,-8.18,South Alabama,wrong_side,Standard
2026,4,4,Week 4,week_04_snapshot,2026-09-26T17:00:00.000Z,Lindenwood,Eastern Michigan,FCS involved,fcs,fbs,False,3,29,26.0,25.1,-25.1,20.0,0.8953,-24.25,24.25,-0.9,-1.75,0.9,1.75,correct,correct,0.85,Eastern Michigan,right_side,Pass - FCS low edge
2026,4,4,Week 4,week_04_snapshot,2026-09-26T17:30:00.000Z,UCLA,Maryland,FBS vs FBS,fbs,fbs,False,54,3,-51.0,-0.58,0.58,16.0,0.4855,2.5,-2.5,50.42,48.5,50.42,48.5,correct,correct,1.92,Maryland,wrong_side,Standard
2026,4,4,Week 4,week_04_snapshot,2026-09-26T18:00:00.000Z,Northern Illinois,Georgia State,FBS vs FBS,fbs,fbs,False,14,35,21.0,9.47,-9.47,16.0,0.723,-8.75,8.75,-11.53,-12.25,11.53,12.25,correct,correct,0.72,Georgia State,right_side,Standard
2026,4,4,Week 4,week_04_snapshot,2026-09-26T18:00:00.000Z,Notre Dame,Purdue,FBS vs FBS,fbs,fbs,False,49,10,-39.0,-24.45,24.45,16.0,0.0632,27.5,-27.5,14.55,11.5,14.55,11.5,correct,correct,3.05,Purdue,wrong_side,Standard
2026,4,4,Week 4,week_04_snapshot,2026-09-26T19:00:00.000Z,Central Arkansas,Florida State,FCS involved,fcs,fbs,False,7,34,27.0,43.0,-43.0,20.0,0.9842,-46.0,46.0,16.0,19.0,16.0,19.0,correct,correct,-3.0,Central Arkansas,right_side,Pass - FCS underdog
2026,4,4,Week 4,week_04_snapshot,2026-09-26T19:00:00.000Z,Hawai'i,Wyoming,FBS vs FBS,fbs,fbs,False,10,27,17.0,-1.09,1.09,16.0,0.4728,2.25,-2.25,-18.09,-19.25,18.09,19.25,wrong,wrong,1.16,Wyoming,right_side,Standard
2026,4,4,Week 4,week_04_snapshot,2026-09-26T19:30:00.000Z,Boise State,Western Michigan,FBS vs FBS,fbs,fbs,False,32,7,-25.0,-2.76,2.76,16.0,0.4315,8.5,-8.5,22.24,16.5,22.24,16.5,correct,correct,5.74,Western Michigan,wrong_side,Standard
2026,4,4,Week 4,week_04_snapshot,2026-09-26T19:30:00.000Z,Gardner-Webb,Marshall,FCS involved,fcs,fbs,False,35,36,1.0,33.51,-33.51,20.0,0.9531,-25.0,25.0,32.51,24.0,32.51,24.0,correct,correct,8.51,Marshall,wrong_side,Qualified FCS favorite
2026,4,4,Week 4,week_04_snapshot,2026-09-26T19:30:00.000Z,Iowa,Michigan,FBS vs FBS,fbs,fbs,False,20,19,-1.0,2.36,-2.36,16.0,0.5586,-4.75,4.75,3.36,5.75,3.36,5.75,wrong,wrong,-2.39,Iowa,right_side,Standard
2026,4,4,Week 4,week_04_snapshot,2026-09-26T19:30:00.000Z,New Mexico,New Mexico State,FBS vs FBS,fbs,fbs,False,42,18,-24.0,-12.41,12.41,16.0,0.219,11.5,-11.5,11.59,12.5,11.59,12.5,correct,correct,-0.91,New Mexico,right_side,Standard
2026,4,4,Week 4,week_04_snapshot,2026-09-26T19:30:00.000Z,Oklahoma,Georgia,FBS vs FBS,fbs,fbs,False,13,41,28.0,11.38,-11.38,16.0,0.7615,-11.25,11.25,-16.62,-16.75,16.62,16.75,correct,correct,0.13,Georgia,right_side,Standard
2026,4,4,Week 4,week_04_snapshot,2026-09-26T19:30:00.000Z,Ole Miss,Florida,FBS vs FBS,fbs,fbs,False,28,52,24.0,1.02,-1.02,16.0,0.5254,-4.0,4.0,-22.98,-20.0,22.98,20.0,correct,correct,-2.98,Ole Miss,wrong_side,Standard
2026,4,4,Week 4,week_04_snapshot,2026-09-26T19:30:00.000Z,Robert Morris,Buffalo,FCS involved,fcs,fbs,False,28,31,3.0,27.5,-27.5,20.0,0.9154,-27.75,27.75,24.5,24.75,24.5,24.75,correct,correct,-0.25,Robert Morris,right_side,Pass - FCS underdog
2026,4,4,Week 4,week_04_snapshot,2026-09-26T19:30:00.000Z,Stonehill,Ohio,FCS involved,fcs,fbs,False,7,35,28.0,30.25,-30.25,20.0,0.9348,-32.5,32.5,2.25,4.5,2.25,4.5,correct,correct,-2.25,Stonehill,right_side,Pass - FCS underdog
2026,4,4,Week 4,week_04_snapshot,2026-09-26T19:30:00.000Z,TCU,UCF,FBS vs FBS,fbs,fbs,False,13,21,8.0,0.37,-0.37,16.0,0.5092,3.5,-3.5,-7.63,-11.5,7.63,11.5,correct,wrong,3.87,UCF,right_side,Standard
2026,4,4,Week 4,week_04_snapshot,2026-09-26T19:30:00.000Z,UConn,Miami (OH),FBS vs FBS,fbs,fbs,False,21,24,3.0,-1.44,1.44,16.0,0.4641,-2.5,2.5,-4.44,-0.5,4.44,0.5,wrong,correct,-3.94,UConn,wrong_side,Standard
2026,4,4,Week 4,week_04_snapshot,2026-09-26T19:30:00.000Z,Utah,Iowa State,FBS vs FBS,fbs,fbs,False,31,17,-14.0,-6.04,6.04,16.0,0.3529,7.5,-7.5,7.96,6.5,7.96,6.5,correct,correct,1.46,Iowa State,wrong_side,Standard
2026,4,4,Week 4,week_04_snapshot,2026-09-26T19:30:00.000Z,William & Mary,Duke,FCS involved,fcs,fbs,False,7,62,55.0,44.59,-44.59,20.0,0.9871,-43.0,43.0,-10.41,-12.0,10.41,12.0,correct,correct,1.59,Duke,right_side,Pass - FCS low edge
2026,4,4,Week 4,week_04_snapshot,2026-09-26T20:00:00.000Z,Houston,Georgia Southern,FBS vs FBS,fbs,fbs,False,42,28,-14.0,-9.38,9.38,16.0,0.2789,17.25,-17.25,4.62,-3.25,4.62,3.25,correct,correct,7.87,Georgia Southern,right_side,Standard
2026,4,4,Week 4,week_04_snapshot,2026-09-26T20:00:00.000Z,North Carolina Central,East Carolina,FCS involved,fcs,fbs,False,9,42,33.0,33.65,-33.65,20.0,0.9538,-37.5,37.5,0.65,4.5,0.65,4.5,correct,correct,-3.85,North Carolina Central,right_side,Pass - FCS underdog
2026,4,4,Week 4,week_04_snapshot,2026-09-26T20:15:00.000Z,Vanderbilt,Auburn,FBS vs FBS,fbs,fbs,False,15,21,6.0,5.52,-5.52,16.0,0.635,-10.0,10.0,-0.48,4.0,0.48,4.0,correct,correct,-4.48,Vanderbilt,right_side,Standard
2026,4,4,Week 4,week_04_snapshot,2026-09-26T21:00:00.000Z,Nebraska,Michigan State,FBS vs FBS,fbs,fbs,False,31,13,-18.0,-4.62,4.62,16.0,0.3864,6.0,-6.0,13.38,12.0,13.38,12.0,correct,correct,1.38,Michigan State,wrong_side,Standard
2026,4,4,Week 4,week_04_snapshot,2026-09-26T21:00:00.000Z,South Florida,Bowling Green,FBS vs FBS,fbs,fbs,False,14,6,-8.0,-16.86,16.86,16.0,0.146,17.75,-17.75,-8.86,-9.75,8.86,9.75,correct,correct,0.89,Bowling Green,right_side,Standard
2026,4,4,Week 4,week_04_snapshot,2026-09-26T21:00:00.000Z,Wisconsin,Penn State,FBS vs FBS,fbs,fbs,False,24,20,-4.0,13.73,-13.73,16.0,0.8046,-9.75,9.75,17.73,13.75,17.73,13.75,wrong,wrong,3.98,Penn State,wrong_side,Standard
2026,4,4,Week 4,week_04_snapshot,2026-09-26T22:00:00.000Z,Delaware,Virginia,FBS vs FBS,fbs,fbs,False,3,42,39.0,12.67,-12.67,16.0,0.7858,-19.75,19.75,-26.33,-19.25,26.33,19.25,correct,correct,-7.08,Delaware,wrong_side,Standard
2026,4,4,Week 4,week_04_snapshot,2026-09-26T22:00:00.000Z,Incarnate Word,Texas State,FCS involved,fcs,fbs,False,10,63,53.0,36.21,-36.21,20.0,0.9649,-30.5,30.5,-16.79,-22.5,16.79,22.5,correct,correct,5.71,Texas State,right_side,Qualified FCS favorite
2026,4,4,Week 4,week_04_snapshot,2026-09-26T22:00:00.000Z,James Madison,Old Dominion,FBS vs FBS,fbs,fbs,False,46,20,-26.0,-11.8,11.8,16.0,0.2304,7.0,-7.0,14.2,19.0,14.2,19.0,correct,correct,-4.8,James Madison,right_side,Standard
2026,4,4,Week 4,week_04_snapshot,2026-09-26T22:00:00.000Z,Long Island University,Florida International,FCS involved,fcs,fbs,False,3,20,17.0,33.48,-33.48,20.0,0.9529,-37.5,37.5,16.48,20.5,16.48,20.5,correct,correct,-4.02,Long Island University,right_side,Pass - FCS underdog
2026,4,4,Week 4,week_04_snapshot,2026-09-26T22:30:00.000Z,Central Michigan,Miami,FBS vs FBS,fbs,fbs,False,3,52,49.0,32.22,-32.22,16.0,0.978,-41.25,41.25,-16.78,-7.75,16.78,7.75,correct,correct,-9.03,Central Michigan,wrong_side,Standard
2026,4,4,Week 4,week_04_snapshot,2026-09-26T22:30:00.000Z,Louisiana,Charlotte,FBS vs FBS,fbs,fbs,False,34,7,-27.0,-6.18,6.18,16.0,0.3497,9.25,-9.25,20.82,17.75,20.82,17.75,correct,correct,3.07,Charlotte,wrong_side,Standard
2026,4,4,Week 4,week_04_snapshot,2026-09-26T23:00:00.000Z,Kansas State,Cincinnati,FBS vs FBS,fbs,fbs,False,26,31,5.0,-6.42,6.42,16.0,0.3441,6.0,-6.0,-11.42,-11.0,11.42,11.0,wrong,wrong,-0.42,Kansas State,wrong_side,Standard
2026,4,4,Week 4,week_04_snapshot,2026-09-26T23:00:00.000Z,Kennesaw State,Arkansas State,FBS vs FBS,fbs,fbs,False,14,17,3.0,5.22,-5.22,16.0,0.6279,-6.5,6.5,2.22,3.5,2.22,3.5,correct,correct,-1.28,Kennesaw State,right_side,Standard
2026,4,4,Week 4,week_04_snapshot,2026-09-26T23:00:00.000Z,Mercyhurst,Western Kentucky,FCS involved,fcs,fbs,False,7,52,45.0,26.88,-26.88,20.0,0.9105,-40.0,40.0,-18.12,-5.0,18.12,5.0,correct,correct,-13.12,Mercyhurst,wrong_side,Pass - FCS underdog
2026,4,4,Week 4,week_04_snapshot,2026-09-26T23:00:00.000Z,Middle Tennessee,Jacksonville State,FBS vs FBS,fbs,fbs,False,13,23,10.0,3.46,-3.46,16.0,0.5856,-7.0,7.0,-6.54,-3.0,6.54,3.0,correct,correct,-3.54,Middle Tennessee,wrong_side,Standard
2026,4,4,Week 4,week_04_snapshot,2026-09-26T23:00:00.000Z,Oklahoma State,West Virginia,FBS vs FBS,fbs,fbs,False,41,24,-17.0,6.57,-6.57,16.0,0.6593,-1.5,1.5,23.57,18.5,23.57,18.5,wrong,wrong,5.07,West Virginia,wrong_side,Standard
2026,4,4,Week 4,week_04_snapshot,2026-09-26T23:00:00.000Z,South Carolina,Alabama,FBS vs FBS,fbs,fbs,False,18,49,31.0,12.73,-12.73,16.0,0.7869,-12.5,12.5,-18.27,-18.5,18.27,18.5,correct,correct,0.23,Alabama,right_side,Standard
2026,4,4,Week 4,week_04_snapshot,2026-09-26T23:00:00.000Z,Southern Miss,Tulane,FBS vs FBS,fbs,fbs,False,21,24,3.0,18.07,-18.07,16.0,0.8706,-17.75,17.75,15.07,14.75,15.07,14.75,correct,correct,0.32,Tulane,wrong_side,Standard
2026,4,4,Week 4,week_04_snapshot,2026-09-26T23:30:00.000Z,App State,NC State,FBS vs FBS,fbs,fbs,False,31,41,10.0,8.16,-8.16,16.0,0.695,-12.75,12.75,-1.84,2.75,1.84,2.75,correct,correct,-4.59,App State,right_side,Standard
2026,4,4,Week 4,week_04_snapshot,2026-09-26T23:30:00.000Z,Arizona,Washington State,FBS vs FBS,fbs,fbs,False,34,24,-10.0,-8.2,8.2,16.0,0.3042,11.75,-11.75,1.8,-1.75,1.8,1.75,correct,correct,3.55,Washington State,right_side,Standard
2026,4,4,Week 4,week_04_snapshot,2026-09-26T23:30:00.000Z,Houston Christian,North Texas,FCS involved,fcs,fbs,False,14,63,49.0,38.0,-38.0,20.0,0.9713,-38.25,38.25,-11.0,-10.75,11.0,10.75,correct,correct,-0.25,Houston Christian,wrong_side,Pass - FCS underdog
2026,4,4,Week 4,week_04_snapshot,2026-09-26T23:30:00.000Z,Oregon,USC,FBS vs FBS,fbs,fbs,False,41,27,-14.0,3.66,-3.66,16.0,0.5905,3.5,-3.5,17.66,10.5,17.66,10.5,wrong,correct,7.16,USC,wrong_side,Standard
2026,4,4,Week 4,week_04_snapshot,2026-09-26T23:30:00.000Z,Texas A&M,LSU,FBS vs FBS,fbs,fbs,False,6,35,29.0,6.07,-6.07,16.0,0.6478,-8.5,8.5,-22.93,-20.5,22.93,20.5,correct,correct,-2.43,Texas A&M,wrong_side,Standard
2026,4,4,Week 4,week_04_snapshot,2026-09-26T23:30:00.000Z,Troy,Utah State,FBS vs FBS,fbs,fbs,False,10,21,11.0,1.27,-1.27,16.0,0.5316,-3.0,3.0,-9.73,-8.0,9.73,8.0,correct,correct,-1.73,Troy,wrong_side,Standard
2026,4,4,Week 4,week_04_snapshot,2026-09-26T23:45:00.000Z,Missouri,Mississippi State,FBS vs FBS,fbs,fbs,False,24,31,7.0,6.25,-6.25,16.0,0.652,-3.5,3.5,-0.75,-3.5,0.75,3.5,correct,correct,2.75,Mississippi State,right_side,Standard
2026,4,4,Week 4,week_04_snapshot,2026-09-27T00:00:00.000Z,Florida Atlantic,UL Monroe,FBS vs FBS,fbs,fbs,False,45,17,-28.0,-4.9,4.9,16.0,0.3797,11.5,-11.5,23.1,16.5,23.1,16.5,correct,correct,6.6,UL Monroe,wrong_side,Standard
2026,4,4,Week 4,week_04_snapshot,2026-09-27T00:00:00.000Z,Tulsa,Arkansas,FBS vs FBS,fbs,fbs,False,6,34,28.0,3.05,-3.05,16.0,0.5756,-7.0,7.0,-24.95,-21.0,24.95,21.0,correct,correct,-3.95,Tulsa,wrong_side,Standard
2026,4,4,Week 4,week_04_snapshot,2026-09-27T01:00:00.000Z,Massachusetts,Sacramento State,FBS vs FBS,fbs,fbs,False,35,6,-29.0,-4.01,4.01,16.0,0.4011,6.0,-6.0,24.99,23.0,24.99,23.0,correct,correct,1.99,Sacramento State,wrong_side,Standard
2026,4,4,Week 4,week_04_snapshot,2026-09-27T01:00:00.000Z,Missouri State,SMU,FBS vs FBS,fbs,fbs,False,24,34,10.0,24.32,-24.32,16.0,0.9357,-30.5,30.5,14.32,20.5,14.32,20.5,correct,correct,-6.18,Missouri State,right_side,Standard
2026,4,4,Week 4,week_04_snapshot,2026-09-27T01:00:00.000Z,Oregon State,UTEP,FBS vs FBS,fbs,fbs,False,33,7,-26.0,-6.9,6.9,16.0,0.3331,11.5,-11.5,19.1,14.5,19.1,14.5,correct,correct,4.6,UTEP,wrong_side,Standard
2026,4,4,Week 4,week_04_snapshot,2026-09-27T02:00:00.000Z,Rice,Fresno State,FBS vs FBS,fbs,fbs,False,24,38,14.0,15.11,-15.11,16.0,0.8275,-12.25,12.25,1.11,-1.75,1.11,1.75,correct,correct,2.86,Fresno State,right_side,Standard
2026,4,4,Week 4,week_04_snapshot,2026-09-27T02:30:00.000Z,Air Force,Nevada,FBS vs FBS,fbs,fbs,False,36,33,-3.0,5.45,-5.45,16.0,0.6333,5.25,-5.25,8.45,-2.25,8.45,2.25,wrong,correct,10.7,Nevada,right_side,Standard
2026,4,4,Week 4,week_04_snapshot,2026-09-27T02:30:00.000Z,Georgia Tech,Stanford,FBS vs FBS,fbs,fbs,False,27,34,7.0,-3.0,3.0,16.0,0.4256,3.0,-3.0,-10.0,-10.0,10.0,10.0,wrong,wrong,0.0,,push,Standard
2026,4,4,Week 4,week_04_snapshot,2026-09-27T03:00:00.000Z,Minnesota,Washington,FBS vs FBS,fbs,fbs,False,27,24,-3.0,9.0,-9.0,16.0,0.7131,-12.25,12.25,12.0,15.25,12.0,15.25,wrong,wrong,-3.25,Minnesota,right_side,Standard
