conference,teams,team_games,average_ats_cover_rate,average_model_bias_margin,average_model_margin_mae,average_market_margin_mae
FBS Independents,2,10,0.6,-3.713,13.019,11.925
Big Ten,18,88,0.5259,-1.244,12.841,12.646
Mountain West,10,47,0.465,3.206,12.436,12.092
Mid-American,13,66,0.4385,3.829,12.348,12.112
Pac-12,8,40,0.6,0.452,11.875,13.056
SEC,16,77,0.4844,-1.862,11.279,11.95
Big 12,16,74,0.5531,-3.005,11.244,11.136
Conference USA,10,46,0.59,1.386,10.963,11.839
Sun Belt,14,66,0.55,0.034,10.525,11.278
ACC,17,81,0.4912,-1.384,10.254,11.884
American Athletic,14,66,0.4679,1.21,9.003,9.171
