week_label,game_type,away_team,home_team,model_favorite,market_favorite,winner_model_result,winner_market_result,model_home_margin,market_home_margin,actual_home_margin,absolute_model_error,absolute_market_error
Week 2,FCS involved,Montana State,Nevada,Nevada,Montana State,wrong,correct,33.03,-5.0,-13.0,46.03,8.0
Week 5,FBS vs FBS,Baylor,Arizona State,Baylor,Arizona State,correct,wrong,-0.59,3.5,-36.0,35.41,39.5
Week 2,FBS vs FBS,UNLV,North Texas,North Texas,UNLV,correct,wrong,4.25,-2.75,38.0,33.75,40.75
Week 5,FBS vs FBS,Oregon State,Colorado State,Colorado State,Oregon State,wrong,correct,0.05,-7.0,-30.0,30.05,23.0
Week 2,FCS involved,Illinois State,Northern Illinois,Northern Illinois,Illinois State,wrong,correct,23.69,-2.5,-4.0,27.69,1.5
Week 1,FBS vs FBS,Western Kentucky,Nevada,Nevada,Western Kentucky,correct,wrong,11.09,-0.25,35.0,23.91,35.25
Week 4,FBS vs FBS,Oregon,USC,USC,Oregon,wrong,correct,3.66,-3.5,-14.0,17.66,10.5
Week 5,FBS vs FBS,Fresno State,Washington State,Fresno State,Washington State,correct,wrong,-3.3,2.25,-20.0,16.7,22.25
Week 3,FBS vs FBS,Arizona State,Kansas,Kansas,Arizona State,wrong,correct,2.66,-5.25,-7.0,9.66,1.75
Week 3,FBS vs FBS,Wyoming,Central Michigan,Central Michigan,Wyoming,correct,wrong,4.52,-1.75,14.0,9.48,15.75
Week 2,FBS vs FBS,Georgia State,Kennesaw State,Georgia State,Kennesaw State,correct,wrong,-4.79,7.5,-14.0,9.21,21.5
Week 4,FBS vs FBS,Air Force,Nevada,Nevada,Air Force,wrong,correct,5.45,-5.25,-3.0,8.45,2.25
Week 4,FBS vs FBS,TCU,UCF,UCF,TCU,correct,wrong,0.37,-3.5,8.0,7.63,11.5
Week 5,FBS vs FBS,Georgia Southern,Coastal Carolina,Coastal Carolina,Georgia Southern,wrong,correct,0.16,-2.25,-7.0,7.16,4.75
Week 1,FBS vs FBS,SMU,Florida State,Florida State,SMU,wrong,correct,4.1,-3.0,-3.0,7.1,0.0
Week 3,FBS vs FBS,Mississippi State,South Carolina,Mississippi State,South Carolina,correct,wrong,-0.28,3.0,-7.0,6.72,10.0
Week 2,FBS vs FBS,Oklahoma,Michigan,Michigan,Oklahoma,correct,wrong,0.77,-5.0,7.0,6.23,12.0
Week 2,FBS vs FBS,Navy,Florida Atlantic,Florida Atlantic,Navy,correct,wrong,2.83,-4.5,8.0,5.17,12.5
Week 1,FBS vs FBS,San José State,Eastern Michigan,San José State,Eastern Michigan,correct,wrong,-0.94,1.5,-6.0,5.06,7.5
Week 4,FBS vs FBS,Army,Temple,Temple,Army,wrong,correct,1.05,-4.0,-4.0,5.05,0.0
Week 5,FBS vs FBS,Army,Louisiana Tech,Army,Louisiana Tech,wrong,correct,-2.74,0.25,2.0,4.74,1.75
Week 4,FBS vs FBS,UConn,Miami (OH),UConn,Miami (OH),wrong,correct,-1.44,2.5,3.0,4.44,0.5
Week 2,FBS vs FBS,Duke,Illinois,Duke,Illinois,correct,wrong,-0.51,6.25,-4.0,3.49,10.25
Week 0,FBS vs FBS,Memphis,UNLV,Memphis,UNLV,correct,wrong,-2.82,4.75,-6.0,3.18,10.75
Week 2,FBS vs FBS,South Florida,Army,South Florida,Army,correct,wrong,-1.25,3.0,-4.0,2.75,7.0
Week 3,FBS vs FBS,James Madison,San Diego State,James Madison,San Diego State,correct,wrong,-10.54,3.0,-13.0,2.46,16.0
Week 2,FBS vs FBS,Jacksonville State,Ohio,Jacksonville State,Ohio,wrong,correct,-0.3,1.75,2.0,2.3,0.25
Week 5,FBS vs FBS,Syracuse,UConn,UConn,Syracuse,wrong,correct,1.21,-6.5,-1.0,2.21,5.5
Week 3,FBS vs FBS,East Carolina,Old Dominion,East Carolina,Old Dominion,correct,wrong,-4.76,2.5,-3.0,1.76,5.5
