split,value,games,edge_hit_rate,model_better_than_market_rate,model_margin_mae,market_margin_mae,average_edge
Game Type,FBS vs FBS,215,0.6651,0.6233,9.567,11.031,4.604
Game Type,FCS involved,116,0.4655,0.4138,14.953,12.716,8.019
Pick Role,favorite,137,0.7007,0.6423,12.157,12.566,5.764
Pick Role,underdog,194,0.5206,0.4845,10.958,10.955,5.827
Pick Site,away,167,0.5389,0.515,10.511,10.921,5.431
Pick Site,home,158,0.6519,0.5823,12.595,12.473,6.298
Pick Site,neutral,6,0.6667,0.6667,7.673,8.708,2.975
Betting Status,Pass - FCS extreme edge,16,0.5,0.375,20.856,10.453,21.778
Betting Status,Pass - FCS low edge,26,0.5385,0.5385,11.401,11.808,2.925
Betting Status,Pass - FCS underdog,43,0.3023,0.3023,15.715,13.477,4.791
Betting Status,Qualified FCS favorite,31,0.6129,0.4839,13.828,13.589,9.667
Betting Status,Review - extreme edge,2,1.0,0.5,15.775,24.625,20.34
Betting Status,Standard,213,0.662,0.6244,9.508,10.904,4.456
Rating Source,current_retrospective,260,0.6115,0.5731,11.114,11.634,6.36
Rating Source,week_04_snapshot,71,0.5352,0.4648,12.702,11.577,3.754
Week,Week 0,8,0.875,0.875,7.668,13.312,5.947
Week,Week 1,91,0.5934,0.5385,13.774,13.558,7.584
Week,Week 2,86,0.5814,0.5698,10.592,11.241,5.787
Week,Week 3,75,0.64,0.5867,8.852,9.57,5.575
Week,Week 4,71,0.5352,0.4648,12.702,11.577,3.754
