team,conference,games,ats_cover_rate,average_ats_margin,average_model_bias_margin,model_edge_picks,edge_pick_hit_rate,model_margin_mae,market_margin_mae
Montana State,,1,1.0,8.0,-46.88,0,0.0,46.88,8.0
Idaho State,,1,1.0,27.0,-44.81,0,0.0,44.81,27.0
Northwestern State,,1,0.0,-29.5,43.31,1,0.0,43.31,29.5
Gardner-Webb,,2,1.0,25.75,-37.27,0,0.0,37.27,25.75
Richmond,,1,0.0,-39.75,33.7,0,0.0,33.7,39.75
South Dakota,,1,1.0,14.25,-33.42,0,0.0,33.42,14.25
Mississippi Valley State,,1,0.0,-13.5,32.86,1,0.0,32.86,13.5
South Dakota State,,1,0.0,-2.75,-30.99,0,0.0,30.99,2.75
Tarleton State,,1,1.0,8.75,-30.63,0,0.0,30.63,8.75
Abilene Christian,,1,1.0,22.0,-29.01,0,0.0,29.01,22.0
Nicholls,,2,0.0,-32.375,28.375,0,0.0,28.375,32.375
New Hampshire,,1,0.0,-28.0,28.32,1,0.0,28.32,28.0
Illinois State,,1,1.0,1.5,-26.91,0,0.0,26.91,1.5
VMI,,1,0.0,-15.5,26.12,1,0.0,26.12,15.5
Bethune-Cookman,,1,0.0,-23.5,25.87,1,0.0,25.87,23.5
Hampton,,1,0.0,-16.5,25.62,1,0.0,25.62,16.5
Southern,,1,0.0,-19.25,24.94,1,0.0,24.94,19.25
Colgate,,1,1.0,15.5,-24.46,0,0.0,24.46,15.5
North Dakota,,1,1.0,0.25,-23.87,0,0.0,23.87,0.25
Austin Peay,,1,1.0,10.25,-23.66,0,0.0,23.66,10.25
The Citadel,,1,1.0,22.5,-23.56,0,0.0,23.56,22.5
Morgan State,,1,0.0,-18.75,23.1,1,0.0,23.1,18.75
Wagner,,2,0.5,-10.75,22.715,2,0.5,22.715,26.75
Alcorn State,,1,0.0,-26.0,22.4,0,0.0,22.4,26.0
North Alabama,,1,1.0,23.5,-22.18,1,1.0,22.18,23.5
Texas Southern,,1,0.0,-13.75,21.75,1,0.0,21.75,13.75
UAlbany,,1,1.0,14.5,-21.46,0,0.0,21.46,14.5
Cal Poly,,1,1.0,11.5,-20.94,0,0.0,20.94,11.5
Bryant,,1,0.0,-18.75,20.45,1,0.0,20.45,18.75
Northern Colorado,,1,1.0,15.5,-20.2,0,0.0,20.2,15.5
Western Illinois,,1,1.0,16.25,-19.68,0,0.0,19.68,16.25
West Georgia,,2,0.0,-19.0,18.06,1,0.0,18.06,19.0
Mercyhurst,,3,0.0,-11.25,17.117,3,0.0,17.117,11.25
Incarnate Word,,1,0.0,-22.5,16.79,0,0.0,16.79,22.5
Northern Arizona,,1,1.0,4.5,-16.62,0,0.0,16.62,4.5
Bowling Green,Mid-American,4,0.25,-10.688,16.56,3,0.3333,20.99,15.562
Lafayette,,1,0.0,-28.5,16.49,0,0.0,16.49,28.5
North Carolina A&T,,1,0.0,-20.75,16.37,0,0.0,16.37,20.75
Central Arkansas,,1,1.0,19.0,-16.0,1,1.0,16.0,19.0
Southeast Missouri State,,1,1.0,1.5,-15.92,0,0.0,15.92,1.5
Buffalo,Mid-American,4,0.0,-11.438,15.193,2,0.0,15.193,11.438
SE Louisiana,,2,0.5,0.75,-14.965,0,0.0,14.965,12.0
Alabama State,,1,1.0,6.75,-14.83,0,0.0,14.83,6.75
UL Monroe,Sun Belt,4,0.25,-11.625,14.655,2,0.0,17.58,13.25
UCLA,Big Ten,4,1.0,18.0,-14.492,3,1.0,15.963,18.0
Bucknell,,1,0.0,-4.5,14.33,1,0.0,14.33,4.5
Grambling,,1,0.0,-11.5,14.33,1,0.0,14.33,11.5
Central Connecticut,,1,0.0,-16.5,14.3,0,0.0,14.3,16.5
James Madison,Sun Belt,4,1.0,18.375,-14.258,2,1.0,14.257,18.375
Portland State,,2,0.5,-9.5,13.65,2,0.5,14.09,16.0
Marshall,Sun Belt,4,0.25,-13.5,13.527,1,0.0,14.872,14.5
Louisiana Tech,Sun Belt,3,1.0,12.167,-13.213,2,1.0,15.66,12.167
Eastern Washington,,1,1.0,11.0,-12.92,0,0.0,12.92,11.0
Youngstown State,,1,0.0,-9.75,-12.76,0,0.0,12.76,9.75
Northern Illinois,Mountain West,4,0.25,-3.125,12.54,3,0.3333,12.54,7.875
New Mexico,Mountain West,4,1.0,16.562,-12.005,3,1.0,12.005,16.562
Eastern Illinois,,1,0.0,-9.5,11.83,1,0.0,11.83,9.5
Western Carolina,,1,0.0,-15.5,11.78,0,0.0,11.78,15.5
Oklahoma State,Big 12,4,0.75,6.625,-11.45,1,1.0,21.035,20.25
Florida A&M,,1,0.0,-10.5,10.96,1,0.0,10.96,10.5
UT Rio Grande Valley,,1,0.0,-0.5,-10.81,0,0.0,10.81,0.5
Central Michigan,Mid-American,4,0.25,-6.812,10.715,3,0.3333,16.835,14.688
Mississippi State,SEC,4,1.0,14.688,-10.535,4,1.0,10.535,14.688
William & Mary,,1,0.0,-12.0,10.41,0,0.0,10.41,12.0
East Texas A&M,,1,0.0,-0.75,9.99,1,0.0,9.99,0.75
Pittsburgh,ACC,4,0.75,8.562,-9.988,2,1.0,11.058,9.688
Nevada,Mountain West,4,0.5,4.688,9.793,3,0.6667,22.008,14.062
Miami,ACC,4,0.75,6.375,-9.765,1,1.0,11.16,10.0
UCF,Big 12,4,0.75,8.438,-9.66,2,1.0,9.66,10.188
Alabama,SEC,4,0.75,10.75,-9.527,4,0.75,12.232,13.0
Washington,Big Ten,4,0.0,-15.5,9.492,1,0.0,9.492,15.5
Florida,SEC,4,0.75,9.625,-9.393,2,0.5,12.752,10.875
Rhode Island,,1,0.0,-9.5,-9.11,0,0.0,9.11,9.5
Charlotte,American Athletic,4,0.5,-4.125,9.102,4,0.5,13.217,16.0
LSU,SEC,4,0.5,9.25,-9.003,2,0.5,15.193,16.5
Eastern Kentucky,,1,0.0,-19.75,8.96,0,0.0,8.96,19.75
Georgia State,Sun Belt,4,1.0,14.5,-8.92,4,1.0,10.42,14.5
Houston,Big 12,4,0.5,3.562,-8.917,0,0.0,9.088,9.062
Indiana State,,1,1.0,10.5,-8.88,1,1.0,8.88,10.5
Kent State,Mid-American,4,0.5,-0.938,8.797,3,0.3333,15.033,11.438
Virginia,ACC,4,0.75,7.062,-8.49,1,1.0,18.125,17.938
Notre Dame,FBS Independents,4,0.75,3.562,-8.38,0,0.0,11.965,9.438
Georgia,SEC,4,1.0,10.188,-8.327,2,1.0,9.378,10.188
Ball State,Mid-American,4,0.25,-5.938,8.235,3,0.3333,9.595,11.188
Vanderbilt,SEC,4,0.5,-4.25,8.217,3,0.6667,8.217,6.75
Virginia Tech,ACC,4,0.75,4.938,-8.098,2,1.0,9.498,8.688
Sam Houston,Conference USA,4,0.75,14.125,-8.09,4,0.75,12.845,14.375
Army,American Athletic,3,0.3333,3.917,-8.057,0,0.0,8.943,8.583
Towson,,2,1.0,6.25,-7.94,0,0.0,7.94,6.25
East Tennessee State,,1,1.0,4.0,-7.93,0,0.0,7.93,4.0
Ohio State,Big Ten,4,0.75,1.188,-7.747,1,1.0,7.747,2.438
Utah State,Pac-12,4,0.5,0.188,7.655,3,0.3333,18.825,17.062
Wyoming,Mountain West,4,0.25,-7.812,7.605,2,0.5,16.65,17.438
Utah Tech,,1,0.0,-6.0,7.51,1,0.0,7.51,6.0
Texas Tech,Big 12,4,0.25,-10.5,7.49,2,0.0,11.885,10.75
Syracuse,ACC,3,0.3333,5.917,-7.473,0,0.0,11.407,12.75
Duke,ACC,4,1.0,11.438,-7.422,4,1.0,7.422,11.438
Holy Cross,,1,0.0,-7.5,7.38,0,0.0,7.38,7.5
Massachusetts,Mid-American,4,0.75,15.75,-7.092,3,0.6667,15.432,20.125
Boston College,ACC,4,0.5,-8.0,7.037,1,1.0,11.293,13.75
Hawai'i,Mountain West,4,0.25,-8.562,6.992,0,0.0,8.867,9.812
Utah,Big 12,4,1.0,11.688,-6.868,2,1.0,8.447,11.688
Old Dominion,Sun Belt,4,0.0,-12.5,6.84,0,0.0,6.84,12.5
Texas,SEC,4,0.25,3.25,-6.79,0,0.0,7.58,8.0
Arkansas-Pine Bluff,,1,1.0,15.5,-6.63,1,1.0,6.63,15.5
Murray State,,2,0.0,-2.25,6.605,1,0.0,12.715,2.25
Stonehill,,2,1.0,6.625,-6.545,1,1.0,6.545,6.625
San Diego State,Pac-12,4,0.0,-12.312,6.455,0,0.0,6.455,12.312
Campbell,,1,1.0,2.5,-6.3,0,0.0,6.3,2.5
Cincinnati,Big 12,4,0.75,7.0,-6.143,2,1.0,10.192,12.25
Troy,Sun Belt,4,0.25,-2.75,6.09,3,0.3333,9.74,11.125
Liberty,Conference USA,4,0.5,1.875,6.065,4,0.5,15.775,16.125
Howard,,2,0.5,-3.125,5.965,1,0.0,11.115,5.625
Toledo,Mid-American,4,0.5,8.75,-5.917,4,0.5,12.082,10.625
Houston Christian,,2,0.0,-8.0,5.89,1,0.0,5.89,8.0
Georgia Tech,ACC,4,0.0,-7.875,5.867,0,0.0,5.867,7.875
Sacred Heart,,1,0.0,-3.5,-5.84,0,0.0,5.84,3.5
Merrimack,,1,0.0,-3.5,5.71,1,0.0,5.71,3.5
Oregon State,Pac-12,4,1.0,13.562,-5.628,3,1.0,5.738,13.562
Navy,American Athletic,3,0.0,-9.0,5.537,1,0.0,5.537,9.0
Northern Iowa,,1,0.0,-17.5,5.52,0,0.0,5.52,17.5
Eastern Michigan,Mid-American,5,0.4,-7.0,5.42,1,1.0,6.964,8.4
San José State,Mountain West,4,0.5,1.312,5.418,3,0.6667,10.523,13.062
Furman,,1,1.0,2.25,-5.34,0,0.0,5.34,2.25
BYU,Big 12,3,1.0,3.583,-5.26,0,0.0,5.26,3.583
North Texas,American Athletic,4,0.75,11.125,-5.215,3,0.6667,17.245,16.625
Lamar,,1,0.0,-10.75,-5.14,0,0.0,5.14,10.75
NC State,ACC,4,0.25,3.5,-5.138,1,1.0,13.563,16.375
Kansas State,Big 12,4,0.5,3.875,-4.955,2,0.5,11.765,14.125
Arkansas,SEC,4,0.25,-6.5,4.832,1,0.0,17.308,17.0
UTEP,Mountain West,4,0.25,-2.875,4.782,3,0.0,15.658,9.75
Oregon,Big Ten,4,0.5,-3.5,-4.745,0,0.0,17.955,21.5
Western Kentucky,Conference USA,4,0.5,-8.312,4.67,2,0.5,13.73,14.188
Southern Illinois,,1,0.0,-3.25,-4.67,0,0.0,4.67,3.25
Arizona,Big 12,4,0.0,-5.0,4.665,2,0.0,5.96,5.0
Purdue,Big Ten,4,0.25,-5.5,4.53,1,0.0,7.185,5.75
Colorado,Big 12,4,0.25,-8.0,4.463,1,1.0,7.192,11.75
Tulane,American Athletic,4,0.25,-4.0,4.395,2,0.5,5.495,8.75
SMU,ACC,4,0.25,-3.5,4.265,1,1.0,6.205,10.25
Lindenwood,,2,0.0,-9.5,4.255,0,0.0,4.255,9.5
Florida State,ACC,4,0.25,-7.062,4.215,1,0.0,6.92,9.312
UT Martin,,2,0.5,3.0,-4.145,1,0.0,11.465,6.5
Penn State,Big Ten,4,0.5,1.0,-4.135,2,0.5,13.0,11.0
App State,Sun Belt,4,0.75,8.0,-4.04,3,1.0,9.075,13.625
Florida International,Conference USA,4,0.5,-3.125,4.005,3,0.6667,5.485,7.5
UNLV,Mountain West,4,0.5,-6.188,3.99,2,1.0,15.695,19.562
East Carolina,American Athletic,4,0.25,-4.562,3.982,1,1.0,4.303,7.312
Weber State,,1,1.0,7.5,-3.9,1,1.0,3.9,7.5
Sacramento State,Mid-American,5,0.4,-6.95,3.82,3,0.3333,17.016,14.15
Maine,,2,0.5,0.25,-3.74,1,1.0,23.45,31.25
Iowa,Big Ten,4,0.75,5.125,-3.688,2,1.0,6.217,10.625
Robert Morris,,2,0.5,8.125,-3.685,2,0.5,20.815,16.625
Minnesota,Big Ten,4,0.75,2.875,-3.682,2,1.0,12.832,15.25
Arizona State,Big 12,3,0.6667,2.583,-3.593,1,0.0,13.653,11.083
South Alabama,Sun Belt,4,0.5,2.812,3.59,3,0.6667,5.405,5.562
Long Island University,,2,0.5,9.375,-3.575,2,0.5,12.905,11.125
Duquesne,,2,0.0,-3.25,3.565,1,0.0,4.455,3.25
Louisiana,Sun Belt,4,0.75,10.062,-3.445,3,0.6667,6.965,10.062
Rice,American Athletic,4,0.5,-0.562,3.355,3,0.6667,4.3,3.938
Nebraska,Big Ten,4,0.75,8.625,-3.333,1,0.0,15.268,8.75
Memphis,American Athletic,4,0.5,0.0,3.247,3,0.6667,8.402,9.125
Idaho,,1,0.0,-13.5,-3.16,0,0.0,3.16,13.5
Stanford,ACC,4,0.5,-4.375,3.092,1,1.0,10.227,12.0
Ole Miss,SEC,4,0.25,-6.312,3.05,1,0.0,9.37,11.688
Wake Forest,ACC,4,0.5,3.875,-2.935,2,0.5,5.81,6.875
Fresno State,Pac-12,4,0.75,6.188,-2.845,4,0.75,14.695,14.688
UConn,FBS Independents,4,0.5,10.0,-2.753,4,0.5,16.287,16.5
Clemson,ACC,4,0.5,-4.875,2.742,2,1.0,9.232,13.125
Stony Brook,,1,0.0,-10.5,2.72,0,0.0,2.72,10.5
Mercer,,1,1.0,5.5,-2.57,1,1.0,2.57,5.5
Colorado State,Pac-12,4,0.75,8.312,-2.555,4,0.75,6.665,8.562
North Dakota State,Mountain West,4,0.5,3.875,-2.372,3,0.6667,4.822,7.875
Southern Utah,,1,0.0,-14.25,2.37,0,0.0,2.37,14.25
Florida Atlantic,American Athletic,4,0.75,2.812,-2.338,2,0.5,12.992,12.062
Air Force,Mountain West,3,0.3333,-0.833,-2.313,1,1.0,3.32,3.5
Michigan,Big Ten,4,0.5,-4.938,2.297,1,1.0,6.607,11.188
Fordham,,2,0.5,1.25,2.275,1,0.0,7.045,2.25
USC,Big Ten,5,0.2,-8.1,2.264,1,0.0,11.392,14.9
Illinois,Big Ten,4,0.5,-2.875,2.253,2,1.0,4.152,5.75
Delaware,Conference USA,4,0.75,-0.25,2.215,2,0.5,10.95,9.375
TCU,Big 12,4,0.5,-1.875,-2.19,0,0.0,9.375,10.125
Tennessee State,,1,0.0,-10.75,-2.1,0,0.0,2.1,10.75
Michigan State,Big Ten,4,0.5,2.562,-2.063,3,0.6667,8.753,8.562
Prairie View A&M,,1,0.0,-3.5,-2.03,0,0.0,2.03,3.5
Temple,American Athletic,4,0.75,4.875,1.92,3,0.6667,5.465,4.875
Miami (OH),Mid-American,4,0.75,-2.562,1.858,2,1.0,11.818,11.812
Tennessee,SEC,4,0.5,1.562,-1.827,3,0.6667,4.498,3.938
Southern Miss,Sun Belt,4,0.5,3.5,-1.79,2,0.5,16.945,16.875
Western Michigan,Mid-American,4,0.5,3.625,1.768,3,0.6667,9.602,12.625
California,ACC,4,0.25,-9.75,1.712,1,1.0,8.112,13.25
Kennesaw State,Conference USA,4,0.75,2.25,-1.615,3,1.0,9.54,13.0
Iowa State,Big 12,4,0.5,7.062,-1.597,4,0.5,13.537,11.062
South Florida,American Athletic,4,0.5,-0.688,1.59,2,1.0,2.895,6.438
Auburn,SEC,4,0.25,-2.438,-1.567,0,0.0,3.243,3.562
Maryland,Big Ten,4,0.5,-6.5,1.543,1,0.0,25.668,21.0
Louisville,ACC,4,0.75,0.812,1.54,4,0.75,5.81,7.938
Missouri,SEC,4,0.25,-5.688,1.535,1,1.0,5.805,12.188
Georgia Southern,Sun Belt,4,0.75,2.625,1.51,3,1.0,1.515,2.875
Wisconsin,Big Ten,4,0.5,2.688,-1.375,3,0.3333,17.24,14.438
Ohio,Mid-American,4,0.5,-1.625,1.33,2,0.5,2.635,2.75
Norfolk State,,2,0.5,5.75,1.3,2,0.5,8.75,14.5
Oklahoma,SEC,4,0.25,-7.938,1.283,0,0.0,10.523,13.062
Delaware State,,1,0.0,-4.5,1.28,0,0.0,1.28,4.5
Indiana,Big Ten,4,0.0,-6.875,1.245,1,0.0,7.57,6.875
Tulsa,American Athletic,4,0.5,0.25,-1.233,2,0.5,13.707,13.75
Washington State,Pac-12,4,0.75,1.062,1.2,3,0.6667,5.43,5.688
North Carolina,ACC,3,0.3333,1.167,1.163,2,0.5,5.657,7.167
Missouri State,Conference USA,4,0.5,6.312,1.085,4,0.5,12.05,12.562
Wofford,,1,0.0,-10.5,-1.07,0,0.0,1.07,10.5
UC Davis,,1,0.0,-13.5,0.94,0,0.0,0.94,13.5
UTSA,American Athletic,4,0.75,3.125,0.803,3,1.0,5.473,3.25
UAB,American Athletic,4,0.5,3.562,0.775,3,0.6667,4.05,5.188
Akron,Mid-American,4,0.5,-3.0,0.685,1,1.0,10.94,10.0
Kansas,Big 12,3,0.3333,-4.333,0.66,1,0.0,6.88,5.5
North Carolina Central,,1,1.0,4.5,-0.65,1,1.0,0.65,4.5
Texas State,Pac-12,4,0.5,1.125,0.6,2,0.5,15.28,15.625
Texas A&M,SEC,4,0.5,-5.938,0.578,1,0.0,19.913,17.562
Baylor,Big 12,4,0.75,1.812,-0.547,3,1.0,2.208,3.438
Charleston Southern,,1,0.0,-2.75,-0.53,0,0.0,0.53,2.75
Monmouth,,1,0.0,-6.0,-0.5,0,0.0,0.5,6.0
Middle Tennessee,Conference USA,4,0.75,4.875,0.448,4,0.75,5.877,6.375
West Virginia,Big 12,4,0.5,-1.812,0.37,2,0.5,13.665,14.438
South Carolina,SEC,4,0.25,-4.0,0.365,1,0.0,16.045,14.5
Coastal Carolina,Sun Belt,4,0.5,-0.625,-0.315,2,0.5,6.595,8.125
Northwestern,Big Ten,3,1.0,15.833,-0.3,3,1.0,20.96,15.833
Kentucky,SEC,4,0.75,5.125,-0.28,2,1.0,14.585,14.75
Montana,,1,0.0,-17.5,-0.22,0,0.0,0.22,17.5
Boise State,Pac-12,4,0.75,7.188,-0.212,3,0.6667,16.922,14.312
Jacksonville State,Conference USA,5,0.6,0.75,0.178,3,0.6667,6.378,8.55
New Mexico State,Conference USA,4,0.5,1.688,-0.08,2,0.5,7.75,9.188
Villanova,,1,0.0,-7.0,0.06,0,0.0,0.06,7.0
Rutgers,Big Ten,4,0.5,-6.625,0.045,2,0.5,12.84,18.0
Arkansas State,Sun Belt,4,0.25,-0.625,-0.038,1,0.0,7.978,7.375
