ap_latest_rank,ap_preseason_rank,avg_closing_spread,avg_closing_total,avg_cover_margin,avg_lines_per_game,avg_margin,avg_opponent_postgame_elo,avg_opponent_pregame_elo,avg_points_against,avg_points_for,avg_team_postgame_elo,avg_team_pregame_elo,cfp_latest_rank,cfp_preseason_rank,classification,coaches_latest_rank,coaches_preseason_rank,conference,defense_explosiveness_allowed,defense_havoc_created,defense_line_yards_allowed,defense_passing_down_success_rate_allowed,defense_points_per_opportunity_allowed,defense_ppa_allowed,defense_standard_down_success_rate_allowed,defense_success_rate_allowed,fbs_avg_margin,fbs_avg_opponent_postgame_elo,fbs_avg_opponent_pregame_elo,fbs_games,fbs_losses,fbs_margin_sum,fbs_opponent_postgame_elo_sum,fbs_opponent_pregame_elo_sum,fbs_win_pct,fbs_wins,games_played,games_with_lines,latest_team_postgame_elo,line_count_sum,losses,margin_sum,offense_explosiveness,offense_havoc_allowed,offense_line_yards,offense_passing_down_success_rate,offense_points_per_opportunity,offense_ppa,offense_standard_down_success_rate,offense_success_rate,opponent_postgame_elo_sum,opponent_pregame_elo_sum,points_against,points_for,recent_avg_cover_margin,recent_avg_margin,recent_fbs_avg_margin,recent_fbs_win_pct,recent_win_pct,talent,team,team_id,wepa_allowed_total,wepa_explosiveness,wepa_explosiveness_allowed,wepa_pass,wepa_rush,wepa_rush_line_yards,wepa_rush_line_yards_allowed,wepa_success_rate,wepa_success_rate_allowed,wepa_total,win_pct,wins
,,4.368,53.736,-2.965,2.833,-7.333,1460.083,1447.667,32.75,25.417,1374.583,1387.0,,,fbs,,,ACC,1.366442,0.123,2.882452,0.348739,3.821918,0.234613,0.461274,0.428571,-13.091,1592.818,1579.273,11,10,-144,17521.0,17372.0,0.0909,1,12,12,1359.0,34.0,10,-88,1.214214,0.165,2.737607,0.320312,3.394366,0.160762,0.477234,0.429918,17521.0,17372.0,393,305,1.37,-7.299,-8.889,0.2077,0.2271,650.12,Boston College,103,0.240671,0.926752,1.015423,0.2263,0.075372,2.790481,2.988235,0.428043,0.426141,0.149325,0.1667,2
,,-1.0,50.077,-2.846,2.923,-1.846,1398.769,1386.538,27.154,25.308,1438.615,1450.846,,,fbs,,,ACC,1.183362,0.151,3.256311,0.268817,3.689189,0.162322,0.491554,0.420207,-4.667,1515.333,1502.083,12,6,-56,18184.0,18025.0,0.5,6,13,13,1360.0,38.0,6,-24,1.243424,0.164,2.64274,0.337884,3.704225,0.124528,0.439683,0.407367,18184.0,18025.0,353,329,-1.292,-4.825,-5.89,0.5107,0.5244,726.21,California,25,0.194427,0.918124,0.980204,0.245401,-0.006514,2.643395,3.195061,0.406777,0.429912,0.125811,0.5385,7
12,4,-10.353,51.91,-3.66,2.923,6.692,1482.538,1486.462,20.538,27.231,1711.231,1707.308,,,fbs,11,6,ACC,1.34051,0.196,2.724234,0.286164,2.684211,0.094616,0.422662,0.372998,4.333,1606.083,1610.333,12,6,52,19273.0,19324.0,0.5,6,13,13,1758.0,38.0,6,87,1.219016,0.151,3.046684,0.287938,3.797468,0.177768,0.483516,0.427293,19273.0,19324.0,267,354,1.439,11.456,7.084,0.6712,0.7227,918.43,Clemson,228,0.111049,0.921249,0.953772,0.245854,0.099184,3.006867,2.861823,0.429962,0.370648,0.171562,0.5385,7
,,-4.69,55.399,0.452,2.929,5.143,1442.571,1449.429,29.429,34.571,1575.0,1568.143,,,fbs,,,ACC,1.337482,0.172,2.581425,0.338762,4.392857,0.223787,0.480858,0.435417,3.385,1553.538,1560.923,13,5,44,20196.0,20292.0,0.6154,8,14,14,1616.0,41.0,5,72,1.328089,0.154,2.831264,0.33218,4.315789,0.245005,0.511078,0.457557,20196.0,20292.0,412,484,1.734,4.617,4.174,0.6835,0.6894,669.18,Duke,150,0.210049,0.961596,0.986128,0.348497,0.086937,2.815247,2.652568,0.457519,0.43499,0.223839,0.6429,9
25,14,-11.764,54.903,-0.764,2.917,11.0,1376.167,1388.5,22.0,33.0,1566.417,1554.083,,,fbs,19,19,ACC,1.186273,0.155,3.01472,0.279835,4.12069,0.147502,0.461967,0.405371,5.273,1501.273,1514.727,11,7,58,16514.0,16662.0,0.3636,4,12,12,1556.0,35.0,7,132,1.355618,0.145,3.473542,0.390625,3.950617,0.300686,0.506803,0.471564,16514.0,16662.0,264,396,-6.402,2.379,0.43,0.2988,0.3174,828.45,Florida State,52,0.153818,0.991197,0.928818,0.290742,0.21565,3.367346,2.988203,0.481956,0.412046,0.257632,0.4167,5
24,18,-8.256,56.397,-1.103,2.923,7.154,1429.308,1433.846,25.0,32.154,1587.769,1583.231,22,17,fbs,22,24,ACC,1.244314,0.137,2.981623,0.286822,3.557143,0.193973,0.505922,0.43934,3.833,1548.417,1553.333,12,4,46,18581.0,18640.0,0.6667,8,13,13,1595.0,38.0,4,93,1.165208,0.118,3.362108,0.364486,3.611765,0.272107,0.53271,0.490654,18581.0,18640.0,325,418,-3.12,1.437,0.159,0.5086,0.522,715.56,Georgia Tech,59,0.185079,0.917491,0.97731,0.344075,0.168206,3.288989,3.02207,0.502681,0.440206,0.241634,0.6923,9
19,19,-10.833,51.853,-2.064,2.846,8.769,1447.385,1450.692,21.154,29.923,1725.846,1722.538,20,15,fbs,21,22,ACC,1.188775,0.173,2.768766,0.231834,3.375,0.059925,0.432916,0.364387,6.667,1568.0,1571.583,12,4,80,18816.0,18859.0,0.6667,8,13,13,1744.0,37.0,4,114,1.202111,0.166,2.811587,0.276596,3.62069,0.152607,0.516026,0.450524,18816.0,18859.0,275,389,-0.056,6.569,5.965,0.5524,0.562,700.77,Louisville,97,0.085136,0.989646,0.965524,0.198836,0.166395,2.878879,2.770216,0.461918,0.37461,0.166062,0.6923,9
10,10,-11.406,50.625,4.719,2.875,16.125,1608.438,1625.812,14.812,30.938,1888.062,1870.688,10,18,fbs,10,10,ACC,1.263713,0.189,2.477828,0.281915,2.5125,0.033815,0.403077,0.358674,14.4,1715.667,1734.2,15,3,216,25735.0,26013.0,0.8,12,16,16,1967.0,46.0,3,258,1.155633,0.121,3.126642,0.33935,4.355769,0.222531,0.513141,0.468401,25735.0,26013.0,237,495,5.975,19.989,19.446,0.8232,0.8275,874.57,Miami,2390,0.010636,0.880003,0.985146,0.410366,0.106185,3.103112,2.588032,0.484505,0.331825,0.227684,0.8125,13
,,-2.16,56.237,0.917,2.923,3.077,1472.077,1480.077,27.154,30.231,1501.0,1493.0,,,fbs,,,ACC,1.385051,0.149,2.928463,0.314754,3.702381,0.189043,0.441275,0.398446,-0.5,1594.75,1603.417,12,5,-6,19137.0,19241.0,0.5833,7,13,13,1525.0,38.0,5,40,1.374961,0.158,2.849624,0.311355,4.690141,0.244261,0.477954,0.42381,19137.0,19241.0,353,393,3.228,2.186,-0.282,0.6042,0.6253,707.51,NC State,152,0.171662,1.001526,0.990423,0.30799,0.136209,2.929738,2.872506,0.430185,0.385755,0.221557,0.6154,8
,,1.285,47.417,-3.965,2.917,-5.25,1358.417,1343.667,24.5,19.25,1379.167,1393.917,,,fbs,,,ACC,1.197348,0.148,2.789109,0.276423,3.575758,0.148726,0.472318,0.413835,-8.909,1481.909,1465.818,11,8,-98,16301.0,16124.0,0.2727,3,12,12,1320.0,35.0,8,-63,1.162313,0.167,2.766869,0.286385,3.327273,0.061444,0.431452,0.38787,16301.0,16124.0,294,231,-3.633,-7.096,-8.435,0.2429,0.2663,753.2,North Carolina,153,0.189176,0.912144,0.964505,0.224527,0.01545,2.815466,2.936714,0.397331,0.430644,0.089925,0.3333,4
24,23,-5.917,54.212,3.006,2.846,8.923,1444.923,1456.0,24.769,33.692,1603.154,1592.077,22,24,fbs,24,23,ACC,1.329666,0.189,2.329567,0.260188,3.805556,0.06996,0.410619,0.356335,5.333,1565.333,1577.333,12,5,64,18784.0,18928.0,0.5833,7,13,13,1631.0,37.0,5,116,1.343746,0.184,2.752073,0.314381,3.648936,0.173462,0.447059,0.402685,18784.0,18928.0,322,438,0.712,1.24,0.053,0.5663,0.5762,681.21,Pittsburgh,221,0.079739,0.948804,0.947501,0.272576,0.067739,2.819346,2.493822,0.408693,0.357522,0.155385,0.6154,8
25,16,-10.513,56.199,1.179,2.846,11.692,1409.385,1419.769,20.538,32.231,1751.846,1741.462,21,21,fbs,25,16,ACC,1.210444,0.188,2.790865,0.330189,2.786667,0.032548,0.426866,0.395749,10.25,1526.833,1538.083,12,4,123,18322.0,18457.0,0.6667,8,13,13,1851.0,37.0,4,152,1.370234,0.168,2.954617,0.325758,3.8875,0.248607,0.480737,0.433217,18322.0,18457.0,267,419,4.87,12.908,12.521,0.6454,0.6537,766.67,SMU,2567,0.066743,0.996416,0.913839,0.378884,0.127335,2.94785,2.915626,0.447834,0.394828,0.248163,0.6923,9
,,14.528,48.861,4.194,2.917,-10.333,1595.917,1600.25,29.167,18.833,1269.583,1265.25,,,fbs,,,ACC,1.302991,0.146,2.801939,0.340502,3.458824,0.17839,0.467391,0.424789,-10.333,1595.917,1600.25,12,8,-124,19151.0,19203.0,0.3333,4,12,12,1335.0,35.0,8,-124,1.217562,0.172,2.615493,0.254682,3.016667,0.063267,0.420455,0.36478,19151.0,19203.0,350,226,6.519,-10.031,-10.031,0.3261,0.3261,707.27,Stanford,24,0.150213,0.901007,0.936475,0.228827,0.028196,2.678245,2.796581,0.385476,0.406124,0.103695,0.3333,4
,,8.465,54.056,-6.285,2.917,-14.75,1529.75,1503.333,34.917,20.167,1384.833,1411.25,,,fbs,,,ACC,1.304898,0.134,2.899735,0.318777,4.148649,0.266305,0.502683,0.449239,-19.909,1668.818,1640.0,11,9,-219,18357.0,18040.0,0.1818,2,12,12,1182.0,35.0,9,-177,1.17696,0.188,2.728218,0.267658,2.984848,0.052319,0.447735,0.390273,18357.0,18040.0,419,242,-11.535,-24.803,-27.146,0.0711,0.1026,727.83,Syracuse,183,0.222046,0.933311,1.020008,0.110122,0.052962,2.76841,2.897417,0.388579,0.423873,0.052449,0.25,3
20,16,-6.28,53.875,4.935,3.0,11.214,1368.857,1385.5,19.571,30.786,1578.071,1561.429,19,14,fbs,21,16,ACC,1.20222,0.181,2.834247,0.233449,3.014706,0.06366,0.434783,0.369492,9.077,1474.154,1492.077,13,3,118,19164.0,19397.0,0.7692,10,14,14,1622.0,42.0,3,157,1.276593,0.135,3.017073,0.323442,3.5625,0.173465,0.456461,0.413727,19164.0,19397.0,274,431,2.033,7.529,6.642,0.6747,0.6836,666.74,Virginia,258,0.076923,0.998509,0.944983,0.223805,0.128738,2.969305,2.831448,0.410712,0.370542,0.144031,0.7857,11
,,2.444,51.833,-6.306,2.917,-8.75,1468.75,1450.75,30.167,21.417,1445.583,1463.583,,,fbs,,,ACC,1.262221,0.132,3.009559,0.330357,4.342466,0.268247,0.494505,0.446753,-12.455,1602.273,1582.636,11,9,-137,17625.0,17409.0,0.1818,2,12,12,1382.0,35.0,9,-105,1.244346,0.167,3.34105,0.26506,3.677966,0.171799,0.491329,0.417969,17625.0,17409.0,362,257,-4.946,-11.97,-13.776,0.1409,0.1748,712.19,Virginia Tech,259,0.234818,0.98039,0.960208,0.18438,0.191422,3.290611,2.924022,0.43125,0.432223,0.18972,0.25,3
,,-0.192,50.859,5.808,2.923,6.0,1358.462,1368.769,22.077,28.077,1440.308,1430.0,,,fbs,,,ACC,1.214008,0.182,2.527356,0.250774,3.238095,0.040786,0.409917,0.354526,3.833,1471.667,1482.833,12,4,46,17660.0,17794.0,0.6667,8,13,13,1508.0,38.0,4,78,1.477695,0.155,2.762929,0.27972,3.232558,0.15901,0.430314,0.380233,17660.0,17794.0,287,365,4.877,5.013,4.3,0.6434,0.6525,627.16,Wake Forest,154,0.054302,0.998609,0.93258,0.22135,0.093209,2.832211,2.614617,0.383732,0.350168,0.137531,0.6923,9
,,-1.308,47.048,0.923,2.923,2.231,1317.231,1315.846,21.615,23.846,1552.769,1554.154,,,fbs,,,American Athletic,1.117196,0.127,3.147031,0.289474,3.764706,0.175006,0.512324,0.448492,2.667,1427.0,1425.5,12,5,32,17124.0,17106.0,0.5833,7,13,13,1512.0,38.0,6,29,1.143645,0.083,3.040492,0.286325,3.7,0.185317,0.472441,0.422325,17124.0,17106.0,281,310,1.205,1.182,1.266,0.4961,0.4863,23.66,Army,349,0.151197,0.956905,0.888356,0.319109,0.122341,2.943287,3.074418,0.401183,0.4469,0.161088,0.5385,7
,,18.701,53.035,-3.299,2.917,-22.0,1414.167,1394.917,36.333,14.333,1102.833,1122.083,,,fbs,,,American Athletic,1.072325,0.106,3.242013,0.324201,4.162791,0.226139,0.589231,0.52244,-24.636,1542.727,1521.727,11,11,-271,16970.0,16739.0,0.0,0,12,12,1023.0,35.0,11,-264,1.225603,0.185,2.284259,0.245136,2.72549,-0.007105,0.41189,0.353022,16970.0,16739.0,436,172,-0.879,-25.421,-26.493,0.0,0.032,526.3,Charlotte,2429,0.186963,0.884897,0.91407,0.120518,-0.040774,2.402236,3.143155,0.333223,0.501676,-0.008554,0.0833,1
,,-5.058,56.776,7.558,2.923,12.615,1297.308,1309.462,20.077,32.692,1533.154,1521.0,,,fbs,,,American Athletic,1.248205,0.191,2.348649,0.263975,3.046154,0.050074,0.43958,0.37626,9.25,1405.417,1418.583,12,4,111,16865.0,17023.0,0.6667,8,13,13,1576.0,38.0,4,164,1.161365,0.129,3.068681,0.341912,3.758242,0.192662,0.500678,0.457879,16865.0,17023.0,261,425,4.812,11.68,10.56,0.7162,0.7237,611.55,East Carolina,151,0.091666,0.904816,0.979825,0.285488,0.088467,2.97816,2.670943,0.437546,0.399775,0.159603,0.6923,9
,,5.715,61.493,-1.118,2.917,-6.833,1329.083,1318.0,36.333,29.5,1230.583,1241.667,,,fbs,,,American Athletic,1.291327,0.139,2.983974,0.287402,4.576923,0.224105,0.500835,0.43728,-11.273,1449.909,1437.818,11,8,-124,15949.0,15816.0,0.2727,3,12,12,1178.0,35.0,8,-82,1.398868,0.178,2.80581,0.290625,3.493827,0.159565,0.463087,0.402838,15949.0,15816.0,436,354,-3.116,-10.205,-11.655,0.2358,0.2564,605.22,Florida Atlantic,2226,0.221015,0.984274,1.003805,0.251617,0.045472,2.732723,2.986889,0.383767,0.448977,0.132899,0.3333,4
22,23,-8.564,56.295,0.744,2.846,9.308,1301.462,1296.538,23.154,32.462,1653.0,1657.923,,,fbs,23,25,American Athletic,1.287917,0.174,2.519205,0.292419,4.0,0.16928,0.462437,0.408676,7.167,1409.917,1404.583,12,5,86,16919.0,16855.0,0.5833,7,13,13,1620.0,37.0,5,121,1.309455,0.141,3.316438,0.32069,4.407407,0.245187,0.510673,0.449388,16919.0,16855.0,301,422,-2.599,3.829,3.046,0.4108,0.4252,668.63,Memphis,235,0.181483,1.04056,0.964682,0.187024,0.212611,3.131171,2.614819,0.434141,0.411216,0.20009,0.6154,8
22,23,-7.083,55.138,-0.622,2.923,6.462,1358.846,1361.308,25.0,31.462,1531.231,1528.769,,,fbs,25,23,American Athletic,1.356691,0.125,2.860185,0.306818,4.2,0.209369,0.448336,0.403593,3.25,1472.083,1474.75,12,2,39,17665.0,17697.0,0.8333,10,13,13,1527.0,38.0,2,84,1.242772,0.092,3.455836,0.333333,4.225,0.298983,0.538341,0.490408,17665.0,17697.0,325,409,0.112,0.659,-0.244,0.8088,0.8126,,Navy,2426,0.185947,1.016625,0.999528,0.325058,0.207223,3.227146,2.828095,0.460334,0.406392,0.221264,0.8462,11
23,24,-11.682,61.869,6.89,2.929,18.571,1289.5,1310.786,26.5,45.071,1628.714,1607.429,25,24,fbs,20,23,American Athletic,1.221332,0.137,3.195326,0.269481,4.026667,0.161551,0.484594,0.419765,16.077,1388.692,1411.615,13,2,209,18053.0,18351.0,0.8462,11,14,14,1716.0,41.0,2,260,1.309303,0.115,3.469822,0.390625,4.981308,0.351419,0.55863,0.516256,18053.0,18351.0,371,631,4.659,16.83,16.171,0.7613,0.7658,569.15,North Texas,249,0.197734,1.026,0.984391,0.399918,0.244996,3.343693,3.177721,0.506358,0.440964,0.320689,0.8571,12
,,7.885,49.615,-5.962,2.923,-13.846,1389.462,1367.769,32.923,19.077,1202.385,1224.077,,,fbs,,,American Athletic,1.482972,0.135,2.983296,0.324427,3.7125,0.239796,0.452862,0.413551,-16.75,1505.25,1481.75,12,8,-201,18063.0,17781.0,0.3333,4,13,13,1078.0,38.0,8,-180,1.207844,0.176,2.668948,0.199275,3.214286,0.037405,0.431579,0.355792,18063.0,17781.0,428,248,-8.514,-20.688,-22.131,0.2845,0.3084,530.06,Rice,242,0.224195,1.00872,1.029791,0.133357,0.006552,2.572998,2.958936,0.319714,0.418301,0.011383,0.3846,5
25,18,-9.192,61.391,7.885,2.923,17.077,1347.154,1371.615,23.385,40.462,1641.154,1616.692,24,24,fbs,20,23,American Athletic,1.326908,0.161,2.653404,0.294944,3.148148,0.080099,0.427432,0.379451,14.417,1459.417,1485.917,12,4,173,17513.0,17831.0,0.6667,8,13,13,1817.0,38.0,4,222,1.298093,0.138,3.266053,0.296875,4.453488,0.297714,0.532234,0.466956,17513.0,17831.0,304,526,8.696,23.454,22.478,0.7177,0.7281,666.89,South Florida,58,0.109987,0.960672,0.987004,0.38573,0.145195,3.141398,2.738999,0.461993,0.381162,0.255513,0.6923,9
,,5.104,52.799,3.271,2.917,-1.833,1332.833,1335.083,29.667,27.833,1257.833,1255.583,,,fbs,,,American Athletic,1.252414,0.146,3.308046,0.311321,4.770492,0.258093,0.504708,0.449529,-6.364,1454.0,1456.455,11,7,-70,15994.0,16021.0,0.3636,4,12,12,1219.0,35.0,7,-22,1.196683,0.144,2.699452,0.280543,4.583333,0.179942,0.493902,0.42777,15994.0,16021.0,356,334,-2.241,-9.787,-11.469,0.2486,0.2698,507.91,Temple,218,0.253539,0.927212,0.979582,0.265803,0.044971,2.655762,3.195288,0.402553,0.454064,0.139167,0.4167,5
17,18,-5.622,54.435,-1.836,3.0,3.786,1499.571,1497.214,23.929,27.714,1587.714,1590.071,20,24,fbs,18,18,American Athletic,1.183245,0.165,2.962361,0.330909,3.651163,0.150072,0.490701,0.445585,3.786,1499.571,1497.214,14,3,53,20994.0,20961.0,0.7857,11,14,14,1627.0,42.0,3,53,1.204651,0.125,3.102204,0.333333,3.875,0.204962,0.494048,0.447257,20994.0,20961.0,335,388,1.303,9.889,9.889,0.872,0.872,650.87,Tulane,2655,0.131193,0.924258,0.939508,0.335295,0.069859,2.995191,2.951174,0.433352,0.434441,0.178423,0.7857,11
,,6.292,53.708,0.542,2.833,-5.75,1268.667,1274.417,28.917,23.167,1067.25,1061.5,,,fbs,,,American Athletic,1.20662,0.127,2.932869,0.320755,3.779221,0.151436,0.468652,0.425249,-8.818,1384.0,1390.273,11,8,-97,15224.0,15293.0,0.2727,3,12,12,1110.0,34.0,8,-69,1.258291,0.17,2.862346,0.282392,3.342105,0.112305,0.461897,0.404661,15224.0,15293.0,347,278,-0.715,-4.858,-5.649,0.3526,0.3678,594.78,Tulsa,202,0.186889,0.997379,0.957794,0.133471,0.053031,2.808249,2.936829,0.387672,0.439157,0.081499,0.3333,4
,,10.049,60.688,-1.785,2.833,-11.833,1354.917,1343.667,38.25,26.417,1245.833,1257.083,,,fbs,,,American Athletic,1.271164,0.12,3.35,0.311881,4.708861,0.323186,0.554935,0.488498,-13.818,1478.091,1465.818,11,8,-152,16259.0,16124.0,0.2727,3,12,12,1184.0,34.0,8,-142,1.296916,0.153,3.106094,0.337255,3.628571,0.177825,0.474606,0.432203,16259.0,16124.0,459,317,-0.886,-12.99,-13.526,0.2979,0.3139,540.93,UAB,5,0.253001,0.986327,0.935672,0.221005,0.101171,2.948513,3.210178,0.399456,0.470232,0.125829,0.3333,4
,,-2.346,59.103,4.346,2.923,6.692,1332.615,1343.308,28.846,35.538,1524.308,1513.615,,,fbs,,,American Athletic,1.391218,0.185,2.745814,0.258389,4.2,0.135858,0.446461,0.380448,4.917,1443.667,1455.25,12,6,59,17324.0,17463.0,0.5,6,13,13,1575.0,38.0,6,87,1.319247,0.16,2.786811,0.335821,4.226667,0.204024,0.484452,0.439135,17324.0,17463.0,375,462,4.505,7.096,6.431,0.5196,0.5344,662.09,UTSA,2636,0.129923,1.03876,0.99313,0.268521,0.124192,2.748542,2.832381,0.42558,0.38075,0.173322,0.5385,7
21,22,-5.538,53.564,6.692,2.923,12.231,1406.769,1431.154,19.308,31.538,1537.308,1512.923,17,25,fbs,20,22,Big 12,1.194696,0.202,2.859193,0.259649,3.383333,0.06948,0.436644,0.378596,9.5,1524.0,1550.417,12,4,114,18288.0,18605.0,0.6667,8,13,13,1689.0,38.0,4,159,1.262335,0.147,3.116783,0.297491,3.609195,0.167143,0.4832,0.425885,18288.0,18605.0,251,410,9.463,13.028,12.173,0.8026,0.8077,651.62,Arizona,12,0.083516,0.997011,0.944325,0.194418,0.124356,2.976122,2.843992,0.425143,0.376349,0.157261,0.6923,9
24,11,-3.712,51.628,-2.404,2.846,1.308,1464.923,1457.923,24.462,25.769,1656.923,1663.923,20,25,fbs,25,11,Big 12,1.220272,0.188,2.755396,0.27931,3.458824,0.102584,0.467949,0.408096,-0.167,1587.0,1579.417,12,5,-2,19044.0,18953.0,0.5833,7,13,13,1615.0,37.0,5,17,1.268451,0.168,2.882983,0.28479,3.373494,0.131833,0.452978,0.398099,19044.0,18953.0,318,335,-1.646,0.544,0.106,0.6021,0.6113,738.52,Arizona State,9,0.09788,0.94974,0.939983,0.226474,0.102288,2.897213,2.802096,0.407569,0.39907,0.131473,0.6154,8
12,11,-6.601,50.467,5.685,2.929,12.286,1486.071,1493.643,19.143,31.429,1719.143,1711.571,12,7,fbs,13,23,Big 12,1.203355,0.158,2.739723,0.248387,3.294872,0.063301,0.454844,0.385201,7.923,1600.385,1608.538,13,2,103,20805.0,20911.0,0.8462,11,14,14,1750.0,41.0,2,172,1.178996,0.136,3.0238,0.296029,4.032967,0.220409,0.526706,0.459516,20805.0,20911.0,268,440,3.697,5.687,4.503,0.7232,0.7283,649.36,BYU,252,0.070515,0.937316,0.950943,0.291816,0.158473,2.965091,2.890888,0.470769,0.386768,0.22023,0.8571,12
,,-4.993,61.653,-6.493,2.917,-1.5,1491.0,1483.083,32.583,31.083,1573.0,1580.917,,,fbs,,,Big 12,1.16152,0.123,3.129399,0.280851,4.295775,0.172921,0.499151,0.436893,-4.818,1626.545,1617.909,11,7,-53,17892.0,17797.0,0.3636,4,12,12,1509.0,35.0,7,-18,1.282474,0.146,3.092042,0.35,3.694118,0.19259,0.489891,0.447454,17892.0,17797.0,391,373,-7.882,-7.124,-8.568,0.2394,0.2647,726.3,Baylor,239,0.16997,0.939976,0.956836,0.271457,0.136241,3.010649,3.035956,0.461008,0.43732,0.209016,0.4167,5
22,24,-6.295,56.487,-1.603,2.923,4.692,1458.692,1458.385,25.615,30.308,1543.308,1543.615,25,25,fbs,22,24,Big 12,1.155143,0.122,3.203509,0.320463,3.930556,0.189755,0.485075,0.439182,-0.75,1580.25,1579.917,12,6,-9,18963.0,18959.0,0.5,6,13,13,1519.0,38.0,6,61,1.318683,0.12,3.478283,0.317391,4.597403,0.298651,0.530686,0.468112,18963.0,18959.0,333,394,-5.89,-2.814,-5.192,0.3489,0.3695,644.1,Cincinnati,2132,0.194247,0.991513,0.936544,0.328483,0.167329,3.260535,3.121771,0.451799,0.436838,0.237866,0.5385,7
,,3.542,50.139,-6.042,2.917,-9.583,1587.667,1563.5,30.5,20.917,1522.083,1546.25,,,fbs,,,Big 12,1.333521,0.151,2.984168,0.284047,4.013158,0.189919,0.485269,0.423261,-9.583,1587.667,1563.5,12,9,-115,19052.0,18762.0,0.25,3,12,12,1344.0,35.0,9,-115,1.377201,0.197,2.67954,0.298013,3.483871,0.083939,0.380567,0.349246,19052.0,18762.0,366,251,-7.633,-15.006,-15.006,0.1351,0.1351,755.2,Colorado,38,0.173802,0.983873,1.01531,0.196473,0.065416,2.779305,2.955994,0.367743,0.411824,0.117918,0.25,3
25,22,-4.205,48.679,2.026,2.846,6.231,1369.692,1380.231,22.846,29.077,1473.154,1462.615,21,23,fbs,24,19,Big 12,1.118983,0.162,2.713073,0.247312,3.909091,0.105852,0.489076,0.411899,4.5,1483.833,1495.25,12,3,54,17806.0,17943.0,0.75,9,13,13,1496.0,37.0,3,81,1.219925,0.134,2.619672,0.262976,3.551724,0.106378,0.479881,0.414583,17806.0,17943.0,297,378,1.778,3.273,2.706,0.6751,0.6827,656.74,Houston,248,0.166618,0.891309,0.887682,0.306229,0.033045,2.755143,2.948305,0.444317,0.441936,0.143375,0.7692,10
22,22,-5.069,50.979,2.181,2.917,7.25,1401.167,1402.25,20.167,27.417,1620.833,1619.75,,,fbs,21,21,Big 12,1.208629,0.167,2.807945,0.285156,3.057971,0.090215,0.443378,0.391248,3.545,1528.545,1529.727,11,4,39,16814.0,16827.0,0.6364,7,12,12,1629.0,35.0,4,87,1.208735,0.145,3.037333,0.312757,3.541176,0.191413,0.506897,0.449575,16814.0,16827.0,242,329,1.193,6.184,5.105,0.6673,0.6757,648.93,Iowa State,66,0.106648,0.946784,0.925826,0.245644,0.139796,2.990061,2.821329,0.447288,0.3961,0.170748,0.6667,8
,,-5.917,55.243,-4.583,2.917,1.333,1452.667,1447.083,26.75,28.083,1600.167,1605.75,,,fbs,,,Big 12,1.385329,0.177,2.875721,0.312268,4.241935,0.236085,0.463138,0.412281,-2.091,1584.727,1578.636,11,7,-23,17432.0,17365.0,0.3636,4,12,12,1516.0,35.0,7,16,1.135863,0.144,3.511807,0.317308,3.943662,0.213694,0.537133,0.479034,17432.0,17365.0,321,337,-7.11,-6.147,-7.304,0.2359,0.255,705.32,Kansas,2305,0.230951,0.929122,0.985681,0.282321,0.157923,3.309403,2.913802,0.478584,0.426343,0.217385,0.4167,5
17,17,-4.535,52.792,-1.785,2.833,2.75,1454.5,1454.917,26.667,29.417,1678.0,1677.583,,,fbs,20,20,Big 12,1.327951,0.167,2.719205,0.279863,3.447368,0.119256,0.45189,0.394286,2.727,1586.727,1587.182,11,6,30,17454.0,17459.0,0.4545,5,12,12,1674.0,34.0,6,33,1.406304,0.175,2.796212,0.30303,4.153846,0.207904,0.460922,0.406291,17454.0,17459.0,320,353,0.332,3.495,3.507,0.5671,0.5778,705.85,Kansas State,2306,0.107301,1.058636,1.008815,0.254071,0.15022,2.792463,2.845863,0.41388,0.38893,0.207844,0.5,6
,,15.167,53.528,-4.0,2.833,-19.167,1447.5,1428.833,33.333,14.167,1129.667,1148.333,,,fbs,,,Big 12,1.356967,0.149,2.878291,0.309917,4.0,0.26108,0.499112,0.442236,-22.727,1579.091,1558.727,11,11,-250,17370.0,17146.0,0.0,0,12,12,1110.0,34.0,11,-230,1.168967,0.188,2.600257,0.235294,2.961538,-0.01158,0.403614,0.341804,17370.0,17146.0,400,170,1.87,-15.79,-16.642,0.0,0.0233,702.74,Oklahoma State,197,0.233319,0.932467,0.997579,0.092023,0.004814,2.730624,2.858982,0.355865,0.430681,0.027787,0.0833,1
24,25,-6.962,57.603,-1.577,3.0,5.385,1481.308,1484.154,25.308,30.692,1693.077,1690.231,,,fbs,25,25,Big 12,1.280143,0.149,2.7959,0.310954,3.487805,0.141022,0.444984,0.402886,4.083,1604.75,1607.833,12,4,49,19257.0,19294.0,0.6667,8,13,13,1652.0,39.0,4,70,1.264485,0.153,2.740476,0.334483,4.139241,0.197024,0.496774,0.445055,19257.0,19294.0,329,399,-2.48,2.637,2.054,0.6416,0.6527,745.01,TCU,2628,0.106058,0.918564,0.933727,0.327172,0.072246,2.750782,2.755621,0.437834,0.381503,0.186519,0.6923,9
4,23,-19.839,54.699,7.804,2.929,27.643,1405.643,1440.286,11.786,39.429,1858.143,1823.5,4,8,fbs,4,24,Big 12,1.166868,0.233,2.111302,0.232044,2.40678,-0.065167,0.367311,0.314715,25.154,1513.769,1551.077,13,2,327,19679.0,20164.0,0.8462,11,14,14,2108.0,41.0,2,387,1.318683,0.152,2.818027,0.337176,4.0,0.245954,0.487032,0.43708,19679.0,20164.0,165,552,11.973,30.232,29.639,0.918,0.9196,757.49,Texas Tech,2641,-0.033832,1.001691,0.911685,0.344146,0.11379,2.769362,2.324715,0.426747,0.315717,0.213377,0.8571,12
,,-1.653,50.243,-0.903,2.917,0.75,1431.0,1423.5,23.583,24.333,1539.583,1547.083,,,fbs,,,Big 12,1.130372,0.164,2.938636,0.25098,3.521127,0.113387,0.50365,0.423412,-4.727,1561.091,1552.909,11,7,-52,17172.0,17082.0,0.3636,4,12,12,1448.0,35.0,7,9,1.368497,0.173,2.662803,0.254753,3.492063,0.149386,0.47081,0.399244,17172.0,17082.0,283,292,-4.5,-8.023,-9.901,0.2955,0.3142,709.99,UCF,2116,0.127663,1.026042,0.93707,0.189511,0.087558,2.724345,3.020256,0.395075,0.427603,0.117837,0.4167,5
15,14,-13.833,52.359,8.551,2.923,22.385,1429.615,1463.0,18.923,41.308,1805.615,1772.231,15,13,fbs,15,14,Big 12,1.344166,0.169,2.963676,0.283784,2.930556,0.067535,0.429766,0.381432,19.75,1548.75,1584.917,12,2,237,18585.0,19019.0,0.8333,10,13,13,1954.0,38.0,2,291,1.248999,0.124,3.540253,0.393701,5.011494,0.346616,0.532281,0.495268,18585.0,19019.0,246,537,6.766,19.228,18.253,0.8869,0.8899,707.86,Utah,254,0.088847,1.027543,1.041831,0.343308,0.271321,3.393092,2.955221,0.488911,0.381912,0.315556,0.8462,11
,,5.91,51.75,-3.174,2.833,-9.083,1501.833,1486.917,30.833,21.75,1369.667,1384.583,,,fbs,,,Big 12,1.392286,0.177,2.411429,0.331058,3.902439,0.158526,0.433735,0.399314,-13.727,1638.364,1622.091,11,8,-151,18022.0,17843.0,0.2727,3,12,12,1291.0,34.0,8,-109,1.216687,0.16,2.777347,0.251938,3.53125,0.071099,0.425676,0.372941,18022.0,17843.0,370,261,-3.67,-14.175,-15.623,0.2779,0.2961,662.33,West Virginia,277,0.163234,0.943588,0.971137,0.186593,0.031175,2.725716,2.545281,0.375517,0.40445,0.092338,0.3333,4
23,12,-7.397,53.878,-1.628,2.846,5.769,1489.385,1490.692,23.615,29.385,1599.0,1597.692,21,21,fbs,23,12,Big Ten,1.180196,0.153,3.008608,0.35124,4.333333,0.192434,0.488599,0.449766,2.167,1613.5,1614.917,12,4,26,19362.0,19379.0,0.6667,8,13,13,1583.0,37.0,4,75,1.162071,0.155,3.003513,0.352459,4.2125,0.206813,0.526227,0.475449,19362.0,19379.0,307,382,-4.317,2.805,1.686,0.6371,0.6456,662.13,Illinois,356,0.168286,0.893263,0.94593,0.345562,0.075203,2.943683,2.980272,0.465874,0.430675,0.189493,0.6923,9
1,20,-17.167,50.44,12.771,3.0,29.938,1560.562,1594.688,11.688,41.625,2094.312,2060.188,1,2,fbs,1,19,Big Ten,1.339352,0.232,2.283019,0.25,2.070175,0.014359,0.395548,0.343612,27.067,1664.6,1701.0,15,0,406,24969.0,25515.0,1.0,15,16,16,2191.0,48.0,0,479,1.222814,0.114,3.353302,0.406977,5.133929,0.342294,0.546667,0.513389,24969.0,25515.0,187,666,10.972,27.376,26.15,1.0,1.0,645.34,Indiana,84,0.025386,0.964516,0.993802,0.483442,0.191852,3.21487,2.446684,0.510992,0.332156,0.328115,1.0,16
17,17,-6.923,43.647,6.308,2.846,13.231,1541.077,1560.692,16.077,29.308,1824.077,1804.462,23,20,fbs,24,17,Big Ten,1.075925,0.169,2.82199,0.253219,3.339286,0.054506,0.442238,0.386277,12.083,1669.5,1690.75,12,4,145,20034.0,20289.0,0.6667,8,13,13,1933.0,37.0,4,172,1.099352,0.112,3.245062,0.260274,4.435897,0.153101,0.508532,0.440994,20034.0,20289.0,209,381,6.515,11.68,11.323,0.6702,0.6778,710.0,Iowa,2294,0.043273,0.935722,0.907421,0.232342,0.129558,3.10367,2.828816,0.428472,0.373883,0.142957,0.6923,9
,,2.021,50.694,-0.979,2.917,-3.0,1460.75,1456.5,26.5,23.5,1506.083,1510.333,,,fbs,,,Big Ten,1.213569,0.141,3.075333,0.291339,3.597403,0.112229,0.490228,0.432028,-5.727,1593.545,1588.909,11,8,-63,17529.0,17478.0,0.2727,3,12,12,1387.0,35.0,8,-36,1.293594,0.142,2.793266,0.330855,3.393939,0.113569,0.415094,0.386733,17529.0,17478.0,318,282,-5.44,-12.597,-13.886,0.0895,0.1182,699.31,Maryland,120,0.126549,0.96621,0.954668,0.19343,0.018931,2.784735,3.010347,0.373943,0.428053,0.094655,0.3333,4
18,14,-9.462,47.333,-2.308,3.0,7.154,1587.308,1588.385,20.385,27.538,1813.154,1812.077,18,21,fbs,17,14,Big Ten,1.129912,0.167,2.642289,0.32567,3.791045,0.112932,0.457711,0.417824,7.154,1587.308,1588.385,13,4,93,20635.0,20649.0,0.6923,9,13,13,1814.0,39.0,4,93,1.135395,0.121,3.318919,0.289157,3.643678,0.198473,0.523102,0.454971,20635.0,20649.0,265,358,-2.668,4.96,4.96,0.6987,0.6987,907.22,Michigan,130,0.110693,0.966958,0.928733,0.238144,0.208437,3.258102,2.716619,0.461875,0.407144,0.215374,0.6923,9
,,3.333,49.153,-2.0,2.917,-5.333,1534.417,1537.833,29.917,24.583,1385.917,1382.5,,,fbs,,,Big Ten,1.182073,0.135,2.87124,0.290749,3.905405,0.197972,0.510018,0.445876,-7.364,1673.909,1677.636,11,8,-81,18413.0,18454.0,0.2727,3,12,12,1409.0,35.0,8,-64,1.201113,0.18,2.580441,0.294118,3.75,0.130567,0.476103,0.420716,18413.0,18454.0,359,295,0.339,-5.844,-6.613,0.2542,0.2785,717.42,Michigan State,127,0.171414,0.959255,0.937891,0.249835,0.066388,2.614849,2.869775,0.420871,0.427427,0.13831,0.3333,4
,,-0.731,44.59,-0.654,2.923,0.077,1498.077,1490.385,22.923,23.0,1549.769,1557.462,,,fbs,,,Big Ten,1.248583,0.176,2.78267,0.328829,3.84127,0.176627,0.484436,0.4375,-5.417,1622.917,1614.583,12,5,-65,19475.0,19375.0,0.5833,7,13,13,1510.0,38.0,5,1,1.144668,0.158,2.750311,0.277778,3.786885,0.108826,0.465447,0.404959,19475.0,19375.0,298,299,0.476,-3.884,-5.814,0.523,0.5358,711.04,Minnesota,135,0.198446,0.933895,0.974321,0.203314,0.021302,2.651115,2.90384,0.380926,0.439505,0.096432,0.6154,8
25,25,-6.737,48.756,-2.66,2.923,4.077,1512.154,1514.769,24.615,28.692,1644.231,1641.615,,,fbs,,,Big Ten,1.270282,0.144,3.152902,0.340426,4.369231,0.190138,0.4625,0.426415,0.083,1638.167,1641.0,12,6,1,19658.0,19692.0,0.5,6,13,13,1580.0,38.0,6,53,1.107669,0.128,3.187799,0.338095,3.925926,0.181922,0.512658,0.469121,19658.0,19692.0,320,373,-7.154,-5.628,-7.564,0.3843,0.4043,821.39,Nebraska,158,0.183401,0.913734,1.026321,0.230712,0.108873,3.012243,3.076863,0.445087,0.421464,0.158712,0.5385,7
,,1.577,46.013,5.115,2.923,3.538,1462.077,1473.077,19.846,23.385,1488.077,1477.077,,,fbs,,,Big Ten,1.1594,0.15,3.169543,0.346667,3.371429,0.170642,0.493625,0.450904,0.917,1583.917,1595.833,12,6,11,19007.0,19150.0,0.5,6,13,13,1524.0,38.0,6,46,1.174474,0.167,2.982005,0.32377,3.211268,0.146085,0.473422,0.43026,19007.0,19150.0,258,304,3.855,-0.316,-1.274,0.4145,0.43,677.97,Northwestern,77,0.15148,0.933194,0.965376,0.202139,0.115481,2.905492,3.004761,0.420457,0.440201,0.138467,0.5385,7
3,3,-20.464,48.039,3.679,3.0,24.143,1554.214,1565.929,9.286,33.429,2091.857,2080.143,2,1,fbs,3,2,Big Ten,1.04336,0.163,2.690051,0.236842,2.644444,-0.013623,0.420949,0.357513,20.615,1673.769,1686.385,13,2,268,21759.0,21923.0,0.8462,11,14,14,2169.0,42.0,2,338,1.145079,0.112,3.122566,0.39,4.82716,0.327146,0.572886,0.531603,21759.0,21923.0,130,468,2.847,21.83,20.775,0.8003,0.8046,973.69,Ohio State,194,0.012084,0.893292,0.918944,0.471932,0.101933,2.998931,2.682267,0.512354,0.344057,0.289073,0.8571,12
5,7,-15.628,51.922,3.439,2.867,19.067,1623.133,1637.2,17.867,36.933,2040.867,2026.8,5,9,fbs,5,7,Big Ten,1.226068,0.182,2.778571,0.271293,3.903226,0.040779,0.41129,0.363927,17.143,1739.071,1754.143,14,2,240,24347.0,24558.0,0.8571,12,15,15,2087.0,43.0,2,286,1.34345,0.109,3.078998,0.316981,4.09901,0.302712,0.532033,0.474059,24347.0,24558.0,268,554,2.459,17.008,16.362,0.9187,0.9205,941.22,Oregon,2483,0.030482,1.014734,0.960975,0.366071,0.202048,3.094733,2.782049,0.484646,0.34253,0.290032,0.8667,13
7,2,-13.301,49.846,-2.84,2.923,10.462,1529.308,1520.923,20.538,31.0,2008.154,2016.538,,,fbs,22,3,Big Ten,1.184686,0.159,2.934152,0.2875,3.333333,0.10487,0.460573,0.408521,7.5,1656.75,1647.667,12,6,90,19881.0,19772.0,0.5,6,13,13,1951.0,38.0,6,136,1.197725,0.135,3.124667,0.313084,4.32,0.227899,0.515913,0.462392,19881.0,19772.0,267,403,0.206,7.388,6.167,0.5584,0.5719,910.42,Penn State,213,0.109177,0.97498,0.959014,0.310994,0.155429,3.004975,2.953189,0.467874,0.394713,0.229644,0.5385,7
,,9.778,52.312,-3.306,2.917,-13.083,1594.667,1596.333,31.833,18.75,1297.5,1295.833,,,fbs,,,Big Ten,1.243491,0.152,3.213115,0.322275,4.028986,0.269712,0.537341,0.477632,-15.818,1739.636,1741.455,11,10,-174,19136.0,19156.0,0.0909,1,12,12,1227.0,35.0,10,-157,1.221109,0.16,2.903056,0.341176,3.061538,0.097369,0.458491,0.420382,19136.0,19156.0,382,225,-7.491,-23.08,-24.278,0.0254,0.0537,687.74,Purdue,2509,0.205709,0.990977,0.933971,0.165795,0.119308,2.923394,3.08346,0.417994,0.440924,0.121956,0.1667,2
,,1.306,55.403,-1.861,2.917,-3.167,1551.583,1547.167,31.833,28.667,1512.0,1516.417,,,fbs,,,Big Ten,1.344639,0.124,3.175272,0.333333,4.453333,0.308726,0.531873,0.473315,-8.0,1692.636,1687.818,11,7,-88,18619.0,18566.0,0.3636,4,12,12,1469.0,35.0,7,-38,1.219662,0.159,3.034475,0.34902,3.378049,0.210159,0.508091,0.461627,18619.0,18566.0,382,344,-0.244,-9.301,-11.361,0.2741,0.2985,689.22,Rutgers,164,0.300485,0.924103,1.039043,0.3182,0.080873,2.949124,3.067286,0.460652,0.463898,0.206246,0.4167,5
,,9.347,50.889,-5.903,2.917,-15.25,1716.5,1702.333,33.417,18.167,1374.167,1388.333,,,fbs,,,Big Ten,1.148523,0.12,3.324368,0.40404,4.605263,0.260926,0.530017,0.498079,-15.25,1716.5,1702.333,12,9,-183,20598.0,20428.0,0.25,3,12,12,1322.0,35.0,9,-183,1.167566,0.159,3.038776,0.311688,2.984127,0.117325,0.458498,0.412483,20598.0,20428.0,401,218,-5.606,-19.229,-19.229,0.1844,0.1844,766.62,UCLA,26,0.185249,0.989163,0.941729,0.18262,0.156368,2.993565,3.12728,0.423411,0.45619,0.15026,0.25,3
16,20,-10.942,58.077,1.827,2.923,12.769,1624.538,1639.538,23.0,35.769,1887.769,1872.769,16,19,fbs,16,21,Big Ten,1.161715,0.159,3.28799,0.330579,3.530303,0.148791,0.498252,0.448403,12.769,1624.538,1639.538,13,4,166,21119.0,21314.0,0.6923,9,13,13,1889.0,38.0,4,166,1.342008,0.132,3.154745,0.380531,4.658824,0.344159,0.530844,0.490499,21119.0,21314.0,299,465,0.404,8.216,8.216,0.7067,0.7067,847.53,USC,30,0.130092,0.992617,0.900752,0.456886,0.164007,3.06472,3.153993,0.484736,0.428003,0.314139,0.6923,9
24,24,-8.878,52.699,6.506,2.923,15.385,1456.846,1478.462,18.692,34.077,1709.308,1687.692,23,23,fbs,,,Big Ten,1.212395,0.146,2.793548,0.296667,2.929577,0.057432,0.425225,0.380117,11.667,1578.25,1601.667,12,4,140,18939.0,19220.0,0.6667,8,13,13,1801.0,38.0,4,200,1.257378,0.135,3.224065,0.362445,4.578313,0.290008,0.537688,0.489104,18939.0,19220.0,243,443,5.949,12.207,10.917,0.5783,0.5893,720.56,Washington,264,0.063155,0.989056,0.894446,0.338699,0.161102,2.968048,2.756529,0.474546,0.373642,0.239546,0.6923,9
,,7.042,42.556,-1.708,2.917,-8.75,1745.833,1743.0,21.583,12.833,1513.667,1516.5,,,fbs,,,Big Ten,1.133457,0.129,2.73892,0.284444,3.134328,0.172562,0.518234,0.447721,-8.75,1745.833,1743.0,12,8,-105,20950.0,20916.0,0.3333,4,12,12,1502.0,35.0,8,-105,1.196673,0.183,2.872658,0.256637,2.282609,0.022418,0.418067,0.366097,20950.0,20916.0,259,154,1.806,-8.897,-8.897,0.3304,0.3304,763.17,Wisconsin,275,0.130372,0.994871,0.908728,0.123149,0.099822,2.961939,2.718941,0.386507,0.417902,0.083937,0.3333,4
,,0.256,55.128,-1.744,2.846,-2.0,1280.462,1269.385,31.0,29.0,1417.385,1428.462,,,fbs,,,Conference USA,1.423137,0.158,2.810926,0.335664,4.0375,0.207568,0.450085,0.412771,-3.667,1387.167,1375.167,12,6,-44,16646.0,16502.0,0.5,6,13,13,1339.0,37.0,6,-26,1.283556,0.154,2.86168,0.296417,3.517241,0.192645,0.496923,0.432602,16646.0,16502.0,403,377,-2.814,-3.412,-3.889,0.4684,0.48,242.85,Delaware,48,0.236852,0.988018,1.050742,0.230651,0.068169,2.750291,2.887171,0.405168,0.44043,0.153633,0.5385,7
,,2.34,53.692,0.878,2.769,-1.462,1322.385,1318.692,30.0,28.538,1317.231,1320.923,,,fbs,,,Conference USA,1.270342,0.164,3.182938,0.282759,3.654762,0.149935,0.481717,0.418934,-4.333,1432.583,1428.583,12,6,-52,17191.0,17143.0,0.5,6,13,13,1417.0,36.0,6,-19,1.306832,0.169,2.774617,0.266667,4.120482,0.15773,0.474878,0.406761,17191.0,17143.0,390,371,7.856,7.577,7.011,0.6872,0.694,562.61,Florida International,2229,0.168547,1.038265,0.954868,0.193338,0.085965,2.699973,3.19532,0.371543,0.43448,0.102728,0.5385,7
,,-0.42,54.631,2.509,3.0,2.929,1261.429,1250.071,25.214,28.143,1545.286,1556.643,,,fbs,,,Conference USA,1.295381,0.17,2.704393,0.302632,3.783784,0.154319,0.476415,0.420213,0.462,1358.462,1346.231,13,5,6,17660.0,17501.0,0.6154,8,14,14,1488.0,42.0,5,41,1.251716,0.14,3.193974,0.314079,3.733333,0.186878,0.489177,0.439175,17660.0,17501.0,353,394,1.987,1.751,0.723,0.6,0.612,519.93,Jacksonville State,55,0.202304,1.040445,0.999799,0.185665,0.138231,2.983272,2.84071,0.39979,0.452693,0.137494,0.6429,9
,,0.08,52.464,1.295,3.0,1.214,1292.071,1295.214,25.5,26.714,1317.143,1314.0,,,fbs,,,Conference USA,1.225039,0.168,2.979615,0.263333,3.56962,0.165752,0.492669,0.422607,0.231,1391.462,1394.846,13,4,3,18089.0,18133.0,0.6923,9,14,14,1414.0,42.0,4,17,1.333804,0.152,2.866925,0.309598,2.946237,0.153555,0.461187,0.411224,18089.0,18133.0,357,374,1.343,4.635,4.392,0.8288,0.8331,338.87,Kennesaw State,338,0.190129,0.984317,0.97158,0.286973,0.107951,2.862937,3.083146,0.405477,0.449385,0.15205,0.7143,10
,,-3.451,50.396,-4.368,2.833,-0.917,1299.25,1294.167,26.5,25.583,1461.75,1466.833,,,fbs,,,Conference USA,1.299803,0.132,3.143735,0.322314,3.551282,0.203934,0.455882,0.414758,-2.909,1417.364,1411.818,11,8,-32,15591.0,15530.0,0.2727,3,12,12,1441.0,34.0,8,-11,1.206573,0.159,2.879873,0.306034,3.677419,0.167218,0.487002,0.435105,15591.0,15530.0,318,307,-3.491,-1.17,-1.691,0.2371,0.2546,599.12,Liberty,2335,0.22983,0.970509,0.950062,0.230416,0.165025,2.883776,3.145586,0.427849,0.451899,0.165586,0.3333,4
,,-1.744,48.301,4.795,2.846,6.538,1221.154,1223.769,20.769,27.308,1428.231,1425.615,,,fbs,,,Conference USA,1.359195,0.195,2.656061,0.293578,3.074627,0.045351,0.414634,0.370699,5.083,1322.917,1325.75,12,5,61,15875.0,15909.0,0.5833,7,13,13,1429.0,37.0,5,85,1.227253,0.147,2.990541,0.258687,3.319444,0.141238,0.466338,0.404378,15875.0,15909.0,270,355,3.422,4.465,4.022,0.5793,0.5886,493.5,Louisiana Tech,2348,0.125542,1.007277,1.012053,0.204766,0.128288,2.942616,2.794359,0.38835,0.40521,0.131322,0.6154,8
,,4.694,51.472,-3.806,2.833,-8.5,1241.167,1235.833,30.917,22.417,1174.167,1179.5,,,fbs,,,Conference USA,1.279341,0.157,2.575616,0.313559,4.027027,0.209874,0.493849,0.440994,-7.455,1354.0,1348.182,11,8,-82,14894.0,14830.0,0.2727,3,12,12,1164.0,34.0,9,-102,1.219788,0.18,2.886755,0.283088,3.2,0.142399,0.489399,0.422434,14894.0,14830.0,371,269,-0.801,-4.422,-4.06,0.3871,0.3784,520.55,Middle Tennessee,2393,0.23766,0.927852,0.919927,0.204324,0.077414,2.84584,2.707881,0.413078,0.467513,0.139044,0.25,3
,,4.532,53.577,1.378,2.923,-3.154,1304.231,1291.0,28.769,25.615,1342.0,1355.231,,,fbs,,,Conference USA,1.318978,0.15,2.751825,0.274131,3.891892,0.24396,0.49322,0.426384,-6.083,1412.917,1398.583,12,6,-73,16955.0,16783.0,0.5,6,13,13,1344.0,38.0,6,-41,1.487063,0.239,2.472162,0.294118,3.694444,0.171375,0.448463,0.393481,16955.0,16783.0,374,333,0.697,-0.676,-1.9,0.5261,0.5432,426.1,Missouri State,2623,0.242683,0.982681,1.012427,0.275351,0.052523,2.57913,2.857523,0.379161,0.443778,0.14644,0.5385,7
,,7.257,51.458,1.257,2.833,-6.0,1236.083,1229.917,27.583,21.583,1201.917,1208.083,,,fbs,,,Conference USA,1.191115,0.156,2.9898,0.265233,3.285714,0.099323,0.487844,0.418527,-8.0,1348.455,1341.727,11,8,-88,14833.0,14759.0,0.2727,3,12,12,1172.0,34.0,8,-72,1.251432,0.203,2.195894,0.260317,3.214286,0.031141,0.422939,0.364261,14833.0,14759.0,331,259,1.168,-8.058,-8.602,0.2367,0.2536,402.9,New Mexico State,166,0.149316,0.955854,0.930014,0.135108,0.005031,2.48291,3.090266,0.356834,0.450042,0.034589,0.3333,4
,,11.882,52.764,-8.201,2.917,-20.083,1408.25,1370.083,37.833,17.75,1178.417,1216.583,,,fbs,,,Conference USA,1.266208,0.144,2.911111,0.34375,3.852632,0.236775,0.529511,0.47858,-20.083,1408.25,1370.083,12,10,-241,16899.0,16441.0,0.1667,2,12,12,994.0,35.0,10,-241,1.252168,0.2,2.585498,0.213768,2.788462,0.001107,0.446939,0.362924,16899.0,16441.0,454,213,-7.592,-19.169,-19.169,0.2541,0.2541,477.35,Sam Houston,2534,0.235339,1.000835,0.977891,0.043056,0.087063,2.66725,2.971273,0.359146,0.487477,0.023752,0.1667,2
,,4.5,49.778,-2.583,2.917,-7.083,1274.25,1265.5,30.417,23.333,1215.167,1223.917,,,fbs,,,Conference USA,1.212601,0.157,2.57759,0.273356,3.84507,0.100776,0.445561,0.389391,-10.0,1390.091,1380.545,11,10,-110,15291.0,15186.0,0.0909,1,12,12,1135.0,35.0,10,-85,1.452336,0.186,2.155102,0.234201,3.418182,0.012784,0.376923,0.328264,15291.0,15186.0,365,280,-6.85,-10.323,-11.303,0.0736,0.0986,551.88,UTEP,2638,0.140601,1.010506,0.957112,0.04887,0.043377,2.334757,2.805383,0.315414,0.419806,-0.005092,0.1667,2
,,-2.897,56.449,3.795,2.846,6.692,1265.154,1265.077,22.846,29.538,1402.692,1402.769,,,fbs,,,Conference USA,1.336222,0.161,2.878795,0.261682,2.719512,0.096173,0.416799,0.364496,3.167,1370.583,1370.5,12,4,38,16447.0,16446.0,0.6667,8,13,13,1401.0,37.0,4,87,1.204288,0.151,3.009114,0.338926,4.209877,0.165711,0.480583,0.434498,16447.0,16446.0,297,384,3.87,3.911,2.821,0.5262,0.5373,561.36,Western Kentucky,98,0.153262,0.926953,1.007084,0.195943,0.082037,2.982158,2.962251,0.409358,0.403953,0.126231,0.6923,9
9,6,-19.917,55.417,4.5,3.0,24.417,1543.5,1549.333,17.583,42.0,2187.083,2181.25,11,10,fbs,9,5,FBS Independents,1.244048,0.184,2.799458,0.265101,2.575758,0.023058,0.41954,0.363415,24.417,1543.5,1549.333,12,2,293,18522.0,18592.0,0.8333,10,12,12,2243.0,36.0,2,293,1.496671,0.134,2.867303,0.409283,4.792683,0.332613,0.486792,0.462842,18522.0,18592.0,211,504,5.644,30.315,30.315,0.9466,0.9466,912.11,Notre Dame,87,0.028467,1.0869,0.931751,0.376222,0.192647,2.898676,2.779481,0.478209,0.34991,0.297044,0.8333,10
,,-6.321,55.346,1.987,2.846,8.308,1244.769,1246.538,27.0,35.308,1506.231,1504.462,,,fbs,,,FBS Independents,1.183562,0.148,3.349902,0.326848,3.8,0.208044,0.513081,0.462434,5.167,1348.5,1350.417,12,4,62,16182.0,16205.0,0.6667,8,13,13,1554.0,37.0,4,108,1.341891,0.119,2.975064,0.298893,4.580247,0.312234,0.532203,0.458769,16182.0,16205.0,351,459,2.892,8.355,7.378,0.8124,0.8172,568.12,UConn,41,0.242933,0.967634,0.948826,0.318551,0.123618,2.941003,3.3951,0.427319,0.494028,0.208167,0.6923,9
,,6.174,49.361,1.007,2.917,-5.167,1155.333,1143.333,27.417,22.25,1064.333,1076.333,,,fbs,,,Mid-American,1.312442,0.173,2.906098,0.264317,3.684932,0.145648,0.45922,0.403287,-9.636,1260.364,1247.273,11,7,-106,13864.0,13720.0,0.3636,4,12,12,1101.0,35.0,7,-62,1.180533,0.179,2.83875,0.276224,3.253333,0.070164,0.455516,0.395047,13864.0,13720.0,329,267,2.496,0.372,-1.643,0.5115,0.5331,537.21,Akron,2006,0.224344,0.889704,0.96934,0.173969,0.002352,2.689618,3.07663,0.354828,0.463247,0.045828,0.4167,5
,,12.826,47.167,-1.174,2.917,-14.0,1243.75,1225.917,29.833,15.833,1062.917,1080.75,,,fbs,,,Mid-American,1.262002,0.14,2.947887,0.329167,3.565789,0.182677,0.496454,0.446517,-15.727,1356.818,1337.364,11,8,-173,14925.0,14711.0,0.2727,3,12,12,1010.0,35.0,8,-168,1.322089,0.21,2.509677,0.218868,2.706897,-0.001315,0.384289,0.324728,14925.0,14711.0,358,190,-2.504,-14.62,-15.269,0.2497,0.2737,495.35,Ball State,2050,0.198699,0.982861,0.981438,0.060815,0.019343,2.481865,2.903583,0.299071,0.463969,0.006683,0.3333,4
,,2.062,47.854,-1.688,2.833,-3.75,1204.833,1188.083,24.25,20.5,1354.167,1370.917,,,fbs,,,Mid-American,1.30372,0.19,2.708929,0.300847,3.442857,0.146196,0.454728,0.405184,-5.818,1314.364,1296.091,11,8,-64,14458.0,14257.0,0.2727,3,12,12,1260.0,34.0,8,-45,1.239441,0.16,2.885102,0.257812,3.190476,0.026926,0.410609,0.359477,14458.0,14257.0,291,246,-2.021,-0.392,-0.874,0.3058,0.3226,527.31,Bowling Green,189,0.18553,0.986921,1.007342,0.113756,0.057973,2.78044,2.848824,0.333784,0.4406,0.032683,0.3333,4
,,-5.729,46.396,-5.229,2.917,0.5,1180.5,1170.667,23.5,24.0,1356.667,1366.5,,,fbs,,,Mid-American,1.238878,0.153,2.916993,0.282609,3.069444,0.106759,0.439153,0.3879,-3.0,1287.818,1277.091,11,7,-33,14166.0,14048.0,0.3636,4,12,12,1298.0,35.0,7,6,1.166606,0.161,2.798469,0.270073,3.5,0.080909,0.458111,0.396407,14166.0,14048.0,282,288,-5.259,-3.521,-4.754,0.273,0.2935,513.33,Buffalo,2084,0.171865,0.933696,0.950656,0.152672,-0.024237,2.565088,3.050822,0.341939,0.4382,0.030662,0.4167,5
,,2.244,46.949,1.244,2.923,-1.0,1240.923,1240.692,23.538,22.538,1201.769,1202.0,,,fbs,,,Mid-American,1.168095,0.169,2.930549,0.266917,3.135135,0.08441,0.463866,0.40302,-4.333,1344.333,1344.083,12,6,-52,16132.0,16129.0,0.5,6,13,13,1282.0,38.0,6,-13,1.160794,0.155,2.795202,0.262745,3.6,0.136623,0.472826,0.406444,16132.0,16129.0,306,293,3.313,2.887,1.457,0.5524,0.5694,481.16,Central Michigan,2117,0.152365,0.944045,0.939131,0.315045,0.048467,2.730719,3.009899,0.378835,0.443275,0.123694,0.5385,7
,,5.278,52.014,-0.389,2.917,-5.667,1259.917,1256.25,29.75,24.083,1223.25,1226.917,,,fbs,,,Mid-American,1.294308,0.106,3.170611,0.338521,3.884615,0.250184,0.48532,0.440191,-5.727,1374.455,1370.455,11,7,-63,15119.0,15075.0,0.3636,4,12,12,1239.0,35.0,8,-68,1.233766,0.129,3.056555,0.322709,3.954545,0.199334,0.472759,0.426829,15119.0,15075.0,357,289,2.423,-2.622,-2.547,0.415,0.4022,572.9,Eastern Michigan,2199,0.261451,0.947186,1.011604,0.278629,0.120495,2.992505,3.177979,0.409657,0.471231,0.180916,0.3333,4
,,17.722,50.576,5.389,2.75,-12.333,1234.917,1234.5,33.583,21.25,945.083,945.5,,,fbs,,,Mid-American,1.248791,0.138,3.005285,0.34296,4.289157,0.199295,0.488487,0.442938,-13.818,1347.182,1346.727,11,7,-152,14819.0,14814.0,0.3636,4,12,12,1001.0,33.0,7,-148,1.359239,0.182,2.431536,0.216867,3.416667,0.066401,0.419865,0.346821,14819.0,14814.0,403,255,5.569,-6.463,-6.711,0.4869,0.4988,456.24,Kent State,2309,0.240571,0.958294,0.957345,0.237771,0.035134,2.577799,3.073088,0.347102,0.487487,0.090696,0.4167,5
,,15.25,48.785,-12.25,2.917,-27.5,1237.917,1198.333,38.583,11.083,916.25,955.833,,,fbs,,,Mid-American,1.13748,0.085,3.402529,0.339367,4.636364,0.262044,0.529134,0.48014,-29.909,1350.455,1307.273,11,11,-329,14855.0,14380.0,0.0,0,12,12,718.0,35.0,12,-330,1.177945,0.199,2.121726,0.247492,2.166667,-0.031023,0.389113,0.335849,14855.0,14380.0,463,133,-12.627,-29.5,-30.291,0.0,0.0,488.73,Massachusetts,113,0.304476,0.97684,0.906988,0.039055,0.005961,2.344526,3.34263,0.311438,0.520217,-0.020926,0.0,0
,,-1.497,44.116,0.289,3.0,1.786,1303.429,1294.286,21.714,23.5,1446.929,1456.071,,,fbs,,,Mid-American,1.193579,0.178,2.70744,0.281553,3.388889,0.087664,0.448613,0.392625,-1.0,1403.692,1393.846,13,7,-13,18248.0,18120.0,0.4615,6,14,14,1431.0,42.0,7,25,1.206175,0.133,3.136044,0.272727,3.341463,0.101724,0.45189,0.394399,18248.0,18120.0,304,329,0.336,3.468,2.21,0.5134,0.5305,592.1,Miami (OH),193,0.150148,0.919713,0.951917,0.204055,0.059155,2.964178,2.777167,0.370852,0.426645,0.091695,0.5,7
,,3.688,43.597,-3.562,2.833,-7.25,1209.75,1190.0,24.333,17.083,1331.25,1351.0,,,fbs,,,Mid-American,1.175858,0.112,3.205983,0.36087,3.447368,0.186127,0.476603,0.443618,-8.091,1319.727,1298.182,11,9,-89,14517.0,14280.0,0.1818,2,12,12,1233.0,34.0,9,-87,1.242673,0.13,2.876042,0.228346,3.04,0.046892,0.408537,0.347185,14517.0,14280.0,292,205,-3.075,-5.221,-5.389,0.2255,0.2432,471.01,Northern Illinois,2459,0.241466,1.014893,0.955308,0.117186,0.102751,2.80864,3.211008,0.334614,0.485012,0.068367,0.25,3
,,-5.0,52.141,0.846,2.923,5.846,1274.462,1271.615,21.923,27.769,1590.462,1593.308,,,fbs,,,Mid-American,1.270368,0.149,2.997037,0.277108,2.833333,0.124999,0.472072,0.411692,4.917,1380.667,1377.583,12,4,59,16568.0,16531.0,0.6667,8,13,13,1562.0,38.0,4,76,1.219694,0.123,3.322346,0.332016,3.545455,0.206726,0.496038,0.449095,16568.0,16531.0,285,361,-1.19,8.296,7.957,0.7465,0.756,469.99,Ohio,195,0.148911,1.019683,0.958689,0.222315,0.149998,3.150333,3.025706,0.413189,0.44541,0.146355,0.6923,9
,,-11.872,47.731,5.667,2.923,17.538,1202.538,1217.308,13.308,30.846,1561.923,1547.154,,,fbs,,,Mid-American,1.146615,0.202,2.376457,0.201413,2.45,-0.077675,0.398897,0.331318,14.0,1302.75,1318.75,12,5,168,15633.0,15825.0,0.5833,7,13,13,1651.0,38.0,5,228,1.210189,0.127,3.050547,0.307116,3.857143,0.203723,0.506579,0.445714,15633.0,15825.0,173,401,5.742,19.87,18.563,0.766,0.7734,620.13,Toledo,2649,0.02957,0.921455,0.920997,0.302566,0.105194,2.979044,2.613917,0.418169,0.382331,0.179089,0.6154,8
,,1.193,46.455,8.693,3.0,7.5,1255.786,1270.143,17.357,24.857,1354.0,1339.643,,,fbs,,,Mid-American,1.22809,0.173,2.789908,0.277228,2.833333,0.05267,0.425894,0.375281,5.538,1352.385,1367.846,13,4,72,17581.0,17782.0,0.6923,9,14,14,1442.0,42.0,4,105,1.053475,0.124,3.090032,0.241379,3.352273,0.100444,0.501497,0.422756,17581.0,17782.0,243,348,6.176,9.133,8.221,0.8556,0.861,534.35,Western Michigan,2711,0.082432,0.923082,0.970478,0.144062,0.086135,2.995051,2.874375,0.392788,0.393794,0.082707,0.7143,10
,,0.188,55.361,-0.312,2.917,-0.5,1329.833,1325.5,30.333,29.833,1374.167,1378.5,,,fbs,,,Mountain West,1.366809,0.107,3.270058,0.403061,4.275362,0.401644,0.529528,0.494318,-3.818,1450.727,1446.0,11,8,-42,15958.0,15906.0,0.2727,3,12,12,1386.0,35.0,8,-6,1.201367,0.09,3.270983,0.323232,4.597222,0.286936,0.5248,0.476306,15958.0,15906.0,364,358,2.054,-0.004,-0.829,0.3775,0.3915,,Air Force,2005,0.363985,0.96324,1.062014,0.382016,0.164912,3.019762,3.165563,0.446319,0.502043,0.230365,0.3333,4
25,25,-8.89,55.104,-3.104,3.0,5.786,1410.857,1405.0,24.071,29.857,1634.071,1639.929,,,fbs,25,25,Mountain West,1.427873,0.166,2.970337,0.267267,4.136986,0.099608,0.405505,0.353075,3.385,1519.385,1513.077,13,5,44,19752.0,19670.0,0.6154,8,14,14,1659.0,42.0,5,81,1.301712,0.141,3.017457,0.317003,3.659574,0.174728,0.455474,0.408915,19752.0,19670.0,337,418,-0.226,8.056,7.408,0.7232,0.7293,610.65,Boise State,68,0.098109,0.955059,1.061808,0.245463,0.089096,2.92233,2.920378,0.398464,0.359907,0.144591,0.6429,9
,,3.368,50.653,-8.965,2.917,-12.333,1347.417,1328.5,30.833,18.5,1291.083,1310.0,,,fbs,,,Mountain West,1.28734,0.132,3.266946,0.343478,4.026316,0.237063,0.489967,0.449275,-13.818,1469.909,1449.273,11,10,-152,16169.0,15942.0,0.0909,1,12,12,1155.0,35.0,10,-148,1.210839,0.188,2.964865,0.281481,3.518519,0.122355,0.462322,0.39816,16169.0,15942.0,370,222,-9.904,-16.238,-16.797,0.0622,0.0875,583.71,Colorado State,36,0.240944,0.960651,0.961356,0.23609,0.080944,2.848661,3.282285,0.394116,0.461347,0.139592,0.1667,2
,,-2.763,46.923,4.237,2.923,7.0,1293.538,1298.0,18.769,25.769,1480.077,1475.615,,,fbs,,,Mountain West,1.169277,0.174,2.909856,0.259928,3.261538,0.082908,0.442029,0.381182,3.5,1401.333,1406.167,12,4,42,16816.0,16874.0,0.6667,8,13,13,1517.0,38.0,4,91,1.209558,0.153,2.853518,0.297872,3.292683,0.102818,0.443878,0.396552,16816.0,16874.0,244,335,6.313,7.726,6.297,0.641,0.653,586.84,Fresno State,278,0.126264,0.971505,0.90797,0.201407,0.030133,2.796783,2.996691,0.370184,0.406319,0.070826,0.6923,9
,,-1.186,52.628,3.737,2.923,4.923,1297.615,1313.154,24.077,29.0,1331.0,1315.462,,,fbs,,,Mountain West,1.271096,0.16,3.214767,0.301115,3.347222,0.163303,0.477695,0.418835,3.667,1405.75,1422.583,12,4,44,16869.0,17071.0,0.6667,8,13,13,1459.0,38.0,4,64,1.32475,0.122,2.835569,0.335505,3.772152,0.16742,0.448276,0.41048,16869.0,17071.0,313,377,4.91,5.577,5.055,0.634,0.6468,481.2,Hawai'i,62,0.199071,0.94525,0.972176,0.266254,0.026515,2.735682,3.227042,0.398021,0.443708,0.140406,0.6923,9
,,10.104,49.896,0.187,2.917,-9.917,1374.25,1372.833,27.5,17.583,1239.083,1240.5,,,fbs,,,Mountain West,1.19229,0.144,3.037284,0.262745,4.147059,0.187141,0.503745,0.425856,-11.091,1499.182,1497.636,11,9,-122,16491.0,16474.0,0.1818,2,12,12,1277.0,35.0,9,-119,1.207726,0.174,2.909,0.252,2.666667,0.03366,0.433054,0.370879,16491.0,16474.0,330,211,2.149,-7.426,-7.718,0.3092,0.328,488.69,Nevada,2440,0.192123,0.959275,0.988347,0.116293,0.071454,2.864631,2.962447,0.372156,0.437288,0.066279,0.25,3
,,0.321,53.724,5.09,2.923,4.769,1310.308,1322.846,22.308,27.077,1426.769,1414.231,,,fbs,,,Mountain West,1.233305,0.172,2.63107,0.277372,3.119403,0.111771,0.462107,0.4,4.333,1419.5,1433.083,12,4,52,17034.0,17197.0,0.6667,8,13,13,1500.0,38.0,4,62,1.26448,0.138,3.157702,0.304721,3.955882,0.182442,0.467153,0.418694,17034.0,17197.0,290,352,4.417,6.564,6.469,0.8379,0.8422,378.8,New Mexico,167,0.135482,0.962034,0.989636,0.275939,0.087285,2.959645,2.66709,0.406179,0.402073,0.157722,0.6923,9
,,-3.301,45.949,7.699,2.846,11.0,1312.231,1328.385,15.385,26.385,1476.154,1460.0,,,fbs,,,Mountain West,1.15047,0.152,2.997005,0.237179,2.423729,-0.017873,0.416667,0.354444,8.417,1421.583,1439.083,12,4,101,17059.0,17269.0,0.6667,8,13,13,1521.0,37.0,4,143,1.178537,0.129,3.258955,0.206107,3.513158,0.118066,0.501661,0.412037,17059.0,17269.0,200,343,3.758,8.083,7.329,0.6547,0.6622,594.27,San Diego State,21,0.03827,0.947048,0.944757,0.15094,0.108259,3.072043,2.984088,0.402438,0.38314,0.104291,0.6923,9
,,0.576,53.847,-10.507,2.917,-11.083,1301.25,1273.083,32.5,21.417,1361.833,1390.0,,,fbs,,,Mountain West,1.278241,0.121,3.045374,0.28125,4.0375,0.203586,0.488616,0.424426,-12.364,1419.545,1388.818,11,9,-136,15615.0,15277.0,0.1818,2,12,12,1146.0,35.0,9,-133,1.245763,0.154,3.10609,0.30916,2.772727,0.171799,0.490942,0.432432,15615.0,15277.0,390,257,-15.987,-16.24,-16.972,0.1536,0.1846,522.91,San José State,23,0.206383,0.927666,0.926171,0.230244,0.094485,3.019295,3.038655,0.422416,0.447401,0.155046,0.25,3
,,-4.521,60.062,1.551,2.929,6.071,1334.214,1334.429,28.0,34.071,1621.538,1621.308,,,fbs,,,Mountain West,1.324844,0.149,3.148889,0.31058,3.781609,0.210101,0.49923,0.440552,6.0,1436.846,1437.077,13,4,78,18679.0,18682.0,0.6923,9,14,14,1644.0,41.0,4,85,1.359364,0.16,3.202972,0.362676,4.447059,0.297867,0.511664,0.466019,18679.0,18682.0,392,477,4.708,7.168,7.171,0.6587,0.665,700.54,UNLV,2439,0.225997,1.022677,1.0178,0.326496,0.184383,3.025015,3.147171,0.448369,0.455741,0.253822,0.7143,10
,,2.205,57.397,4.436,2.923,2.231,1356.846,1359.769,28.692,30.923,1415.846,1412.923,,,fbs,,,Mountain West,1.264831,0.134,3.20303,0.324324,3.768293,0.197736,0.471098,0.427126,-1.0,1469.917,1473.083,12,7,-12,17639.0,17677.0,0.4167,5,13,13,1462.0,38.0,7,29,1.348184,0.161,2.883933,0.302083,4.486111,0.20469,0.464286,0.410959,17639.0,17677.0,373,402,4.816,3.76,2.326,0.4166,0.4383,503.59,Utah State,328,0.194629,1.034659,0.966448,0.245715,0.129781,2.819443,3.167576,0.394509,0.439501,0.166274,0.4615,6
,,3.007,46.611,-1.493,2.917,-4.5,1339.083,1333.083,20.5,16.0,1350.0,1356.0,,,fbs,,,Mountain West,1.211697,0.13,2.976072,0.266904,2.769231,0.068912,0.435185,0.377588,-7.091,1460.818,1454.273,11,8,-78,16069.0,15997.0,0.2727,3,12,12,1295.0,35.0,8,-54,1.168277,0.187,2.776684,0.24911,2.901961,0.048684,0.44717,0.378545,16069.0,15997.0,246,192,-5.356,-8.243,-9.161,0.1773,0.2001,489.33,Wyoming,2751,0.110151,0.957488,0.955281,0.14053,0.006621,2.692439,2.94611,0.348134,0.395307,0.0291,0.3333,4
,,4.118,51.056,-7.132,2.917,-11.25,1348.25,1326.917,29.417,18.167,1270.583,1291.917,,,fbs,,,Pac-12,1.405307,0.172,2.629367,0.29249,3.405405,0.183475,0.436149,0.388451,-15.182,1470.818,1447.545,11,10,-167,16179.0,15923.0,0.0909,1,12,12,1150.0,35.0,10,-135,1.075088,0.163,2.830867,0.277778,2.891892,0.061805,0.490662,0.423749,16179.0,15923.0,353,218,-8.549,-10.743,-14.483,0.1211,0.1918,667.99,Oregon State,204,0.202374,0.866757,0.957544,0.183567,0.019734,2.773183,2.846301,0.415658,0.407012,0.08239,0.1667,2
,,4.128,49.545,6.436,2.846,2.308,1388.308,1390.538,20.231,22.538,1446.385,1444.154,,,fbs,,,Pac-12,1.080111,0.145,2.99196,0.234568,3.138889,0.091978,0.500911,0.419192,2.25,1504.0,1506.417,12,6,27,18048.0,18077.0,0.5,6,13,13,1533.0,37.0,6,30,1.114411,0.157,2.767064,0.275,3.929577,0.125976,0.484483,0.416279,18048.0,18077.0,263,293,9.639,7.43,7.535,0.5223,0.5334,569.46,Washington State,265,0.093983,0.91467,0.913148,0.251714,0.095212,2.912638,2.962504,0.439298,0.405414,0.158525,0.5385,7
11,8,-10.989,50.2,-0.656,3.0,10.333,1633.4,1635.6,19.2,29.533,1937.133,1934.933,9,4,fbs,11,8,SEC,1.244547,0.177,2.728099,0.272446,3.652174,0.071133,0.429048,0.374187,7.071,1750.071,1752.429,14,4,99,24501.0,24534.0,0.7143,10,15,15,1917.0,45.0,4,155,1.271562,0.135,2.805936,0.331081,4.042105,0.207814,0.475177,0.432567,24501.0,24534.0,288,443,-3.004,9.044,2.199,0.6329,0.6796,993.55,Alabama,333,0.069859,0.921346,0.973892,0.340619,0.080279,2.946439,2.789493,0.454924,0.360738,0.235922,0.7333,11
,,-3.431,60.708,-4.347,2.833,-0.917,1599.833,1599.583,33.833,32.917,1615.917,1616.167,,,fbs,,,SEC,1.280871,0.154,2.93223,0.359375,4.2125,0.247709,0.505319,0.459756,-5.091,1745.273,1745.0,11,10,-56,19198.0,19195.0,0.0909,1,12,12,1571.0,34.0,10,-11,1.333967,0.169,3.380052,0.376033,4.2,0.302206,0.535649,0.486692,19198.0,19195.0,406,395,-5.092,-6.844,-8.104,0.0286,0.0516,772.64,Arkansas,8,0.210491,1.014688,0.959949,0.333623,0.247128,3.340182,2.937248,0.509776,0.435868,0.293675,0.1667,2
22,24,-6.104,49.986,-0.021,2.917,6.083,1530.667,1538.667,20.667,26.75,1668.917,1660.917,,,fbs,25,25,SEC,1.289063,0.166,2.225897,0.298507,3.373134,0.059921,0.411111,0.373762,2.545,1669.818,1678.545,11,7,28,18368.0,18464.0,0.3636,4,12,12,1670.0,35.0,7,73,1.153812,0.168,3.127033,0.273438,3.903226,0.172707,0.507881,0.435308,18368.0,18464.0,248,321,1.261,5.81,-2.243,0.2113,0.3458,891.84,Auburn,2,0.050958,0.952912,0.933758,0.157953,0.185668,3.153895,2.340514,0.451041,0.355334,0.162361,0.4167,5
13,15,-2.701,50.826,-5.118,2.833,-2.417,1618.75,1611.667,24.0,21.583,1623.667,1630.75,,,fbs,15,17,SEC,1.247851,0.145,2.774942,0.274194,3.460526,0.171553,0.5,0.429293,-7.636,1765.909,1758.182,11,8,-84,19425.0,19340.0,0.2727,3,12,12,1593.0,34.0,8,-29,1.102139,0.152,3.274451,0.274419,4.0,0.13848,0.490637,0.428571,19425.0,19340.0,288,259,-4.007,-5.261,-6.666,0.3181,0.3337,898.58,Florida,57,0.148595,0.88277,0.963406,0.222877,0.12249,3.215265,2.817782,0.448057,0.404885,0.158678,0.3333,4
2,5,-14.964,52.625,-0.464,3.0,14.5,1575.214,1579.429,17.571,32.071,2042.357,2038.143,3,5,fbs,2,4,SEC,1.150396,0.151,2.547554,0.252788,3.672414,0.093092,0.448041,0.386682,13.923,1696.385,1700.923,13,2,181,22053.0,22112.0,0.8462,11,14,14,2064.0,42.0,2,203,1.146757,0.134,3.039037,0.313131,4.790698,0.244787,0.53662,0.470705,22053.0,22112.0,246,449,3.161,16.602,16.484,0.9457,0.9469,1002.98,Georgia,61,0.090692,0.956498,0.901148,0.337485,0.13099,2.999695,2.628628,0.467511,0.362831,0.242827,0.8571,12
,,1.382,48.833,-2.035,2.917,-3.417,1572.083,1569.333,26.417,23.0,1540.667,1543.417,,,fbs,,,SEC,1.220459,0.147,2.854087,0.301205,3.984848,0.169908,0.495528,0.435644,-6.636,1715.0,1712.0,11,7,-73,18865.0,18832.0,0.3636,4,12,12,1465.0,35.0,7,-41,1.139338,0.177,3.111029,0.286853,3.84127,0.093028,0.496403,0.431227,18865.0,18832.0,317,276,-5.237,-6.688,-12.583,0.3004,0.3929,763.18,Kentucky,96,0.126169,0.8927,0.942083,0.207222,0.076456,3.092628,2.777257,0.432306,0.399985,0.105689,0.4167,5
20,9,-7.224,50.365,-4.224,2.846,3.0,1562.154,1558.846,19.846,22.846,1720.231,1723.538,,,fbs,19,9,SEC,1.248472,0.17,2.630882,0.288194,3.25,0.08393,0.435169,0.385429,-0.583,1692.333,1688.75,12,6,-7,20308.0,20265.0,0.5,6,13,13,1691.0,37.0,6,39,1.222215,0.179,2.506838,0.31058,3.35443,0.086979,0.447124,0.399038,20308.0,20265.0,258,297,-5.138,-0.986,-2.796,0.4546,0.4748,920.05,LSU,99,0.06345,0.935281,0.940384,0.201525,0.041236,2.660556,2.624444,0.404145,0.362552,0.083249,0.5385,7
,,-0.41,56.231,-0.256,2.923,0.154,1554.769,1559.077,30.231,30.385,1488.462,1484.154,,,fbs,,,SEC,1.260208,0.135,3.358491,0.3,3.675325,0.204825,0.492754,0.432852,-5.083,1684.333,1689.0,12,8,-61,20212.0,20268.0,0.3333,4,13,13,1491.0,38.0,8,2,1.280071,0.182,2.917949,0.286164,4.413333,0.153029,0.487961,0.419766,20212.0,20268.0,393,395,-3.678,-8.131,-10.629,0.2061,0.2331,770.48,Mississippi State,344,0.172076,0.963937,0.942669,0.229072,0.101201,2.871402,3.196218,0.425756,0.414102,0.147804,0.3846,5
25,25,-9.782,49.404,1.526,2.923,11.308,1499.846,1508.308,18.923,30.231,1747.462,1739.0,22,22,fbs,21,22,SEC,1.234188,0.198,2.687863,0.268817,3.363636,0.025608,0.391892,0.348808,7.667,1624.833,1634.0,12,5,92,19498.0,19608.0,0.5833,7,13,13,1765.0,38.0,5,147,1.221774,0.128,3.132514,0.328302,3.85,0.210783,0.503759,0.453763,19498.0,19608.0,246,393,1.42,5.741,4.592,0.5471,0.5574,804.77,Missouri,142,0.049112,1.021041,0.956036,0.173174,0.195749,3.090484,2.655329,0.44629,0.334179,0.178373,0.6154,8
8,18,-10.397,47.737,0.372,2.923,10.769,1552.692,1565.0,15.462,26.231,1765.231,1752.923,8,12,fbs,8,10,SEC,1.334857,0.227,1.977632,0.242812,2.619048,-0.015765,0.345489,0.306954,9.0,1682.083,1695.417,12,3,108,20185.0,20345.0,0.75,9,13,13,1823.0,38.0,3,140,1.243163,0.167,2.749877,0.280277,3.767123,0.106763,0.464286,0.403649,20185.0,20345.0,201,341,0.84,7.65,7.076,0.8276,0.8316,882.59,Oklahoma,201,0.001253,0.947048,1.004257,0.203349,0.053827,2.859479,2.190684,0.415959,0.300208,0.118455,0.7692,10
6,21,-11.506,57.333,4.361,2.933,15.867,1551.733,1563.133,21.067,36.933,1968.333,1956.933,6,6,fbs,6,15,SEC,1.290136,0.167,3.012055,0.282353,3.097561,0.109891,0.442771,0.388446,13.5,1662.571,1674.786,14,2,189,23276.0,23447.0,0.8571,12,15,15,1960.0,44.0,2,238,1.27929,0.133,2.870683,0.385906,4.438596,0.307296,0.521092,0.484601,23276.0,23447.0,316,554,3.403,16.633,12.319,0.8919,0.9046,813.11,Ole Miss,145,0.12937,0.966993,1.022,0.416839,0.155355,2.926874,3.026637,0.487309,0.378615,0.302776,0.8667,13
11,13,-1.771,48.729,-1.188,2.917,0.583,1573.083,1572.333,22.083,22.667,1672.917,1673.667,,,fbs,24,13,SEC,1.174648,0.16,2.633012,0.296748,3.151515,0.078663,0.470796,0.418002,-1.909,1716.091,1715.273,11,8,-21,18877.0,18868.0,0.2727,3,12,12,1697.0,35.0,8,7,1.324055,0.198,2.878976,0.260223,2.612903,0.10486,0.449485,0.381963,18877.0,18868.0,265,272,0.84,1.121,0.349,0.2428,0.2639,833.26,South Carolina,2579,0.082791,1.000758,0.927037,0.218791,0.115299,2.981812,2.650324,0.418464,0.402125,0.135115,0.3333,4
18,24,-12.179,59.974,-1.256,2.923,10.923,1494.154,1495.0,28.846,39.769,1817.308,1816.462,19,25,fbs,23,18,SEC,1.14727,0.184,2.89154,0.275261,4.0875,0.146071,0.522551,0.446237,7.25,1618.667,1619.583,12,5,87,19424.0,19435.0,0.5833,7,13,13,1799.0,38.0,5,142,1.249469,0.124,3.050951,0.34413,4.685393,0.316398,0.560519,0.503719,19424.0,19435.0,375,517,-3.474,7.347,6.011,0.5689,0.5806,866.57,Tennessee,2633,0.147137,0.958429,0.908181,0.329705,0.191797,3.043238,2.871201,0.496067,0.439053,0.271848,0.6154,8
14,1,-11.814,49.679,-1.66,2.923,10.154,1649.077,1654.077,20.308,30.462,1913.308,1908.308,13,11,fbs,14,1,SEC,1.178447,0.179,2.636132,0.27551,3.765625,0.098275,0.449833,0.392377,10.154,1649.077,1654.077,13,3,132,21438.0,21503.0,0.7692,10,13,13,1898.0,38.0,3,132,1.36564,0.159,2.825,0.326316,3.517647,0.178628,0.444444,0.404508,21438.0,21503.0,264,396,-0.44,6.219,6.219,0.7877,0.7877,973.54,Texas,251,0.082481,0.945256,0.921992,0.287038,0.098319,2.935258,2.617973,0.423244,0.36735,0.189303,0.7692,10
7,19,-13.359,53.026,-0.59,2.923,12.769,1569.846,1585.077,21.0,33.769,1817.077,1801.846,7,3,fbs,7,21,SEC,1.43973,0.214,2.603252,0.219745,3.912281,0.117666,0.414583,0.337531,9.833,1700.667,1717.167,12,2,118,20408.0,20606.0,0.8333,10,13,13,1878.0,38.0,2,166,1.229547,0.111,3.098129,0.289474,4.141304,0.233098,0.524181,0.455347,20408.0,20606.0,273,439,-1.844,13.682,7.248,0.7528,0.7918,917.29,Texas A&M,245,0.122168,0.956859,1.056979,0.373884,0.151055,3.106623,2.7543,0.483466,0.338627,0.255671,0.8462,11
13,15,-6.551,51.987,9.064,2.846,15.615,1546.308,1575.769,22.846,38.462,1739.0,1709.538,14,16,fbs,12,15,SEC,1.306494,0.171,2.626816,0.311419,3.901408,0.190992,0.474061,0.418632,13.417,1675.167,1707.083,12,3,161,20102.0,20485.0,0.75,9,13,13,1884.0,37.0,3,203,1.415498,0.129,3.244271,0.463303,5.0,0.412763,0.517707,0.503083,20102.0,20485.0,297,500,11.123,14.796,14.13,0.8146,0.8191,685.42,Vanderbilt,238,0.189388,1.096869,0.951557,0.439544,0.259084,3.169099,2.674889,0.506591,0.415805,0.377209,0.7692,10
,,0.115,55.872,-5.5,2.923,-5.615,1267.231,1250.923,29.769,24.154,1330.615,1346.923,,,fbs,,,Sun Belt,1.191213,0.165,2.870495,0.331104,4.243902,0.180265,0.502311,0.448312,-6.667,1372.833,1355.167,12,8,-80,16474.0,16262.0,0.3333,4,13,13,1253.0,38.0,8,-73,1.193944,0.167,2.97892,0.308442,3.5,0.097354,0.458199,0.408602,16474.0,16262.0,387,314,-4.664,-7.537,-7.932,0.2984,0.3169,611.31,App State,2026,0.213,0.913967,0.932774,0.185047,0.060405,2.829104,2.922249,0.3842,0.467384,0.082409,0.3846,5
,,4.538,57.083,2.308,2.769,-2.231,1284.923,1282.846,27.385,25.154,1273.923,1276.0,,,fbs,,,Sun Belt,1.293492,0.155,2.747222,0.32,3.9,0.192424,0.485804,0.435644,-3.917,1392.0,1389.75,12,6,-47,16704.0,16677.0,0.5,6,13,13,1301.0,36.0,6,-29,1.154094,0.178,2.573239,0.287671,3.306818,0.09019,0.474601,0.41896,16704.0,16677.0,356,327,2.761,-0.55,-1.004,0.5541,0.5647,591.27,Arkansas State,2032,0.191808,0.887926,0.982718,0.161354,0.000586,2.647889,2.794056,0.386412,0.448832,0.047686,0.5385,7
,,7.731,52.891,-3.192,2.923,-10.923,1349.615,1333.0,33.077,22.154,1236.769,1253.385,,,fbs,,,Sun Belt,1.267308,0.153,3.083984,0.323024,3.606383,0.202609,0.493939,0.44164,-12.917,1462.083,1444.083,12,7,-155,17545.0,17329.0,0.4167,5,13,13,1165.0,38.0,7,-142,1.255828,0.185,2.627152,0.266234,3.8,0.062278,0.413547,0.361335,17545.0,17329.0,430,288,-4.47,-15.338,-16.1,0.3843,0.4004,610.88,Coastal Carolina,324,0.221727,0.97114,0.99917,0.144091,0.060905,2.696837,3.012925,0.358241,0.455055,0.0813,0.4615,6
,,2.147,58.885,-2.237,2.923,-4.385,1329.462,1318.462,32.308,27.923,1321.0,1332.0,,,fbs,,,Sun Belt,1.24445,0.15,3.351731,0.362637,4.206897,0.26657,0.54,0.487541,-7.083,1440.25,1428.333,12,6,-85,17283.0,17140.0,0.5,6,13,13,1277.0,38.0,6,-57,1.229378,0.136,3.216473,0.35316,4.08642,0.200708,0.478605,0.441111,17283.0,17140.0,420,363,-0.958,-4.642,-5.899,0.5874,0.6027,574.48,Georgia Southern,290,0.282599,0.951682,1.019066,0.261586,0.14039,3.090779,3.247824,0.41714,0.505847,0.178029,0.5385,7
,,11.292,56.889,-6.792,2.917,-18.083,1403.917,1385.667,37.833,19.75,1135.583,1153.833,,,fbs,,,Sun Belt,1.26192,0.127,3.157652,0.37395,4.445652,0.275287,0.496711,0.462175,-21.182,1531.545,1511.636,11,11,-233,16847.0,16628.0,0.0,0,12,12,1112.0,35.0,11,-217,1.248024,0.16,2.896919,0.311419,3.389831,0.130407,0.450704,0.403734,16847.0,16628.0,454,237,-2.469,-15.088,-16.116,0.0,0.032,611.97,Georgia State,2247,0.244498,0.924854,0.961211,0.203773,0.066499,2.896919,3.093618,0.394185,0.457936,0.110161,0.0833,1
19,19,-11.375,50.994,7.339,2.929,18.714,1349.071,1368.929,18.357,37.071,1763.357,1743.5,24,25,fbs,19,20,Sun Belt,1.418117,0.199,2.280779,0.22619,3.408163,0.001796,0.350495,0.300832,17.462,1452.846,1474.231,13,2,227,18887.0,19165.0,0.8462,11,14,14,1927.0,41.0,2,262,1.301126,0.132,3.235456,0.310458,3.980392,0.225287,0.515239,0.452261,18887.0,19165.0,257,519,7.662,23.9,23.695,0.9598,0.9605,459.53,James Madison,256,0.040173,1.010448,1.003103,0.278594,0.178719,3.073428,2.492661,0.436856,0.312851,0.202371,0.8571,12
,,1.853,51.532,-1.378,2.923,-3.231,1292.769,1282.0,29.231,26.0,1368.154,1378.923,,,fbs,,,Sun Belt,1.189963,0.135,3.298109,0.287611,3.329268,0.195547,0.523292,0.462069,-5.5,1400.5,1388.833,12,7,-66,16806.0,16666.0,0.4167,5,13,13,1351.0,38.0,7,-42,1.203864,0.16,2.895579,0.257951,3.447368,0.113054,0.44964,0.384982,16806.0,16666.0,380,338,0.301,-0.923,-1.637,0.6481,0.6579,585.82,Louisiana,309,0.215825,0.951112,0.965505,0.16666,0.097002,2.87071,3.307231,0.378481,0.477986,0.092919,0.4615,6
,,0.938,55.069,1.438,2.917,0.5,1317.167,1308.333,30.25,30.75,1515.167,1524.0,,,fbs,,,Sun Belt,1.40148,0.157,2.629268,0.289562,3.621212,0.160356,0.435374,0.386441,-2.273,1436.909,1427.273,11,7,-25,15806.0,15700.0,0.3636,4,12,12,1468.0,35.0,7,6,1.134222,0.13,2.96099,0.294821,3.893333,0.160986,0.497545,0.438515,15806.0,15700.0,363,369,-2.484,-0.558,-1.593,0.3172,0.3389,590.64,Marshall,276,0.162508,0.914198,0.962719,0.296147,0.053174,2.975358,2.741344,0.425635,0.403586,0.14505,0.4167,5
,,-8.647,54.603,4.814,2.923,13.462,1307.308,1321.923,18.538,32.0,1547.538,1532.923,,,fbs,,,Sun Belt,1.088419,0.186,2.861822,0.255245,3.028986,0.018271,0.434231,0.378408,10.583,1416.25,1432.083,12,3,127,16995.0,17185.0,0.75,9,13,13,1627.0,38.0,3,175,1.275183,0.138,3.218216,0.333333,3.94186,0.236495,0.50234,0.454241,16995.0,17185.0,241,416,3.447,16.625,15.759,0.841,0.8453,477.45,Old Dominion,295,0.045763,0.94099,0.880741,0.285363,0.125433,3.11249,2.828638,0.439352,0.388699,0.178612,0.7692,10
,,-0.236,54.181,-4.153,2.833,-3.917,1267.667,1249.417,30.417,26.5,1433.75,1452.0,,,fbs,,,Sun Belt,1.266974,0.146,3.153061,0.292776,4.352113,0.240423,0.501866,0.433041,-5.818,1382.909,1363.0,11,8,-64,15212.0,14993.0,0.2727,3,12,12,1336.0,34.0,8,-47,1.201003,0.13,3.073938,0.274809,4.013333,0.160181,0.480865,0.418308,15212.0,14993.0,365,318,-3.254,-3.953,-4.467,0.4093,0.4235,544.87,South Alabama,6,0.237437,0.999253,0.946693,0.186845,0.128261,2.95323,3.154787,0.393717,0.443734,0.130183,0.3333,4
,,-3.179,55.532,-1.795,2.923,1.385,1267.923,1279.923,27.385,28.769,1251.923,1239.923,,,fbs,,,Sun Belt,1.215023,0.174,3.042012,0.292605,3.936709,0.115779,0.473364,0.415289,0.0,1373.583,1386.583,12,6,0,16483.0,16639.0,0.5,6,13,13,1282.0,38.0,6,18,1.333021,0.163,3.011213,0.308917,3.595238,0.162536,0.440135,0.394708,16483.0,16639.0,356,374,-6.513,-1.892,-2.439,0.4171,0.4327,602.53,Southern Miss,2572,0.155866,0.941898,0.969976,0.219455,0.090345,2.921863,3.025585,0.372266,0.439363,0.129776,0.5385,7
,,-6.962,60.359,0.5,2.923,7.462,1277.077,1278.077,29.0,36.462,1564.615,1563.615,,,fbs,,,Sun Belt,1.301951,0.157,2.706814,0.322684,3.97561,0.157863,0.454259,0.410771,5.417,1383.5,1384.583,12,6,65,16602.0,16615.0,0.5,6,13,13,1572.0,38.0,6,97,1.345989,0.122,3.103405,0.369718,4.423529,0.310673,0.494876,0.458118,16602.0,16615.0,377,474,1.566,8.411,7.524,0.5653,0.581,612.16,Texas State,326,0.204844,1.050148,0.999782,0.325644,0.217293,3.0328,2.825182,0.453687,0.439254,0.268902,0.5385,7
,,3.339,49.202,2.911,2.929,-0.429,1341.357,1334.786,23.929,23.5,1431.429,1438.0,,,fbs,,,Sun Belt,1.287191,0.164,3.007977,0.274448,3.174419,0.112433,0.458333,0.396387,-1.846,1444.538,1437.462,13,6,-24,18779.0,18687.0,0.5385,7,14,14,1387.0,41.0,6,-6,1.296392,0.196,2.796629,0.27673,3.671642,0.080908,0.430868,0.378723,18779.0,18687.0,335,329,2.691,-2.313,-2.702,0.5483,0.5568,561.87,Troy,2653,0.13443,0.914252,0.960551,0.163245,0.011443,2.720597,2.96937,0.366507,0.413042,0.067444,0.5714,8
,,7.347,49.708,-7.986,2.833,-15.333,1301.583,1279.5,31.917,16.583,1082.167,1104.25,,,fbs,,,Sun Belt,1.350788,0.144,2.863158,0.313253,4.207792,0.187007,0.447552,0.406821,-19.364,1419.909,1395.818,11,9,-213,15619.0,15354.0,0.1818,2,12,12,1016.0,34.0,9,-184,1.368489,0.205,2.741912,0.268382,3.186441,0.079848,0.429185,0.369919,15619.0,15354.0,383,199,-4.829,-14.91,-15.955,0.0844,0.1057,473.34,UL Monroe,2433,0.214201,0.994686,0.998051,0.222305,0.034387,2.688648,2.876987,0.357565,0.431834,0.08086,0.25,3
